name,assignment_id,Class,dataset,rscore,rscore2,Rscore,x,y,farea,fprop,cntry,year,label_group,usage,label,image
ZM0051749,1288.0,2,v2.0.0,,,0.8117408906882592,30.9415,-8.8925,0.2791852977705556,0.2205636160714285,ZM,2017,3,train,3cl/v2-0-0/labels/ZM0051749_1288_2017-08.tif,3cl/v2-0-0/images/ZM0051749_2017-08.tif
ZM1101510,1320.0,2,v2.0.0,,,0.8117408906882592,26.5565,-13.2525,0.6036238101516803,0.088428731,ZM,2022,3,train,3cl/v2-0-0/labels/ZM1101510_1320_2022-06.tif,3cl/v2-0-0/images/ZM1101510_2022-06.tif
ZM1363134,1326.0,2,v2.0.0,,,0.6625,29.0515,-13.8625,1.318766920571583,0.744140625,ZM,2018,3,train,3cl/v2-0-0/labels/ZM1363134_1326_2018-08.tif,3cl/v2-0-0/images/ZM1363134_2018-08.tif
ZM1488720,1329.0,2,v2.0.0,1.0,0.0,0.6625,29.2365,-14.1475,1.9323095067173823,0.4106146364795918,ZM,2020,3,train,3cl/v2-0-0/labels/ZM1488720_1329_2020-07.tif,3cl/v2-0-0/images/ZM1488720_2020-07.tif
ZM1552842,1330.0,2,v2.0.0,1.0,0.0,0.6625,31.4215,-14.2975,0.4161288761880578,0.6189014668367347,ZM,2018,3,train,3cl/v2-0-0/labels/ZM1552842_1330_2018-02.tif,3cl/v2-0-0/images/ZM1552842_2018-02.tif
ZM0646110,1387.0,2,v2.0.0,,,0.7282051282051282,33.1665,-11.8775,0.5974829683963919,0.7292330994897959,ZM,2020,3,train,3cl/v2-0-0/labels/ZM0646110_1387_2020-09.tif,3cl/v2-0-0/images/ZM0646110_2020-09.tif
ZM1686111,1397.0,2,v2.0.0,,,0.7282051282051282,27.6815,-14.6375,1.0377893758860255,0.3523198341836734,ZM,2017,3,train,3cl/v2-0-0/labels/ZM1686111_1397_2017-08.tif,3cl/v2-0-0/images/ZM1686111_2017-08.tif
ZM1868563,1408.0,2,v2.0.0,,,0.7282051282051282,28.4665,-15.1675,16.860482805114984,0.4727558992346938,ZM,2022,3,train,3cl/v2-0-0/labels/ZM1868563_1408_2022-06.tif,3cl/v2-0-0/images/ZM1868563_2022-06.tif
ZM1856835,1412.0,2,v2.0.0,,,0.7282051282051282,27.5315,-15.1325,0.490893603,0.052315848,ZM,2020,3,train,3cl/v2-0-0/labels/ZM1856835_1412_2020-07.tif,3cl/v2-0-0/images/ZM1856835_2020-07.tif
ZM2061144,1414.0,2,v2.0.0,,,0.7282051282051282,28.2265,-15.7575,0.1709270273857703,0.1544164540816326,ZM,2017,3,train,3cl/v2-0-0/labels/ZM2061144_1414_2017-08.tif,3cl/v2-0-0/images/ZM2061144_2017-08.tif
ZM2138503,1416.0,2,v2.0.0,,,0.8117408906882592,27.8015,-16.0325,16.535538992754557,0.9054328762755102,ZM,2020,3,train,3cl/v2-0-0/labels/ZM2138503_1416_2020-07.tif,3cl/v2-0-0/images/ZM2138503_2020-07.tif
ZM2393618,1430.0,2,v2.0.0,0.0,0.0,0.6625,26.1565,-17.0575,1.3787038198425945,0.8863998724489796,ZM,2019,3,train,3cl/v2-0-0/labels/ZM2393618_1430_2019-08.tif,3cl/v2-0-0/images/ZM2393618_2019-08.tif
ZM2291592,1423.0,2,v2.0.0,,,0.6625,26.2565,-16.6025,0.8298569378718818,0.6134008290816326,ZM,2018,3,train,3cl/v2-0-0/labels/ZM2291592_1423_2018-08.tif,3cl/v2-0-0/images/ZM2291592_2018-08.tif
ZM2361762,1674.0,2,v2.0.0,,,0.6941747572815534,27.6815,-16.9025,1.9457200155248864,0.3752590880102041,ZM,2018,3,train,3cl/v2-0-0/labels/ZM2361762_1674_2018-08.tif,3cl/v2-0-0/images/ZM2361762_2018-08.tif
ZM2191653,1684.0,2,v2.0.0,,,0.7282051282051282,26.5965,-16.2275,0.6807490710579711,0.8025350765306123,ZM,2017,3,train,3cl/v2-0-0/labels/ZM2191653_1684_2017-08.tif,3cl/v2-0-0/images/ZM2191653_2017-08.tif
ZM2219182,1660.0,2,v2.0.0,,,0.6941747572815534,28.8015,-16.3275,0.6742557312403612,0.3880939094387755,ZM,2022,3,train,3cl/v2-0-0/labels/ZM2219182_1660_2022-06.tif,3cl/v2-0-0/images/ZM2219182_2022-06.tif
ZM2444677,1755.0,2,v2.0.0,,,0.6941747572815534,26.6865,-17.3225,1.4468029716726878,0.7955397,ZM,2019,3,train,3cl/v2-0-0/labels/ZM2444677_1755_2019-08.tif,3cl/v2-0-0/images/ZM2444677_2019-08.tif
ZM0258438,2096.0,2,v2.0.0,,,0.6302521008403361,32.1615,-10.1025,0.1767362618606822,0.051598374,ZM,2019,3,train,3cl/v2-0-0/labels/ZM0258438_2096_2019-08.tif,3cl/v2-0-0/images/ZM0258438_2019-08.tif
ZM0723960,2102.0,2,v2.0.0,,,0.6625,32.4615,-12.1275,1.683885600688025,0.3211296237244898,ZM,2022,3,train,3cl/v2-0-0/labels/ZM0723960_2102_2022-01.tif,3cl/v2-0-0/images/ZM0723960_2022-01.tif
ZM0805485,2104.0,2,v2.0.0,,,0.6625,29.3115,-12.3875,1.1603595222220895,0.1874202806122449,ZM,2022,3,train,3cl/v2-0-0/labels/ZM0805485_2104_2022-06.tif,3cl/v2-0-0/images/ZM0805485_2022-06.tif
ZM1284723,2113.0,2,v2.0.0,,,0.7282051282051282,27.5015,-13.6825,1.1472807537705365,0.4199816645408163,ZM,2021,3,train,3cl/v2-0-0/labels/ZM1284723_2113_2021-06.tif,3cl/v2-0-0/images/ZM1284723_2021-06.tif
ZM1257710,2112.0,2,v2.0.0,,,0.6625,32.4665,-13.6175,1.5803162765784218,0.7931082589285714,ZM,2019,3,train,3cl/v2-0-0/labels/ZM1257710_2112_2019-08.tif,3cl/v2-0-0/images/ZM1257710_2019-08.tif
ZM1299963,2114.0,2,v2.0.0,,,0.7282051282051282,27.8315,-13.7175,0.9997520483833005,0.6507095025510204,ZM,2020,3,train,3cl/v2-0-0/labels/ZM1299963_2114_2020-07.tif,3cl/v2-0-0/images/ZM1299963_2020-07.tif
ZM1331154,2116.0,2,v2.0.0,,,0.6625,32.5215,-13.7875,2.5044963324788805,0.6200374681122449,ZM,2021,3,train,3cl/v2-0-0/labels/ZM1331154_2116_2021-07.tif,3cl/v2-0-0/images/ZM1331154_2021-07.tif
ZM1616966,2129.0,2,v2.0.0,,,0.6625,28.8715,-14.4575,2.618668084805767,0.8282246492346939,ZM,2021,3,train,3cl/v2-0-0/labels/ZM1616966_2129_2021-06.tif,3cl/v2-0-0/images/ZM1616966_2021-06.tif
ZM1644825,2130.0,2,v2.0.0,,,0.8303108808290155,31.4315,-14.5275,1.2059052890298845,0.8311144770408163,ZM,2019,3,train,3cl/v2-0-0/labels/ZM1644825_2130_2019-08.tif,3cl/v2-0-0/images/ZM1644825_2019-08.tif
ZM1719447,2134.0,2,v2.0.0,,,0.8303108808290155,28.4615,-14.7275,2.1673122034317007,0.5827287946428571,ZM,2020,3,train,3cl/v2-0-0/labels/ZM1719447_2134_2020-07.tif,3cl/v2-0-0/images/ZM1719447_2020-07.tif
ZM1840220,2136.0,2,v2.0.0,,,0.7687224669603524,26.7615,-15.0825,0.9814623991605904,0.7715640943877551,ZM,2018,3,train,3cl/v2-0-0/labels/ZM1840220_2136_2018-08.tif,3cl/v2-0-0/images/ZM1840220_2018-08.tif
ZM2196030,2145.0,2,v2.0.0,,,0.8117408906882592,28.0665,-16.2425,0.5185554797042216,0.3538942920918367,ZM,2022,3,train,3cl/v2-0-0/labels/ZM2196030_2145_2022-06.tif,3cl/v2-0-0/images/ZM2196030_2022-06.tif
ZM2355211,2148.0,2,v2.0.0,,,0.6941747572815534,27.5515,-16.8725,0.3653600148011674,0.4344108737244898,ZM,2018,3,train,3cl/v2-0-0/labels/ZM2355211_2148_2018-08.tif,3cl/v2-0-0/images/ZM2355211_2018-08.tif
ZM1333328,2117.0,2,v2.0.0,,,0.7282051282051282,32.5515,-13.7925,0.3205129963102989,0.3675263073979591,ZM,2021,3,train,3cl/v2-0-0/labels/ZM1333328_2117_2021-07.tif,3cl/v2-0-0/images/ZM1333328_2021-07.tif
ZM0339391,2649.0,2,v2.0.0,,,0.8117408906882592,32.9815,-10.5125,1.215410540133704,0.5962810905612245,ZM,2019,3,train,3cl/v2-0-0/labels/ZM0339391_2649_2019-08.tif,3cl/v2-0-0/images/ZM0339391_2019-08.tif
ZM0785902,2661.0,2,v2.0.0,,,0.7282051282051282,27.7915,-12.3275,0.1163685143735086,0.094009088,ZM,2020,3,train,3cl/v2-0-0/labels/ZM0785902_2661_2020-07.tif,3cl/v2-0-0/images/ZM0785902_2020-07.tif
ZM0806263,2662.0,2,v2.0.0,0.5,0.0,0.7282051282051282,33.5165,-12.3875,0.4756783399312236,0.2769650829081632,ZM,2020,3,train,3cl/v2-0-0/labels/ZM0806263_2662_2020-09.tif,3cl/v2-0-0/images/ZM0806263_2020-09.tif
ZM1136391,2668.0,2,v2.0.0,,,0.7282051282051282,25.6815,-13.3375,0.1851522189345961,0.1160913584183673,ZM,2020,3,train,3cl/v2-0-0/labels/ZM1136391_2668_2020-07.tif,3cl/v2-0-0/images/ZM1136391_2020-07.tif
ZM1306118,2674.0,2,v2.0.0,,,0.7282051282051282,26.1065,-13.7325,0.1936344084854117,0.2222576530612245,ZM,2021,3,train,3cl/v2-0-0/labels/ZM1306118_2674_2021-06.tif,3cl/v2-0-0/images/ZM1306118_2021-06.tif
ZM1352873,2675.0,2,v2.0.0,,,0.7282051282051282,32.2865,-13.8375,0.4714318987934729,0.4091996173469387,ZM,2020,3,train,3cl/v2-0-0/labels/ZM1352873_2675_2020-02.tif,3cl/v2-0-0/images/ZM1352873_2020-02.tif
ZM1578837,2680.0,2,v2.0.0,,,0.7687224669603524,28.1015,-14.3625,0.7276683824950211,0.3384088010204081,ZM,2017,3,train,3cl/v2-0-0/labels/ZM1578837_2680_2017-08.tif,3cl/v2-0-0/images/ZM1578837_2017-08.tif
ZM1398835,2677.0,2,v2.0.0,,,0.7282051282051282,32.3115,-13.9425,0.2215640834484915,0.3390864158163265,ZM,2021,3,train,3cl/v2-0-0/labels/ZM1398835_2677_2021-09.tif,3cl/v2-0-0/images/ZM1398835_2021-09.tif
ZM1686721,2688.0,2,v2.0.0,,,0.6302521008403361,30.7315,-14.6375,0.3377278779983243,0.0859375,ZM,2020,3,train,3cl/v2-0-0/labels/ZM1686721_2688_2020-02.tif,3cl/v2-0-0/images/ZM1686721_2020-02.tif
ZM1670488,2687.0,2,v2.0.0,,,0.7687224669603524,25.4365,-14.5975,1.1047378512501052,0.4691685267857143,ZM,2018,3,train,3cl/v2-0-0/labels/ZM1670488_2687_2018-08.tif,3cl/v2-0-0/images/ZM1670488_2018-08.tif
ZM1904934,2702.0,2,v2.0.0,,,0.7687224669603524,28.2915,-15.2775,0.6230568265536635,0.2614198022959184,ZM,2019,3,train,3cl/v2-0-0/labels/ZM1904934_2702_2019-08.tif,3cl/v2-0-0/images/ZM1904934_2019-08.tif
ZM1904759,2701.0,2,v2.0.0,,,0.6941747572815534,27.4165,-15.2775,0.4743829472006629,0.6787507971938775,ZM,2020,3,train,3cl/v2-0-0/labels/ZM1904759_2701_2020-07.tif,3cl/v2-0-0/images/ZM1904759_2020-07.tif
ZM2008787,2704.0,2,v2.0.0,,,0.7687224669603524,27.9815,-15.5875,3.428149247541674,0.4426618303571428,ZM,2018,3,train,3cl/v2-0-0/labels/ZM2008787_2704_2018-08.tif,3cl/v2-0-0/images/ZM2008787_2018-08.tif
ZM2438947,2713.0,2,v2.0.0,,,0.7282051282051282,25.6715,-17.2925,0.554410529,0.2682158801020408,ZM,2019,3,train,3cl/v2-0-0/labels/ZM2438947_2713_2019-08.tif,3cl/v2-0-0/images/ZM2438947_2019-08.tif
ZM0178089,3219.0,2,v2.0.0,0.0,0.0,0.7282051282051282,32.6765,-9.6725,0.2591530800617804,0.2050581951530612,ZM,2017,3,train,3cl/v2-0-0/labels/ZM0178089_3219_2017-08.tif,3cl/v2-0-0/images/ZM0178089_2017-08.tif
ZM0202925,3220.0,2,v2.0.0,,,0.7282051282051282,32.5165,-9.8075,0.065030134,0.030891263,ZM,2022,3,train,3cl/v2-0-0/labels/ZM0202925_3220_2022-07.tif,3cl/v2-0-0/images/ZM0202925_2022-07.tif
ZM0479965,3221.0,2,v2.0.0,,,0.7282051282051282,28.9615,-11.2175,0.098094652,0.059689892,ZM,2020,3,train,3cl/v2-0-0/labels/ZM0479965_3221_2020-07.tif,3cl/v2-0-0/images/ZM0479965_2020-07.tif
ZM0837632,3225.0,2,v2.0.0,,,0.6302521008403361,27.5365,-12.4875,0.1982528035543984,0.3399433992346938,ZM,2018,3,train,3cl/v2-0-0/labels/ZM0837632_3225_2018-08.tif,3cl/v2-0-0/images/ZM0837632_2018-08.tif
ZM0919332,3226.0,2,v2.0.0,,,0.6302521008403361,25.9165,-12.7475,0.4680047821852272,0.5793407206632653,ZM,2019,3,train,3cl/v2-0-0/labels/ZM0919332_3226_2019-08.tif,3cl/v2-0-0/images/ZM0919332_2019-08.tif
ZM1558476,3243.0,2,v2.0.0,,,0.7282051282051282,28.5065,-14.3125,9.447452111536078,0.5597696109693877,ZM,2019,3,train,3cl/v2-0-0/labels/ZM1558476_3243_2019-08.tif,3cl/v2-0-0/images/ZM1558476_2019-08.tif
ZM1568914,3244.0,2,v2.0.0,,,0.7282051282051282,29.3765,-14.3375,0.3298376512776453,0.3526985012755102,ZM,2017,3,train,3cl/v2-0-0/labels/ZM1568914_3244_2017-08.tif,3cl/v2-0-0/images/ZM1568914_2017-08.tif
ZM1595639,3247.0,2,v2.0.0,,,0.6302521008403361,31.4515,-14.4025,0.8486277833325431,0.7293128188775511,ZM,2017,3,train,3cl/v2-0-0/labels/ZM1595639_3247_2017-08.tif,3cl/v2-0-0/images/ZM1595639_2017-08.tif
ZM1697577,3251.0,2,v2.0.0,,,0.7282051282051282,29.0015,-14.6675,0.1088755380389466,0.04551977,ZM,2022,3,train,3cl/v2-0-0/labels/ZM1697577_3251_2022-06.tif,3cl/v2-0-0/images/ZM1697577_2022-06.tif
ZM1813609,3260.0,2,v2.0.0,,,0.7282051282051282,25.3965,-15.0025,0.079685264,0.167251276,ZM,2020,3,train,3cl/v2-0-0/labels/ZM1813609_3260_2020-07.tif,3cl/v2-0-0/images/ZM1813609_2020-07.tif
ZM1883203,3261.0,2,v2.0.0,,,0.7282051282051282,27.3265,-15.2125,0.1106000002180654,0.1020208864795918,ZM,2019,3,train,3cl/v2-0-0/labels/ZM1883203_3261_2019-08.tif,3cl/v2-0-0/images/ZM1883203_2019-08.tif
ZM1970310,3263.0,2,v2.0.0,,,0.7282051282051282,28.5015,-15.4725,0.6645459716057898,0.1796476403061224,ZM,2022,3,train,3cl/v2-0-0/labels/ZM1970310_3263_2022-06.tif,3cl/v2-0-0/images/ZM1970310_2022-06.tif
ZM2061067,3269.0,2,v2.0.0,,,0.7282051282051282,27.8415,-15.7575,5.751361909892428,0.9907126913265306,ZM,2022,3,train,3cl/v2-0-0/labels/ZM2061067_3269_2022-06.tif,3cl/v2-0-0/images/ZM2061067_2022-06.tif
ZM2268691,3276.0,2,v2.0.0,,,0.7687224669603524,28.3515,-16.5125,0.3148538710954082,0.080815529,ZM,2021,3,train,3cl/v2-0-0/labels/ZM2268691_3276_2021-06.tif,3cl/v2-0-0/images/ZM2268691_2021-06.tif
ZM2288194,3277.0,2,v2.0.0,,,0.8117408906882592,28.2065,-16.5875,0.5791661809997546,0.5901825573979592,ZM,2021,3,train,3cl/v2-0-0/labels/ZM2288194_3277_2021-06.tif,3cl/v2-0-0/images/ZM2288194_2021-06.tif
ZM2499114,3289.0,2,v2.0.0,,,0.7282051282051282,27.0415,-17.7175,0.3178071277725083,0.1164899553571428,ZM,2017,3,train,3cl/v2-0-0/labels/ZM2499114_3289_2017-08.tif,3cl/v2-0-0/images/ZM2499114_2017-08.tif
ZM0230438,3773.0,2,v2.0.0,,,0.6625,28.7315,-9.9575,1.0141150458289891,0.6205157844387755,ZM,2022,3,train,3cl/v2-0-0/labels/ZM0230438_3773_2022-10.tif,3cl/v2-0-0/images/ZM0230438_2022-10.tif
ZM0256288,3774.0,2,v2.0.0,,,0.6625,30.8865,-10.0925,1.5656028425342052,0.4565728635204081,ZM,2021,3,train,3cl/v2-0-0/labels/ZM0256288_3774_2021-07.tif,3cl/v2-0-0/images/ZM0256288_2021-07.tif
ZM1089366,3784.0,2,v2.0.0,,,0.6625,27.3215,-13.2225,4.494853694181858,0.6854472257653061,ZM,2019,3,train,3cl/v2-0-0/labels/ZM1089366_3784_2019-08.tif,3cl/v2-0-0/images/ZM1089366_2019-08.tif
ZM1335509,3788.0,2,v2.0.0,,,0.6625,32.5915,-13.7975,2.394887225021709,0.7383609693877551,ZM,2020,3,train,3cl/v2-0-0/labels/ZM1335509_3788_2020-07.tif,3cl/v2-0-0/images/ZM1335509_2020-07.tif
ZM1369474,3789.0,2,v2.0.0,0.0,0.0,0.6625,27.9515,-13.8775,4.717735846456504,0.7382015306122449,ZM,2022,3,train,3cl/v2-0-0/labels/ZM1369474_3789_2022-06.tif,3cl/v2-0-0/images/ZM1369474_2022-06.tif
ZM1926654,3815.0,2,v2.0.0,,,0.7282051282051282,28.3315,-15.3425,0.1403841064757074,0.1104711415816326,ZM,2021,3,train,3cl/v2-0-0/labels/ZM1926654_3815_2021-06.tif,3cl/v2-0-0/images/ZM1926654_2021-06.tif
ZM1618776,3797.0,2,v2.0.0,,,0.7282051282051282,28.0565,-14.4625,0.4052326952690865,0.2165975765306122,ZM,2019,3,train,3cl/v2-0-0/labels/ZM1618776_3797_2019-08.tif,3cl/v2-0-0/images/ZM1618776_2019-08.tif
ZM1630638,3799.0,2,v2.0.0,,,0.7282051282051282,28.4165,-14.4925,0.08582461,0.062061543,ZM,2017,3,train,3cl/v2-0-0/labels/ZM1630638_3799_2017-08.tif,3cl/v2-0-0/images/ZM1630638_2017-08.tif
ZM1769628,3808.0,2,v2.0.0,,,0.7687224669603524,24.3665,-14.8725,1.0955377972048823,0.5354751275510204,ZM,2017,3,train,3cl/v2-0-0/labels/ZM1769628_3808_2017-08.tif,3cl/v2-0-0/images/ZM1769628_2017-08.tif
ZM2168648,3822.0,2,v2.0.0,,,0.7687224669603524,27.8015,-16.1425,1.0147410503639036,0.4714405293367347,ZM,2020,3,train,3cl/v2-0-0/labels/ZM2168648_3822_2020-07.tif,3cl/v2-0-0/images/ZM2168648_2020-07.tif
ZM2285312,3825.0,2,v2.0.0,,,0.7687224669603524,26.5115,-16.5775,1.8491326101804444,0.2399752869897959,ZM,2019,3,train,3cl/v2-0-0/labels/ZM2285312_3825_2019-08.tif,3cl/v2-0-0/images/ZM2285312_2019-08.tif
ZM2411413,3828.0,2,v2.0.0,,,0.7687224669603524,25.7415,-17.1475,1.5367042179889148,0.5192323022959183,ZM,2022,3,train,3cl/v2-0-0/labels/ZM2411413_3828_2022-06.tif,3cl/v2-0-0/images/ZM2411413_2022-06.tif
ZM1763229,3807.0,2,v2.0.0,,,0.8117408906882592,26.8015,-14.8525,1.020683512968509,0.3827128507653061,ZM,2019,3,train,3cl/v2-0-0/labels/ZM1763229_3807_2019-08.tif,3cl/v2-0-0/images/ZM1763229_2019-08.tif
ZM0919765,4951.0,2,v2.0.0,,,0.8356164383561644,28.0815,-12.7475,0.2481638756500033,0.1032565369897959,ZM,2022,3,train,3cl/v2-0-0/labels/ZM0919765_4951_2022-06.tif,3cl/v2-0-0/images/ZM0919765_2022-06.tif
ZM1045712,4952.0,2,v2.0.0,,,0.706386293,31.8265,-13.1125,0.0,0.0,ZM,2022,3,train,3cl/v2-0-0/labels/ZM1045712_4952_2022-07.tif,3cl/v2-0-0/images/ZM1045712_2022-07.tif
ZM1166372,4953.0,2,v2.0.0,,,0.706386293,28.6765,-13.4075,1.307133966,0.1673708545918367,ZM,2019,3,train,3cl/v2-0-0/labels/ZM1166372_4953_2019-08.tif,3cl/v2-0-0/images/ZM1166372_2019-08.tif
ZM1198164,4956.0,2,v2.0.0,,,0.706386293,25.7615,-13.4825,0.2590447638880558,0.027104592,ZM,2019,3,train,3cl/v2-0-0/labels/ZM1198164_4956_2019-08.tif,3cl/v2-0-0/images/ZM1198164_2019-08.tif
ZM1167130,4954.0,2,v2.0.0,,,0.825,32.7465,-13.4075,0.8791573894765741,0.258789063,ZM,2020,3,train,3cl/v2-0-0/labels/ZM1167130_4954_2020-07.tif,3cl/v2-0-0/images/ZM1167130_2020-07.tif
ZM1418051,4958.0,2,v2.0.0,,,0.825,28.5815,-13.9875,0.9970593670032796,0.2992067920918367,ZM,2020,3,train,3cl/v2-0-0/labels/ZM1418051_4958_2020-07.tif,3cl/v2-0-0/images/ZM1418051_2020-07.tif
ZM1637096,4962.0,2,v2.0.0,,,0.825,31.4915,-14.5075,1.0142592782883602,0.3099290497448979,ZM,2022,3,train,3cl/v2-0-0/labels/ZM1637096_4962_2022-09.tif,3cl/v2-0-0/images/ZM1637096_2022-09.tif
ZM1615561,4961.0,2,v2.0.0,,,0.706386293,31.7215,-14.4525,3.8615994006657473,0.8016980229591837,ZM,2018,3,train,3cl/v2-0-0/labels/ZM1615561_4961_2018-08.tif,3cl/v2-0-0/images/ZM1615561_2018-08.tif
ZM1587583,4960.0,2,v2.0.0,,,0.8356164383561644,31.3965,-14.3825,0.839997864,0.4599808673469387,ZM,2020,3,train,3cl/v2-0-0/labels/ZM1587583_4960_2020-09.tif,3cl/v2-0-0/images/ZM1587583_2020-09.tif
ZM1743619,4968.0,2,v2.0.0,,,0.706386293,24.5415,-14.7975,0.4106268000902547,0.086017219,ZM,2020,3,train,3cl/v2-0-0/labels/ZM1743619_4968_2020-07.tif,3cl/v2-0-0/images/ZM1743619_2020-07.tif
ZM1764948,4969.0,2,v2.0.0,,,0.825,26.7715,-14.8575,1.503114806897628,0.4355668048469387,ZM,2019,3,train,3cl/v2-0-0/labels/ZM1764948_4969_2019-08.tif,3cl/v2-0-0/images/ZM1764948_2019-08.tif
ZM1803690,4970.0,2,v2.0.0,,,0.706386293,25.4565,-14.9725,2.5046147793865297,0.084502551,ZM,2020,3,train,3cl/v2-0-0/labels/ZM1803690_4970_2020-07.tif,3cl/v2-0-0/images/ZM1803690_2020-07.tif
ZM2244453,4972.0,2,v2.0.0,,,0.825,27.4265,-16.4225,1.5854499306215906,0.035315689,ZM,2022,3,train,3cl/v2-0-0/labels/ZM2244453_4972_2022-06.tif,3cl/v2-0-0/images/ZM2244453_2022-06.tif
ZM2276190,4974.0,2,v2.0.0,,,0.825,26.3065,-16.5425,2.4570584226878323,0.5121372767857143,ZM,2020,3,train,3cl/v2-0-0/labels/ZM2276190_4974_2020-07.tif,3cl/v2-0-0/images/ZM2276190_2020-07.tif
ZM2438955,4976.0,2,v2.0.0,,,0.8356164383561644,25.7115,-17.2925,0.0,0.0,ZM,2022,3,train,3cl/v2-0-0/labels/ZM2438955_4976_2022-06.tif,3cl/v2-0-0/images/ZM2438955_2022-06.tif
ZM2486380,4977.0,2,v2.0.0,,,0.8356164383561644,27.1165,-17.5775,1.513966852,0.2172552614795918,ZM,2019,3,train,3cl/v2-0-0/labels/ZM2486380_4977_2019-08.tif,3cl/v2-0-0/images/ZM2486380_2019-08.tif
ZM1425384,4959.0,2,v2.0.0,,,0.7282051282051282,31.8465,-14.0025,0.3070648876039435,0.583625638,ZM,2018,3,train,3cl/v2-0-0/labels/ZM1425384_4959_2018-02.tif,3cl/v2-0-0/images/ZM1425384_2018-02.tif
ZM2256480,4973.0,2,v2.0.0,,,0.706386293,27.3465,-16.4675,1.718025609196823,0.6687659438775511,ZM,2018,3,train,3cl/v2-0-0/labels/ZM2256480_4973_2018-08.tif,3cl/v2-0-0/images/ZM2256480_2018-08.tif
ZM0175615,6032.0,2,v2.0.0,,,0.8117408906882592,29.4715,-9.6625,0.3361329323780272,0.6928810586734694,ZM,2021,3,train,3cl/v2-0-0/labels/ZM0175615_6032_2021-10.tif,3cl/v2-0-0/images/ZM0175615_2021-10.tif
ZM0656826,6033.0,2,v2.0.0,,,0.8356164383561644,28.7015,-11.9175,0.3911632336754539,0.2210419323979592,ZM,2021,3,train,3cl/v2-0-0/labels/ZM0656826_6033_2021-06.tif,3cl/v2-0-0/images/ZM0656826_2021-06.tif
ZM0841628,6036.0,2,v2.0.0,,,0.706386293,32.8715,-12.4975,1.9467822341121888,0.8034319196428571,ZM,2022,3,train,3cl/v2-0-0/labels/ZM0841628_6036_2022-09.tif,3cl/v2-0-0/images/ZM0841628_2022-09.tif
ZM1067993,6039.0,2,v2.0.0,,,0.8117408906882592,32.7515,-13.1675,0.8612908752237356,0.6781329719387755,ZM,2021,3,train,3cl/v2-0-0/labels/ZM1067993_6039_2021-07.tif,3cl/v2-0-0/images/ZM1067993_2021-07.tif
ZM1318210,6043.0,2,v2.0.0,,,0.8356164383561644,32.5565,-13.7575,8.381941839548666,0.5243542729591837,ZM,2022,3,train,3cl/v2-0-0/labels/ZM1318210_6043_2022-07.tif,3cl/v2-0-0/images/ZM1318210_2022-07.tif
ZM1219071,6040.0,2,v2.0.0,,,0.825,32.6765,-13.5275,0.5437715852550808,0.4369618941326531,ZM,2022,3,train,3cl/v2-0-0/labels/ZM1219071_6040_2022-07.tif,3cl/v2-0-0/images/ZM1219071_2022-07.tif
ZM0856175,6038.0,2,v2.0.0,,,0.706386293,32.9615,-12.5425,1.6087809656436187,0.8013592155612245,ZM,2018,3,train,3cl/v2-0-0/labels/ZM0856175_6038_2018-08.tif,3cl/v2-0-0/images/ZM0856175_2018-08.tif
ZM1401189,6044.0,2,v2.0.0,,,0.8356164383561644,33.1715,-13.9475,0.3504561002045506,0.09115912,ZM,2017,3,train,3cl/v2-0-0/labels/ZM1401189_6044_2017-08.tif,3cl/v2-0-0/images/ZM1401189_2017-08.tif
ZM1469535,6047.0,2,v2.0.0,,,0.825,31.2665,-14.1025,0.4829500132325034,0.1293845663265306,ZM,2019,3,train,3cl/v2-0-0/labels/ZM1469535_6047_2019-02.tif,3cl/v2-0-0/images/ZM1469535_2019-02.tif
ZM1471994,6048.0,2,v2.0.0,,,0.8356164383561644,32.6165,-14.1075,0.6474216427822667,0.4436184630102041,ZM,2022,3,train,3cl/v2-0-0/labels/ZM1471994_6048_2022-09.tif,3cl/v2-0-0/images/ZM1471994_2022-09.tif
ZM1691093,6051.0,2,v2.0.0,,,0.825,24.4715,-14.6525,0.9682300133454788,0.1873007015306122,ZM,2017,3,train,3cl/v2-0-0/labels/ZM1691093_6051_2017-08.tif,3cl/v2-0-0/images/ZM1691093_2017-08.tif
ZM1729485,6054.0,2,v2.0.0,,,0.825,24.6865,-14.7575,1.3152404362463634,0.1129623724489796,ZM,2021,3,train,3cl/v2-0-0/labels/ZM1729485_6054_2021-06.tif,3cl/v2-0-0/images/ZM1729485_2021-06.tif
ZM1855578,6057.0,2,v2.0.0,,,0.8356164383561644,29.4815,-15.1275,1.0731759413027715,0.1947544642857142,ZM,2022,3,train,3cl/v2-0-0/labels/ZM1855578_6057_2022-09.tif,3cl/v2-0-0/images/ZM1855578_2022-09.tif
ZM2023793,6059.0,2,v2.0.0,,,0.825,28.2965,-15.6325,1.0099395181995696,0.6020009566326531,ZM,2021,3,train,3cl/v2-0-0/labels/ZM2023793_6059_2021-06.tif,3cl/v2-0-0/images/ZM2023793_2021-06.tif
ZM2285506,6061.0,2,v2.0.0,,,0.8117408906882592,27.4815,-16.5775,0.5162196209142109,0.6036152742346939,ZM,2021,3,train,3cl/v2-0-0/labels/ZM2285506_6061_2021-06.tif,3cl/v2-0-0/images/ZM2285506_2021-06.tif
ZM2322155,6064.0,2,v2.0.0,,,0.825,27.3115,-16.7275,0.6667152402398918,0.6146962691326531,ZM,2019,3,train,3cl/v2-0-0/labels/ZM2322155_6064_2019-08.tif,3cl/v2-0-0/images/ZM2322155_2019-08.tif
ZM2341571,6065.0,2,v2.0.0,,,0.6941747572815534,26.4015,-16.8125,0.7339584986891927,0.1341278698979592,ZM,2021,3,train,3cl/v2-0-0/labels/ZM2341571_6065_2021-06.tif,3cl/v2-0-0/images/ZM2341571_2021-06.tif
ZM2312489,6063.0,2,v2.0.0,,,0.8356164383561644,26.3715,-16.6875,1.0633142474404482,0.8903858418367347,ZM,2017,3,train,3cl/v2-0-0/labels/ZM2312489_6063_2017-08.tif,3cl/v2-0-0/images/ZM2312489_2017-08.tif
ZM1442703,6046.0,2,v2.0.0,,,0.706386293,29.4915,-14.0425,1.218526512819284,0.5892059948979592,ZM,2021,3,train,3cl/v2-0-0/labels/ZM1442703_6046_2021-06.tif,3cl/v2-0-0/images/ZM1442703_2021-06.tif
ZM0039193,7093.0,2,v2.0.0,,,0.706386293,31.3015,-8.7775,1.0928974804853109,0.7117745535714286,ZM,2021,3,train,3cl/v2-0-0/labels/ZM0039193_7093_2021-10.tif,3cl/v2-0-0/images/ZM0039193_2021-10.tif
ZM0076560,7094.0,2,v2.0.0,,,0.706386293,28.9715,-9.0875,0.5974449069983891,0.1173070790816326,ZM,2019,3,train,3cl/v2-0-0/labels/ZM0076560_7094_2019-08.tif,3cl/v2-0-0/images/ZM0076560_2019-08.tif
ZM0295929,7095.0,2,v2.0.0,,,0.706386293,33.5015,-10.2925,0.991436405,0.4019052933673469,ZM,2019,3,train,3cl/v2-0-0/labels/ZM0295929_7095_2019-08.tif,3cl/v2-0-0/images/ZM0295929_2019-08.tif
ZM0630114,7096.0,2,v2.0.0,,,0.706386293,31.4065,-11.8225,1.8649190845010453,0.7989477040816326,ZM,2022,3,train,3cl/v2-0-0/labels/ZM0630114_7096_2022-07.tif,3cl/v2-0-0/images/ZM0630114_2022-07.tif
ZM0864140,7098.0,2,v2.0.0,,,0.706386293,32.9165,-12.5675,2.282583462374886,0.5725446428571429,ZM,2019,3,train,3cl/v2-0-0/labels/ZM0864140_7098_2019-08.tif,3cl/v2-0-0/images/ZM0864140_2019-08.tif
ZM0932065,7099.0,2,v2.0.0,,,0.706386293,27.6465,-12.7875,3.0098661679605843,0.3580596301020408,ZM,2017,3,train,3cl/v2-0-0/labels/ZM0932065_7099_2017-08.tif,3cl/v2-0-0/images/ZM0932065_2017-08.tif
ZM1220675,7103.0,2,v2.0.0,,,0.706386293,29.8615,-13.5325,1.6965909247881037,0.1927415497448979,ZM,2021,3,train,3cl/v2-0-0/labels/ZM1220675_7103_2021-06.tif,3cl/v2-0-0/images/ZM1220675_2021-06.tif
ZM1233283,7104.0,2,v2.0.0,,,0.706386293,28.1015,-13.5625,10.59474441589266,0.7410315688775511,ZM,2017,3,train,3cl/v2-0-0/labels/ZM1233283_7104_2017-08.tif,3cl/v2-0-0/images/ZM1233283_2017-08.tif
ZM1425464,7106.0,2,v2.0.0,,,0.706386293,32.2465,-14.0025,1.5802466242696995,0.5907007334183674,ZM,2021,3,train,3cl/v2-0-0/labels/ZM1425464_7106_2021-09.tif,3cl/v2-0-0/images/ZM1425464_2021-09.tif
ZM1542512,7107.0,2,v2.0.0,,,0.706386293,32.0515,-14.2725,1.838030541935131,0.8036710778061225,ZM,2018,3,train,3cl/v2-0-0/labels/ZM1542512_7107_2018-08.tif,3cl/v2-0-0/images/ZM1542512_2018-08.tif
ZM1621488,7108.0,2,v2.0.0,,,0.706386293,31.7615,-14.4675,2.531618317104317,0.7414301658163265,ZM,2018,3,train,3cl/v2-0-0/labels/ZM1621488_7108_2018-08.tif,3cl/v2-0-0/images/ZM1621488_2018-08.tif
ZM1636956,7109.0,2,v2.0.0,,,0.706386293,30.7915,-14.5075,2.017701297860974,0.6279097576530612,ZM,2018,3,train,3cl/v2-0-0/labels/ZM1636956_7109_2018-02.tif,3cl/v2-0-0/images/ZM1636956_2018-02.tif
ZM1702850,7110.0,2,v2.0.0,,,0.706386293,27.6815,-14.6825,2.9432998201544383,0.9356066645408164,ZM,2019,3,train,3cl/v2-0-0/labels/ZM1702850_7110_2019-08.tif,3cl/v2-0-0/images/ZM1702850_2019-08.tif
ZM1726672,7111.0,2,v2.0.0,,,0.706386293,28.5315,-14.7475,2.4030863306733137,0.7336973852040817,ZM,2017,3,train,3cl/v2-0-0/labels/ZM1726672_7111_2017-08.tif,3cl/v2-0-0/images/ZM1726672_2017-08.tif
ZM1740694,7112.0,2,v2.0.0,0.0,0.0,0.706386293,27.5015,-14.7875,4.931212117352616,0.4905731823979591,ZM,2022,3,train,3cl/v2-0-0/labels/ZM1740694_7112_2022-06.tif,3cl/v2-0-0/images/ZM1740694_2022-06.tif
ZM1841991,7113.0,2,v2.0.0,,,0.706386293,27.3915,-15.0875,1.3998460044365375,0.3003228635204081,ZM,2022,3,train,3cl/v2-0-0/labels/ZM1841991_7113_2022-06.tif,3cl/v2-0-0/images/ZM1841991_2022-06.tif
ZM1890129,7115.0,2,v2.0.0,,,0.706386293,28.8915,-15.2325,3.4749056814193446,0.8175422512755102,ZM,2020,3,train,3cl/v2-0-0/labels/ZM1890129_7115_2020-07.tif,3cl/v2-0-0/images/ZM1890129_2020-07.tif
ZM1135107,7101.0,2,v2.0.0,,,0.8707482993197279,30.1965,-13.3325,0.433282501,0.027602838,ZM,2020,3,train,3cl/v2-0-0/labels/ZM1135107_7101_2020-02.tif,3cl/v2-0-0/images/ZM1135107_2020-02.tif
ZM1960217,7116.0,2,v2.0.0,,,0.7687224669603524,28.4265,-15.4425,0.702589041,0.3416573660714285,ZM,2019,3,train,3cl/v2-0-0/labels/ZM1960217_7116_2019-08.tif,3cl/v2-0-0/images/ZM1960217_2019-08.tif
ZM1968543,7118.0,2,v2.0.0,,,0.7687224669603524,28.0715,-15.4675,1.3102098181407142,0.4717793367346938,ZM,2018,3,train,3cl/v2-0-0/labels/ZM1968543_7118_2018-08.tif,3cl/v2-0-0/images/ZM1968543_2018-08.tif
ZM2189219,7119.0,2,v2.0.0,,,0.7687224669603524,28.0615,-16.2175,1.1392855046273913,0.7170360331632653,ZM,2022,3,train,3cl/v2-0-0/labels/ZM2189219_7119_2022-06.tif,3cl/v2-0-0/images/ZM2189219_2022-06.tif
ZM2242914,7120.0,2,v2.0.0,,,0.7687224669603524,26.4365,-16.4175,4.140965889426025,0.7922911352040817,ZM,2022,3,train,3cl/v2-0-0/labels/ZM2242914_7120_2022-06.tif,3cl/v2-0-0/images/ZM2242914_2022-06.tif
ZM2320736,7122.0,2,v2.0.0,,,0.7687224669603524,26.0815,-16.7225,0.712843491,0.3824936224489796,ZM,2021,3,train,3cl/v2-0-0/labels/ZM2320736_7122_2021-06.tif,3cl/v2-0-0/images/ZM2320736_2021-06.tif
ZM2376134,7123.0,2,v2.0.0,,,0.7687224669603524,25.6465,-16.9725,1.754226184757144,0.2925900829081632,ZM,2017,3,train,3cl/v2-0-0/labels/ZM2376134_7123_2017-08.tif,3cl/v2-0-0/images/ZM2376134_2017-08.tif
ZM2405748,7124.0,2,v2.0.0,,,0.7687224669603524,26.8965,-17.1175,0.3680514142399188,0.029237085,ZM,2019,3,train,3cl/v2-0-0/labels/ZM2405748_7124_2019-08.tif,3cl/v2-0-0/images/ZM2405748_2019-08.tif
ZM2464649,7126.0,2,v2.0.0,,,0.7687224669603524,27.2615,-17.4325,1.541021406983007,0.5525749362244898,ZM,2021,3,train,3cl/v2-0-0/labels/ZM2464649_7126_2021-06.tif,3cl/v2-0-0/images/ZM2464649_2021-06.tif
ZM2492595,7127.0,2,v2.0.0,,,0.7687224669603524,26.6465,-17.6425,2.343843450262908,0.5186344068877551,ZM,2017,3,train,3cl/v2-0-0/labels/ZM2492595_7127_2017-08.tif,3cl/v2-0-0/images/ZM2492595_2017-08.tif
ZM0066865,8129.0,2,v2.0.0,,,0.8117408906882592,31.0665,-9.0125,0.2861269488120009,0.4617147640306122,ZM,2017,3,train,3cl/v2-0-0/labels/ZM0066865_8129_2017-08.tif,3cl/v2-0-0/images/ZM0066865_2017-08.tif
ZM0203717,8131.0,2,v2.0.0,,,0.8117408906882592,31.8515,-9.8125,0.3158145809801994,0.089624522,ZM,2017,3,train,3cl/v2-0-0/labels/ZM0203717_8131_2017-08.tif,3cl/v2-0-0/images/ZM0203717_2017-08.tif
ZM1278475,8136.0,2,v2.0.0,,,0.6941747572815534,28.6965,-13.6675,0.8302186149015056,0.6506297831632653,ZM,2019,3,train,3cl/v2-0-0/labels/ZM1278475_8136_2019-08.tif,3cl/v2-0-0/images/ZM1278475_2019-08.tif
ZM1286890,8137.0,2,v2.0.0,,,0.6941747572815534,27.5115,-13.6875,1.0883198573207968,0.2126116071428571,ZM,2020,3,train,3cl/v2-0-0/labels/ZM1286890_8137_2020-07.tif,3cl/v2-0-0/images/ZM1286890_2020-07.tif
ZM1295722,8138.0,2,v2.0.0,,,0.6625,28.3215,-13.7075,1.9459676399786907,0.6464046556122449,ZM,2022,3,train,3cl/v2-0-0/labels/ZM1295722_8138_2022-06.tif,3cl/v2-0-0/images/ZM1295722_2022-06.tif
ZM1209500,8133.0,2,v2.0.0,,,0.7282051282051282,28.2065,-13.5075,0.292175106,0.5204878826530612,ZM,2020,3,train,3cl/v2-0-0/labels/ZM1209500_8133_2020-07.tif,3cl/v2-0-0/images/ZM1209500_2020-07.tif
ZM1433545,8141.0,2,v2.0.0,,,0.7282051282051282,28.1265,-14.0225,0.2862967170352535,0.094387755,ZM,2021,3,train,3cl/v2-0-0/labels/ZM1433545_8141_2021-06.tif,3cl/v2-0-0/images/ZM1433545_2021-06.tif
ZM1404867,8140.0,2,v2.0.0,,,0.6625,29.3215,-13.9575,0.9056940249028732,0.8962452168367347,ZM,2019,3,train,3cl/v2-0-0/labels/ZM1404867_8140_2019-08.tif,3cl/v2-0-0/images/ZM1404867_2019-08.tif
ZM1302993,8139.0,2,v2.0.0,,,0.6941747572815534,32.1365,-13.7225,0.3095703681734658,0.4535235969387755,ZM,2022,3,train,3cl/v2-0-0/labels/ZM1302993_8139_2022-01.tif,3cl/v2-0-0/images/ZM1302993_2022-01.tif
ZM1454156,8143.0,2,v2.0.0,,,0.6625,31.3715,-14.0675,1.077530467577929,0.9091597576530612,ZM,2018,3,train,3cl/v2-0-0/labels/ZM1454156_8143_2018-02.tif,3cl/v2-0-0/images/ZM1454156_2018-02.tif
ZM1502256,8146.0,2,v2.0.0,,,0.6625,32.2665,-14.1775,1.2542897958893728,0.8800023915816326,ZM,2022,3,train,3cl/v2-0-0/labels/ZM1502256_8146_2022-09.tif,3cl/v2-0-0/images/ZM1502256_2022-09.tif
ZM1469186,8145.0,2,v2.0.0,,,0.706386293,29.5215,-14.1025,2.682789983450004,0.7635124362244898,ZM,2021,3,train,3cl/v2-0-0/labels/ZM1469186_8145_2021-06.tif,3cl/v2-0-0/images/ZM1469186_2021-06.tif
ZM1589117,8148.0,2,v2.0.0,,,0.706386293,28.9865,-14.3875,0.9347931826969514,0.4292490433673469,ZM,2022,3,train,3cl/v2-0-0/labels/ZM1589117_8148_2022-06.tif,3cl/v2-0-0/images/ZM1589117_2022-06.tif
ZM1704862,8152.0,2,v2.0.0,,,0.706386293,28.5515,-14.6875,0.5871234974266403,0.064393335,ZM,2017,3,train,3cl/v2-0-0/labels/ZM1704862_8152_2017-08.tif,3cl/v2-0-0/images/ZM1704862_2017-08.tif
ZM1737130,8153.0,2,v2.0.0,,,0.706386293,27.3415,-14.7775,2.4011214843349986,0.5950454400510204,ZM,2018,3,train,3cl/v2-0-0/labels/ZM1737130_8153_2018-08.tif,3cl/v2-0-0/images/ZM1737130_2018-08.tif
ZM1740867,8155.0,2,v2.0.0,,,0.706386293,28.3665,-14.7875,1.494457453835942,0.9243463010204082,ZM,2017,3,train,3cl/v2-0-0/labels/ZM1740867_8155_2017-08.tif,3cl/v2-0-0/images/ZM1740867_2017-08.tif
ZM1835366,8157.0,2,v2.0.0,1.0,0.5,0.706386293,27.1765,-15.0675,2.9901252379782592,0.765625,ZM,2020,3,train,3cl/v2-0-0/labels/ZM1835366_8157_2020-07.tif,3cl/v2-0-0/images/ZM1835366_2020-07.tif
ZM1464621,8144.0,2,v2.0.0,,,0.6941747572815534,28.6315,-14.0925,0.5962900603274752,0.5648317920918368,ZM,2017,3,train,3cl/v2-0-0/labels/ZM1464621_8144_2017-08.tif,3cl/v2-0-0/images/ZM1464621_2017-08.tif
ZM1860412,8159.0,2,v2.0.0,,,0.6941747572815534,28.9465,-15.1425,0.6783319221901785,0.3133171237244898,ZM,2022,3,train,3cl/v2-0-0/labels/ZM1860412_8159_2022-06.tif,3cl/v2-0-0/images/ZM1860412_2022-06.tif
ZM1953239,8161.0,2,v2.0.0,,,0.7687224669603524,27.0915,-15.4225,1.1250935491252647,0.4759845344387755,ZM,2018,3,train,3cl/v2-0-0/labels/ZM1953239_8161_2018-08.tif,3cl/v2-0-0/images/ZM1953239_2018-08.tif
ZM2096849,8163.0,2,v2.0.0,,,0.7687224669603524,27.9765,-15.8825,10.658378116123936,0.8368542729591837,ZM,2017,3,train,3cl/v2-0-0/labels/ZM2096849_8163_2017-08.tif,3cl/v2-0-0/images/ZM2096849_2017-08.tif
ZM2092386,8162.0,2,v2.0.0,,,0.6941747572815534,26.8765,-15.8675,0.2963235943394249,0.4209183673469387,ZM,2017,3,train,3cl/v2-0-0/labels/ZM2092386_8162_2017-08.tif,3cl/v2-0-0/images/ZM2092386_2017-08.tif
ZM2176793,8165.0,2,v2.0.0,,,0.6941747572815534,27.4615,-16.1725,0.7531783715256418,0.9996811224489796,ZM,2017,3,train,3cl/v2-0-0/labels/ZM2176793_8165_2017-08.tif,3cl/v2-0-0/images/ZM2176793_2017-08.tif
ZM2188891,8166.0,2,v2.0.0,,,0.7687224669603524,26.4215,-16.2175,3.666597941870691,0.879524075,ZM,2017,3,train,3cl/v2-0-0/labels/ZM2188891_8166_2017-08.tif,3cl/v2-0-0/images/ZM2188891_2017-08.tif
ZM2223132,8168.0,2,v2.0.0,,,0.7687224669603524,28.3515,-16.3425,0.7712202038775338,0.1024194834183673,ZM,2018,3,train,3cl/v2-0-0/labels/ZM2223132_8168_2018-08.tif,3cl/v2-0-0/images/ZM2223132_2018-08.tif
ZM2247070,8169.0,2,v2.0.0,,,0.7687224669603524,27.1165,-16.4325,0.2870171992538331,0.055783642,ZM,2018,3,train,3cl/v2-0-0/labels/ZM2247070_8169_2018-08.tif,3cl/v2-0-0/images/ZM2247070_2018-08.tif
ZM2276433,8170.0,2,v2.0.0,,,0.7687224669603524,27.5215,-16.5425,0.9603170245409748,0.7223573022959183,ZM,2021,3,train,3cl/v2-0-0/labels/ZM2276433_8170_2021-06.tif,3cl/v2-0-0/images/ZM2276433_2021-06.tif
ZM2197095,8167.0,2,v2.0.0,,,0.6941747572815534,26.5915,-16.2475,0.4501362309152361,0.849250638,ZM,2017,3,train,3cl/v2-0-0/labels/ZM2197095_8167_2017-08.tif,3cl/v2-0-0/images/ZM2197095_2017-08.tif
ZM2290419,8173.0,2,v2.0.0,,,0.7687224669603524,26.6915,-16.5975,1.0866811099644418,0.5544483418367347,ZM,2022,3,train,3cl/v2-0-0/labels/ZM2290419_8173_2022-06.tif,3cl/v2-0-0/images/ZM2290419_2022-06.tif
ZM2382366,8174.0,2,v2.0.0,,,0.7687224669603524,25.8515,-17.0025,1.0474950316322782,0.5599689094387755,ZM,2019,3,train,3cl/v2-0-0/labels/ZM2382366_8174_2019-08.tif,3cl/v2-0-0/images/ZM2382366_2019-08.tif
ZM2384473,8175.0,2,v2.0.0,,,0.7687224669603524,26.1465,-17.0125,2.5624134563045007,0.6290058992346939,ZM,2019,3,train,3cl/v2-0-0/labels/ZM2384473_8175_2019-08.tif,3cl/v2-0-0/images/ZM2384473_2019-08.tif
ZM2422133,8176.0,2,v2.0.0,,,0.7687224669603524,25.9365,-17.2025,0.9621072964043534,0.2978316326530612,ZM,2017,3,train,3cl/v2-0-0/labels/ZM2422133_8176_2017-08.tif,3cl/v2-0-0/images/ZM2422133_2017-08.tif
ZM1438859,8142.0,2,v2.0.0,,,0.7282051282051282,32.4765,-14.0325,0.3176347680991805,0.7843391262755102,ZM,2022,3,train,3cl/v2-0-0/labels/ZM1438859_8142_2022-09.tif,3cl/v2-0-0/images/ZM1438859_2022-09.tif
ZM1746124,8156.0,2,v2.0.0,,,0.8117408906882592,28.2915,-14.8025,0.3397877779978822,0.2212810905612245,ZM,2017,3,train,3cl/v2-0-0/labels/ZM1746124_8156_2017-08.tif,3cl/v2-0-0/images/ZM1746124_2017-08.tif
ZM1552358,8147.0,2,v2.0.0,,,0.6625,29.0015,-14.2975,3.040033893358164,0.4352877869897959,ZM,2018,3,train,3cl/v2-0-0/labels/ZM1552358_8147_2018-08.tif,3cl/v2-0-0/images/ZM1552358_2018-08.tif
ZM1210306,8276.0,2,v2.0.0,,,0.6625,32.2365,-13.5075,0.6155553660698072,0.091238839,ZM,2021,3,train,3cl/v2-0-0/labels/ZM1210306_8276_2021-01.tif,3cl/v2-0-0/images/ZM1210306_2021-01.tif
ZM1840410,8303.0,2,v2.0.0,,,0.7282051282051282,27.7115,-15.0825,0.1036144909548064,0.030014349,ZM,2017,3,train,3cl/v2-0-0/labels/ZM1840410_8303_2017-08.tif,3cl/v2-0-0/images/ZM1840410_2017-08.tif
ZM0268138,9231.0,2,v2.0.0,,,0.825,32.6815,-10.1525,0.2845768409593851,0.2027264030612245,ZM,2021,3,train,3cl/v2-0-0/labels/ZM0268138_9231_2021-06.tif,3cl/v2-0-0/images/ZM0268138_2021-06.tif
ZM0299832,9232.0,2,v2.0.0,,,0.8303108808290155,33.3565,-10.3125,0.4732765058384164,0.4067283163265306,ZM,2020,3,train,3cl/v2-0-0/labels/ZM0299832_9232_2020-07.tif,3cl/v2-0-0/images/ZM0299832_2020-07.tif
ZM1261282,9236.0,2,v2.0.0,,,0.8303108808290155,28.9365,-13.6275,0.4273902771676366,0.024513712,ZM,2021,3,train,3cl/v2-0-0/labels/ZM1261282_9236_2021-06.tif,3cl/v2-0-0/images/ZM1261282_2021-06.tif
ZM1411486,9238.0,2,v2.0.0,,,0.8303108808290155,29.1165,-13.9725,0.4276420529149514,0.3756975446428571,ZM,2018,3,train,3cl/v2-0-0/labels/ZM1411486_9238_2018-08.tif,3cl/v2-0-0/images/ZM1411486_2018-08.tif
ZM1484888,9245.0,2,v2.0.0,,,0.8303108808290155,31.7415,-14.1375,0.741182707,0.8249960140306123,ZM,2022,3,train,3cl/v2-0-0/labels/ZM1484888_9245_2022-01.tif,3cl/v2-0-0/images/ZM1484888_2022-01.tif
ZM1728478,9248.0,2,v2.0.0,,,0.8303108808290155,28.5965,-14.7525,1.2083631171931113,0.8750797193877551,ZM,2018,3,train,3cl/v2-0-0/labels/ZM1728478_9248_2018-08.tif,3cl/v2-0-0/images/ZM1728478_2018-08.tif
ZM1797434,9252.0,2,v2.0.0,,,0.8117408906882592,27.6515,-14.9525,0.7309756640498879,0.7550223214285714,ZM,2017,3,train,3cl/v2-0-0/labels/ZM1797434_9252_2017-08.tif,3cl/v2-0-0/images/ZM1797434_2017-08.tif
ZM1941798,9256.0,2,v2.0.0,,,0.6941747572815534,28.5965,-15.3875,6.618166130717094,0.7178730867346939,ZM,2020,3,train,3cl/v2-0-0/labels/ZM1941798_9256_2020-07.tif,3cl/v2-0-0/images/ZM1941798_2020-07.tif
ZM1986974,9259.0,2,v2.0.0,,,0.6941747572815534,27.8665,-15.5225,0.8364549174617066,0.9958147321428572,ZM,2020,3,train,3cl/v2-0-0/labels/ZM1986974_9259_2020-07.tif,3cl/v2-0-0/images/ZM1986974_2020-07.tif
ZM2124816,9260.0,2,v2.0.0,,,0.6941747572815534,28.1515,-15.9825,0.0,0.0,ZM,2018,3,train,3cl/v2-0-0/labels/ZM2124816_9260_2018-08.tif,3cl/v2-0-0/images/ZM2124816_2018-08.tif
ZM2361400,9264.0,2,v2.0.0,,,0.8356164383561644,25.8715,-16.9025,2.509162988716571,0.6228675063775511,ZM,2017,3,train,3cl/v2-0-0/labels/ZM2361400_9264_2017-08.tif,3cl/v2-0-0/images/ZM2361400_2017-08.tif
ZM2225522,9263.0,2,v2.0.0,,,0.6941747572815534,26.8365,-16.3525,0.4093881933006558,0.4716996173469387,ZM,2019,3,train,3cl/v2-0-0/labels/ZM2225522_9263_2019-08.tif,3cl/v2-0-0/images/ZM2225522_2019-08.tif
ZM1835427,9255.0,2,v2.0.0,,,0.8117408906882592,27.4815,-15.0675,0.440562896,0.3122010522959184,ZM,2022,3,train,3cl/v2-0-0/labels/ZM1835427_9255_2022-06.tif,3cl/v2-0-0/images/ZM1835427_2022-06.tif
ZM0508449,9354.0,2,v2.0.0,,,0.6941747572815534,29.4115,-11.3425,0.4687476745427504,0.4213368941326531,ZM,2018,3,train,3cl/v2-0-0/labels/ZM0508449_9354_2018-08.tif,3cl/v2-0-0/images/ZM0508449_2018-08.tif
ZM0384537,10307.0,2,v2.0.0,,,0.6625,29.6165,-10.7425,1.0709636626345824,0.7040019132653061,ZM,2021,3,train,3cl/v2-0-0/labels/ZM0384537_10307_2021-06.tif,3cl/v2-0-0/images/ZM0384537_2021-06.tif
ZM0907368,10311.0,2,v2.0.0,,,0.6625,27.9515,-12.7075,1.015385047295472,0.7474689094387755,ZM,2020,3,train,3cl/v2-0-0/labels/ZM0907368_10311_2020-07.tif,3cl/v2-0-0/images/ZM0907368_2020-07.tif
ZM0916653,10312.0,2,v2.0.0,,,0.8303108808290155,27.9915,-12.7375,0.3561617234139183,0.2036431760204081,ZM,2018,3,train,3cl/v2-0-0/labels/ZM0916653_10312_2018-08.tif,3cl/v2-0-0/images/ZM0916653_2018-08.tif
ZM1094394,10314.0,2,v2.0.0,,,0.8303108808290155,32.8065,-13.2325,1.375647365413859,0.2826450892857143,ZM,2019,3,train,3cl/v2-0-0/labels/ZM1094394_10314_2019-08.tif,3cl/v2-0-0/images/ZM1094394_2019-08.tif
ZM1003176,10313.0,2,v2.0.0,,,0.6625,28.7115,-13.0075,1.2131410918349053,0.8105867346938775,ZM,2022,3,train,3cl/v2-0-0/labels/ZM1003176_10313_2022-06.tif,3cl/v2-0-0/images/ZM1003176_2022-06.tif
ZM1182564,10316.0,2,v2.0.0,,,0.6625,23.7765,-13.4475,1.1735511286158231,0.8451052295918368,ZM,2022,3,train,3cl/v2-0-0/labels/ZM1182564_10316_2022-01.tif,3cl/v2-0-0/images/ZM1182564_2022-01.tif
ZM1432074,10319.0,2,v2.0.0,,,0.6625,31.8865,-14.0175,0.7573651705154081,0.9743104272959184,ZM,2018,3,train,3cl/v2-0-0/labels/ZM1432074_10319_2018-08.tif,3cl/v2-0-0/images/ZM1432074_2018-08.tif
ZM1484741,10321.0,2,v2.0.0,,,0.6625,31.0065,-14.1375,1.0634764241730117,0.7341956313775511,ZM,2019,3,train,3cl/v2-0-0/labels/ZM1484741_10321_2019-02.tif,3cl/v2-0-0/images/ZM1484741_2019-02.tif
ZM1517267,10323.0,2,v2.0.0,,,0.6625,32.5365,-14.2125,0.0,0.0,ZM,2017,3,train,3cl/v2-0-0/labels/ZM1517267_10323_2017-08.tif,3cl/v2-0-0/images/ZM1517267_2017-08.tif
ZM1585592,10325.0,2,v2.0.0,,,0.8356164383561644,31.5315,-14.3775,0.1724610969643108,0.001813616,ZM,2017,3,train,3cl/v2-0-0/labels/ZM1585592_10325_2017-08.tif,3cl/v2-0-0/images/ZM1585592_2017-08.tif
ZM1454306,10320.0,2,v2.0.0,,,0.8303108808290155,32.1215,-14.0675,0.4830270106786679,0.1941366390306122,ZM,2021,3,train,3cl/v2-0-0/labels/ZM1454306_10320_2021-09.tif,3cl/v2-0-0/images/ZM1454306_2021-09.tif
ZM1522120,10324.0,2,v2.0.0,,,0.6625,24.9615,-14.2275,0.806096846,0.660774075,ZM,2020,3,train,3cl/v2-0-0/labels/ZM1522120_10324_2020-07.tif,3cl/v2-0-0/images/ZM1522120_2020-07.tif
ZM1853695,10330.0,2,v2.0.0,,,0.6625,28.3015,-15.1225,1.4275618927659075,0.7901387117346939,ZM,2019,3,train,3cl/v2-0-0/labels/ZM1853695_10330_2019-08.tif,3cl/v2-0-0/images/ZM1853695_2019-08.tif
ZM0480806,10309.0,2,v2.0.0,1.0,0.0,0.6302521008403361,33.1665,-11.2175,0.1400125862467503,0.08729273,ZM,2018,3,train,3cl/v2-0-0/labels/ZM0480806_10309_2018-08.tif,3cl/v2-0-0/images/ZM0480806_2018-08.tif
ZM1790564,10329.0,2,v2.0.0,,,0.8303108808290155,26.9815,-14.9325,0.9880683344308407,0.5372090242346939,ZM,2021,3,train,3cl/v2-0-0/labels/ZM1790564_10329_2021-06.tif,3cl/v2-0-0/images/ZM1790564_2021-06.tif
ZM1890124,10333.0,2,v2.0.0,,,0.8303108808290155,28.8665,-15.2325,0.7691737217810729,0.6720742984693877,ZM,2020,3,train,3cl/v2-0-0/labels/ZM1890124_10333_2020-07.tif,3cl/v2-0-0/images/ZM1890124_2020-07.tif
ZM1891496,10334.0,2,v2.0.0,,,0.6941747572815534,27.4515,-15.2375,0.6594227577210988,0.2780213647959184,ZM,2018,3,train,3cl/v2-0-0/labels/ZM1891496_10334_2018-08.tif,3cl/v2-0-0/images/ZM1891496_2018-08.tif
ZM2221548,10336.0,2,v2.0.0,,,0.8303108808290155,27.1665,-16.3375,1.016937109254184,0.8934749681122449,ZM,2017,3,train,3cl/v2-0-0/labels/ZM2221548_10336_2017-08.tif,3cl/v2-0-0/images/ZM2221548_2017-08.tif
ZM2289109,10337.0,2,v2.0.0,,,0.6941747572815534,26.4565,-16.5925,1.7790929252881416,0.9956752232142856,ZM,2022,3,train,3cl/v2-0-0/labels/ZM2289109_10337_2022-06.tif,3cl/v2-0-0/images/ZM2289109_2022-06.tif
ZM2313773,10338.0,2,v2.0.0,,,0.7687224669603524,26.8065,-16.6925,1.3933889668972892,0.6845902423469388,ZM,2019,3,train,3cl/v2-0-0/labels/ZM2313773_10338_2019-08.tif,3cl/v2-0-0/images/ZM2313773_2019-08.tif
ZM2436142,10341.0,2,v2.0.0,,,0.7687224669603524,25.5165,-17.2775,0.4754688220112304,0.1100526147959183,ZM,2018,3,train,3cl/v2-0-0/labels/ZM2436142_10341_2018-08.tif,3cl/v2-0-0/images/ZM2436142_2018-08.tif
ZM2453910,10342.0,2,v2.0.0,,,0.7687224669603524,27.2915,-17.3725,0.7559276471210076,0.2112763073979592,ZM,2020,3,train,3cl/v2-0-0/labels/ZM2453910_10342_2020-07.tif,3cl/v2-0-0/images/ZM2453910_2020-07.tif
ZM2487826,10343.0,2,v2.0.0,,,0.7687224669603524,26.4265,-17.5925,0.6887779114289745,0.1063257334183673,ZM,2018,3,train,3cl/v2-0-0/labels/ZM2487826_10343_2018-08.tif,3cl/v2-0-0/images/ZM2487826_2018-08.tif
ZM2406777,10340.0,2,v2.0.0,,,0.6941747572815534,27.1065,-17.1225,0.3197340368693732,0.5901626275510204,ZM,2022,3,train,3cl/v2-0-0/labels/ZM2406777_10340_2022-06.tif,3cl/v2-0-0/images/ZM2406777_2022-06.tif
ZM2383535,10489.0,2,v2.0.0,1.0,0.0,0.7282051282051282,26.5715,-17.0075,0.254540892,0.093869579,ZM,2019,3,train,3cl/v2-0-0/labels/ZM2383535_10489_2019-08.tif,3cl/v2-0-0/images/ZM2383535_2019-08.tif
ZM1853919,10488.0,2,v2.0.0,,,0.7687224669603524,29.4215,-15.1225,0.9427872750888788,0.7110172193877551,ZM,2018,3,train,3cl/v2-0-0/labels/ZM1853919_10488_2018-08.tif,3cl/v2-0-0/images/ZM1853919_2018-08.tif
ZM1403381,11387.0,2,v2.0.0,,,0.4598930481283422,32.9515,-13.9525,5.798971493,0.4970503826530612,ZM,2022,3,train,3cl/v2-0-0/labels/ZM1403381_11387_2022-09.tif,3cl/v2-0-0/images/ZM1403381_2022-09.tif
ZM0629073,11378.0,2,v2.0.0,,,0.691747573,33.2565,-11.8175,1.7689605175908727,0.7142657844387755,ZM,2017,3,train,3cl/v2-0-0/labels/ZM0629073_11378_2017-08.tif,3cl/v2-0-0/images/ZM0629073_2017-08.tif
ZM0714525,11380.0,2,v2.0.0,,,0.7970297029702971,33.0465,-12.0975,0.6614979343475262,0.3487324617346938,ZM,2022,3,train,3cl/v2-0-0/labels/ZM0714525_11380_2022-09.tif,3cl/v2-0-0/images/ZM0714525_2022-09.tif
ZM1396419,11385.0,2,v2.0.0,,,0.7970297029702971,31.2465,-13.9375,1.052829323154085,0.2321229272959183,ZM,2017,3,train,3cl/v2-0-0/labels/ZM1396419_11385_2017-02.tif,3cl/v2-0-0/images/ZM1396419_2017-02.tif
ZM1928344,11399.0,2,v2.0.0,,,0.691747573,28.4015,-15.3475,4.233173458,0.060168208,ZM,2017,3,train,3cl/v2-0-0/labels/ZM1928344_11399_2017-08.tif,3cl/v2-0-0/images/ZM1928344_2017-08.tif
ZM1482237,11391.0,2,v2.0.0,,,0.5787037037037037,29.3415,-14.1325,2.9015146208800773,0.4781967474489796,ZM,2019,3,train,3cl/v2-0-0/labels/ZM1482237_11391_2019-08.tif,3cl/v2-0-0/images/ZM1482237_2019-08.tif
ZM1795283,11395.0,2,v2.0.0,,,0.8356164383561644,25.3015,-14.9475,1.1122564924547191,0.4067283163265306,ZM,2019,3,train,3cl/v2-0-0/labels/ZM1795283_11395_2019-08.tif,3cl/v2-0-0/images/ZM1795283_2019-08.tif
ZM1868368,11398.0,2,v2.0.0,,,0.4598930481283422,27.4915,-15.1675,4.143445301841278,0.8208705357142857,ZM,2018,3,train,3cl/v2-0-0/labels/ZM1868368_11398_2018-08.tif,3cl/v2-0-0/images/ZM1868368_2018-08.tif
ZM2164741,11404.0,2,v2.0.0,,,0.691747573,28.8365,-16.1275,0.0,0.0,ZM,2021,3,train,3cl/v2-0-0/labels/ZM2164741_11404_2021-06.tif,3cl/v2-0-0/images/ZM2164741_2021-06.tif
ZM0718232,11381.0,2,v2.0.0,,,0.8043478260869565,26.3565,-12.1125,0.5399677864144184,0.065987723,ZM,2018,3,train,3cl/v2-0-0/labels/ZM0718232_11381_2018-08.tif,3cl/v2-0-0/images/ZM0718232_2018-08.tif
ZM2280080,11408.0,2,v2.0.0,,,0.691747573,26.1365,-16.5575,3.858937578641808,0.5565210459183674,ZM,2020,3,train,3cl/v2-0-0/labels/ZM2280080_11408_2020-07.tif,3cl/v2-0-0/images/ZM2280080_2020-07.tif
ZM2190342,11407.0,2,v2.0.0,,,0.8356164383561644,26.8565,-16.2225,1.187391619,0.3910634566326531,ZM,2019,3,train,3cl/v2-0-0/labels/ZM2190342_11407_2019-08.tif,3cl/v2-0-0/images/ZM2190342_2019-08.tif
ZM2179770,11406.0,2,v2.0.0,,,0.8043478260869565,28.6665,-16.1825,0.8947958306426415,0.1879583864795918,ZM,2022,3,train,3cl/v2-0-0/labels/ZM2179770_11406_2022-06.tif,3cl/v2-0-0/images/ZM2179770_2022-06.tif
ZM0005899,11374.0,2,v2.0.0,,,0.8117408906882592,29.5015,-8.4125,0.600643399,0.8508450255102041,ZM,2017,3,train,3cl/v2-0-0/labels/ZM0005899_11374_2017-08.tif,3cl/v2-0-0/images/ZM0005899_2017-08.tif
ZM0096554,11377.0,2,v2.0.0,,,0.691747573,31.5515,-9.2125,0.6296424358795295,0.122329401,ZM,2019,3,train,3cl/v2-0-0/labels/ZM0096554_11377_2019-08.tif,3cl/v2-0-0/images/ZM0096554_2019-08.tif
ZM0053663,11376.0,2,v2.0.0,,,0.5787037037037037,31.6265,-8.9075,1.4146432981282318,0.4743303571428571,ZM,2019,3,train,3cl/v2-0-0/labels/ZM0053663_11376_2019-08.tif,3cl/v2-0-0/images/ZM0053663_2019-08.tif
ZM0701748,11379.0,2,v2.0.0,,,0.6305841924398625,33.1115,-12.0575,0.4185764241652036,0.3850446428571428,ZM,2021,3,train,3cl/v2-0-0/labels/ZM0701748_11379_2021-09.tif,3cl/v2-0-0/images/ZM0701748_2021-09.tif
ZM0230232,12586.0,2,v2.0.0,,,0.8356164383561644,32.4265,-9.9525,0.419817307,0.1665736607142857,ZM,2018,3,train,3cl/v2-0-0/labels/ZM0230232_12586_2018-08.tif,3cl/v2-0-0/images/ZM0230232_2018-08.tif
ZM0890227,12589.0,2,v2.0.0,,,0.8356164383561644,27.8115,-12.6525,1.124588468088021,0.3685028698979591,ZM,2020,3,train,3cl/v2-0-0/labels/ZM0890227_12589_2020-07.tif,3cl/v2-0-0/images/ZM0890227_2020-07.tif
ZM1089503,12592.0,2,v2.0.0,,,0.8356164383561644,28.0065,-13.2225,0.9278761758127284,0.4250039859693877,ZM,2017,3,train,3cl/v2-0-0/labels/ZM1089503_12592_2017-08.tif,3cl/v2-0-0/images/ZM1089503_2017-08.tif
ZM1261090,12593.0,2,v2.0.0,,,0.8356164383561644,27.9765,-13.6275,10.890182994489372,0.6537786989795918,ZM,2017,3,train,3cl/v2-0-0/labels/ZM1261090_12593_2017-08.tif,3cl/v2-0-0/images/ZM1261090_2017-08.tif
ZM0967562,12591.0,2,v2.0.0,,,0.4598930481283422,32.9115,-12.8975,0.871494118,0.4306441326530612,ZM,2021,3,train,3cl/v2-0-0/labels/ZM0967562_12591_2021-09.tif,3cl/v2-0-0/images/ZM0967562_2021-09.tif
ZM1581466,12600.0,2,v2.0.0,,,0.4598930481283422,31.1165,-14.3675,1.797097408950453,0.4497369260204081,ZM,2018,3,train,3cl/v2-0-0/labels/ZM1581466_12600_2018-08.tif,3cl/v2-0-0/images/ZM1581466_2018-08.tif
ZM1615551,12601.0,2,v2.0.0,,,0.4598930481283422,31.6715,-14.4525,5.287783140618429,0.6748644770408163,ZM,2019,3,train,3cl/v2-0-0/labels/ZM1615551_12601_2019-08.tif,3cl/v2-0-0/images/ZM1615551_2019-08.tif
ZM1300917,12594.0,2,v2.0.0,,,0.8356164383561644,32.6015,-13.7175,0.3938470966420835,0.6555524553571429,ZM,2018,3,train,3cl/v2-0-0/labels/ZM1300917_12594_2018-08.tif,3cl/v2-0-0/images/ZM1300917_2018-08.tif
ZM1649953,12603.0,2,v2.0.0,,,0.8356164383561644,28.1465,-14.5425,1.6356255860188396,0.5285794005102041,ZM,2021,3,train,3cl/v2-0-0/labels/ZM1649953_12603_2021-06.tif,3cl/v2-0-0/images/ZM1649953_2021-06.tif
ZM1702224,12604.0,2,v2.0.0,,,0.8356164383561644,24.5515,-14.6825,1.0346472087674423,0.1359813456632653,ZM,2022,3,train,3cl/v2-0-0/labels/ZM1702224_12604_2022-06.tif,3cl/v2-0-0/images/ZM1702224_2022-06.tif
ZM1847186,12606.0,2,v2.0.0,,,0.8356164383561644,28.6915,-15.1025,0.8242681406014751,0.3622448979591837,ZM,2017,3,train,3cl/v2-0-0/labels/ZM1847186_12606_2017-08.tif,3cl/v2-0-0/images/ZM1847186_2017-08.tif
ZM1861636,12608.0,2,v2.0.0,,,0.8356164383561644,26.8265,-15.1475,1.439527253126265,0.4715401785714285,ZM,2019,3,train,3cl/v2-0-0/labels/ZM1861636_12608_2019-08.tif,3cl/v2-0-0/images/ZM1861636_2019-08.tif
ZM2164674,12613.0,2,v2.0.0,,,0.8356164383561644,28.5015,-16.1275,0.5888947935952521,0.082728795,ZM,2017,3,train,3cl/v2-0-0/labels/ZM2164674_12613_2017-08.tif,3cl/v2-0-0/images/ZM2164674_2017-08.tif
ZM2167104,12614.0,2,v2.0.0,,,0.8356164383561644,26.9365,-16.1375,0.6508146766853385,0.9336336096938777,ZM,2020,3,train,3cl/v2-0-0/labels/ZM2167104_12614_2020-07.tif,3cl/v2-0-0/images/ZM2167104_2020-07.tif
ZM2171113,12615.0,2,v2.0.0,,,0.8356164383561644,26.4265,-16.1525,3.292741377923312,0.6840122767857143,ZM,2021,3,train,3cl/v2-0-0/labels/ZM2171113_12615_2021-06.tif,3cl/v2-0-0/images/ZM2171113_2021-06.tif
ZM2316066,12617.0,2,v2.0.0,,,0.8356164383561644,26.3415,-16.7025,0.9923316929085102,0.5245137117346939,ZM,2020,3,train,3cl/v2-0-0/labels/ZM2316066_12617_2020-07.tif,3cl/v2-0-0/images/ZM2316066_2020-07.tif
ZM2439978,12619.0,2,v2.0.0,,,0.8356164383561644,26.2115,-17.2975,0.9538911731266488,0.6445711096938775,ZM,2022,3,train,3cl/v2-0-0/labels/ZM2439978_12619_2022-06.tif,3cl/v2-0-0/images/ZM2439978_2022-06.tif
ZM2445380,12620.0,2,v2.0.0,,,0.8356164383561644,25.6115,-17.3275,1.8149252732532213,0.109016263,ZM,2018,3,train,3cl/v2-0-0/labels/ZM2445380_12620_2018-08.tif,3cl/v2-0-0/images/ZM2445380_2018-08.tif
ZM2451250,12621.0,2,v2.0.0,,,0.8356164383561644,27.5815,-17.3575,0.0,0.0,ZM,2017,3,train,3cl/v2-0-0/labels/ZM2451250_12621_2017-08.tif,3cl/v2-0-0/images/ZM2451250_2017-08.tif
ZM1855462,12607.0,2,v2.0.0,,,0.4598930481283422,28.9015,-15.1275,2.4114162035460933,0.2775829081632653,ZM,2021,3,train,3cl/v2-0-0/labels/ZM1855462_12607_2021-06.tif,3cl/v2-0-0/images/ZM1855462_2021-06.tif
ZM2334693,12618.0,2,v2.0.0,,,0.8043478260869565,26.2265,-16.7825,1.6478418933117651,0.7012316645408163,ZM,2020,3,train,3cl/v2-0-0/labels/ZM2334693_12618_2020-07.tif,3cl/v2-0-0/images/ZM2334693_2020-07.tif
ZM0273142,12837.0,2,v2.0.0,,,0.691747573,33.4615,-10.1775,0.0,0.0,ZM,2020,3,train,3cl/v2-0-0/labels/ZM0273142_12837_2020-09.tif,3cl/v2-0-0/images/ZM0273142_2020-09.tif
ZM2137153,12865.0,2,v2.0.0,,,0.6480446927374302,27.9165,-16.0275,2.8543005218381063,0.2507772640306122,ZM,2022,3,train,3cl/v2-0-0/labels/ZM2137153_12865_2022-06.tif,3cl/v2-0-0/images/ZM2137153_2022-06.tif
ZM0066457,13650.0,2,v2.0.0,1.0,0.0,0.6480446927374302,29.0265,-9.0125,1.3438823443009285,0.172313457,ZM,2017,3,train,3cl/v2-0-0/labels/ZM0066457_13650_2017-08.tif,3cl/v2-0-0/images/ZM0066457_2017-08.tif
ZM0335334,13652.0,2,v2.0.0,1.0,0.5,0.6480446927374302,32.7115,-10.4925,3.2819851146140446,0.2707868303571428,ZM,2019,3,train,3cl/v2-0-0/labels/ZM0335334_13652_2019-08.tif,3cl/v2-0-0/images/ZM0335334_2019-08.tif
ZM0584572,13653.0,2,v2.0.0,,,0.6480446927374302,31.4915,-11.6525,0.5402484379278341,0.1192004145408163,ZM,2017,3,train,3cl/v2-0-0/labels/ZM0584572_13653_2017-08.tif,3cl/v2-0-0/images/ZM0584572_2017-08.tif
ZM0660618,13654.0,2,v2.0.0,,,0.6480446927374302,32.9965,-11.9275,2.7830904244629315,0.5274035395408163,ZM,2019,3,train,3cl/v2-0-0/labels/ZM0660618_13654_2019-08.tif,3cl/v2-0-0/images/ZM0660618_2019-08.tif
ZM0857119,13656.0,2,v2.0.0,,,0.6305841924398625,28.3115,-12.5475,0.5552447844513835,0.2760881696428571,ZM,2022,3,train,3cl/v2-0-0/labels/ZM0857119_13656_2022-06.tif,3cl/v2-0-0/images/ZM0857119_2022-06.tif
ZM0908895,13658.0,2,v2.0.0,,,0.8356164383561644,27.8565,-12.7125,0.7123531973106619,0.5190927933673469,ZM,2019,3,train,3cl/v2-0-0/labels/ZM0908895_13658_2019-08.tif,3cl/v2-0-0/images/ZM0908895_2019-08.tif
ZM0789951,13655.0,2,v2.0.0,,,0.6480446927374302,33.5265,-12.3375,0.889771765,0.5463169642857143,ZM,2020,3,train,3cl/v2-0-0/labels/ZM0789951_13655_2020-09.tif,3cl/v2-0-0/images/ZM0789951_2020-09.tif
ZM1521262,13667.0,2,v2.0.0,,,0.8356164383561644,31.2715,-14.2225,0.3476081161873655,0.1349848533163265,ZM,2021,3,train,3cl/v2-0-0/labels/ZM1521262_13667_2021-01.tif,3cl/v2-0-0/images/ZM1521262_2021-01.tif
ZM1611497,13668.0,2,v2.0.0,,,0.8356164383561644,31.1815,-14.4425,0.789922244,0.8393654336734694,ZM,2019,3,train,3cl/v2-0-0/labels/ZM1611497_13668_2019-08.tif,3cl/v2-0-0/images/ZM1611497_2019-08.tif
ZM1695471,13670.0,2,v2.0.0,,,0.8356164383561644,27.7365,-14.6625,1.0872951642364843,0.8633609693877551,ZM,2017,3,train,3cl/v2-0-0/labels/ZM1695471_13670_2017-08.tif,3cl/v2-0-0/images/ZM1695471_2017-08.tif
ZM1772208,13672.0,2,v2.0.0,,,0.8356164383561644,28.6915,-14.8775,1.424604536914422,0.7141860650510204,ZM,2022,3,train,3cl/v2-0-0/labels/ZM1772208_13672_2022-06.tif,3cl/v2-0-0/images/ZM1772208_2022-06.tif
ZM1880220,13674.0,2,v2.0.0,,,0.8356164383561644,28.9315,-15.2025,0.2425508038002014,0.079819037,ZM,2019,3,train,3cl/v2-0-0/labels/ZM1880220_13674_2019-08.tif,3cl/v2-0-0/images/ZM1880220_2019-08.tif
ZM1943442,13675.0,2,v2.0.0,,,0.8356164383561644,28.4265,-15.3925,0.0,0.0,ZM,2021,3,train,3cl/v2-0-0/labels/ZM1943442_13675_2021-06.tif,3cl/v2-0-0/images/ZM1943442_2021-06.tif
ZM2244355,13676.0,2,v2.0.0,,,0.8356164383561644,26.9365,-16.4225,0.3469567009089204,0.024832589,ZM,2019,3,train,3cl/v2-0-0/labels/ZM2244355_13676_2019-08.tif,3cl/v2-0-0/images/ZM2244355_2019-08.tif
ZM0918275,13659.0,2,v2.0.0,,,0.6305841924398625,28.3665,-12.7425,0.3558084768372967,0.1790696747448979,ZM,2017,3,train,3cl/v2-0-0/labels/ZM0918275_13659_2017-08.tif,3cl/v2-0-0/images/ZM0918275_2017-08.tif
ZM0727286,14686.0,2,v2.0.0,,,0.706386293,33.2015,-12.1375,2.4259964177059192,0.7443598533163265,ZM,2017,3,train,3cl/v2-0-0/labels/ZM0727286_14686_2017-08.tif,3cl/v2-0-0/images/ZM0727286_2017-08.tif
ZM0865541,14687.0,2,v2.0.0,0.0,0.0,0.706386293,31.9715,-12.5725,0.0,0.0,ZM,2022,3,train,3cl/v2-0-0/labels/ZM0865541_14687_2022-07.tif,3cl/v2-0-0/images/ZM0865541_2022-07.tif
ZM0979164,14688.0,2,v2.0.0,,,0.706386293,26.0765,-12.9375,1.7473003918288426,0.3148517219387755,ZM,2017,3,train,3cl/v2-0-0/labels/ZM0979164_14688_2017-08.tif,3cl/v2-0-0/images/ZM0979164_2017-08.tif
ZM1047947,14689.0,2,v2.0.0,,,0.706386293,32.9765,-13.1175,3.540509281834066,0.4351682079081632,ZM,2018,3,train,3cl/v2-0-0/labels/ZM1047947_14689_2018-08.tif,3cl/v2-0-0/images/ZM1047947_2018-08.tif
ZM1157969,14690.0,2,v2.0.0,,,0.706386293,29.1015,-13.3875,0.0,0.0,ZM,2021,3,train,3cl/v2-0-0/labels/ZM1157969_14690_2021-06.tif,3cl/v2-0-0/images/ZM1157969_2021-06.tif
ZM1202913,14691.0,2,v2.0.0,,,0.706386293,27.8165,-13.4925,2.7429504446024264,0.7497409119897959,ZM,2022,3,train,3cl/v2-0-0/labels/ZM1202913_14691_2022-06.tif,3cl/v2-0-0/images/ZM1202913_2022-06.tif
ZM1264959,14692.0,2,v2.0.0,,,0.706386293,25.8915,-13.6375,1.4158625258098234,0.1180046237244897,ZM,2022,3,train,3cl/v2-0-0/labels/ZM1264959_14692_2022-06.tif,3cl/v2-0-0/images/ZM1264959_2022-06.tif
ZM1273997,14693.0,2,v2.0.0,,,0.706386293,27.9165,-13.6575,4.069505325457215,0.487125319,ZM,2019,3,train,3cl/v2-0-0/labels/ZM1273997_14693_2019-08.tif,3cl/v2-0-0/images/ZM1273997_2019-08.tif
ZM1335438,14694.0,2,v2.0.0,,,0.706386293,32.2365,-13.7975,1.310252358997961,0.5504025829081632,ZM,2018,3,train,3cl/v2-0-0/labels/ZM1335438_14694_2018-02.tif,3cl/v2-0-0/images/ZM1335438_2018-02.tif
ZM1374770,14695.0,2,v2.0.0,,,0.706386293,32.5415,-13.8875,1.3242218727027328,0.7489237882653061,ZM,2022,3,train,3cl/v2-0-0/labels/ZM1374770_14695_2022-09.tif,3cl/v2-0-0/images/ZM1374770_2022-09.tif
ZM1392178,14696.0,2,v2.0.0,,,0.706386293,31.9665,-13.9275,0.9155351418208204,0.2273796237244898,ZM,2018,3,train,3cl/v2-0-0/labels/ZM1392178_14696_2018-08.tif,3cl/v2-0-0/images/ZM1392178_2018-08.tif
ZM1440883,14698.0,2,v2.0.0,,,0.7970297029702971,31.4915,-14.0375,2.112422339,0.2875876913265306,ZM,2018,3,train,3cl/v2-0-0/labels/ZM1440883_14698_2018-02.tif,3cl/v2-0-0/images/ZM1440883_2018-02.tif
ZM1489258,14700.0,2,v2.0.0,,,0.7970297029702971,31.9265,-14.1475,0.8874747268280107,0.8612085459183674,ZM,2019,3,train,3cl/v2-0-0/labels/ZM1489258_14700_2019-08.tif,3cl/v2-0-0/images/ZM1489258_2019-08.tif
ZM1534783,14702.0,2,v2.0.0,,,0.7970297029702971,24.9215,-14.2575,1.1756883684195734,0.5994698660714286,ZM,2018,3,train,3cl/v2-0-0/labels/ZM1534783_14702_2018-08.tif,3cl/v2-0-0/images/ZM1534783_2018-08.tif
ZM1442685,14699.0,2,v2.0.0,,,0.6305841924398625,29.4015,-14.0425,1.187634013148417,0.381038744,ZM,2021,3,train,3cl/v2-0-0/labels/ZM1442685_14699_2021-06.tif,3cl/v2-0-0/images/ZM1442685_2021-06.tif
ZM1580225,14705.0,2,v2.0.0,,,0.6305841924398625,24.9115,-14.3675,0.5915126045989416,0.057597258,ZM,2020,3,train,3cl/v2-0-0/labels/ZM1580225_14705_2020-07.tif,3cl/v2-0-0/images/ZM1580225_2020-07.tif
ZM1619296,14707.0,2,v2.0.0,,,0.6305841924398625,30.6565,-14.4625,0.2846119618662361,0.1430564413265306,ZM,2022,3,train,3cl/v2-0-0/labels/ZM1619296_14707_2022-01.tif,3cl/v2-0-0/images/ZM1619296_2022-01.tif
ZM1763228,14712.0,2,v2.0.0,,,0.825,26.7965,-14.8525,0.6550187784811669,0.329280931,ZM,2019,3,train,3cl/v2-0-0/labels/ZM1763228_14712_2019-08.tif,3cl/v2-0-0/images/ZM1763228_2019-08.tif
ZM1909793,14714.0,2,v2.0.0,,,0.6305841924398625,27.6115,-15.2925,0.989136196,0.3655133928571428,ZM,2022,3,train,3cl/v2-0-0/labels/ZM1909793_14714_2022-06.tif,3cl/v2-0-0/images/ZM1909793_2022-06.tif
ZM2259157,14717.0,2,v2.0.0,,,0.7282051282051282,27.3615,-16.4775,1.003833433719197,0.2411710778061224,ZM,2020,3,train,3cl/v2-0-0/labels/ZM2259157_14717_2020-07.tif,3cl/v2-0-0/images/ZM2259157_2020-07.tif
ZM2304105,14718.0,2,v2.0.0,,,0.7282051282051282,26.8065,-16.6525,0.4313535355849062,0.5795400191326531,ZM,2018,3,train,3cl/v2-0-0/labels/ZM2304105_14718_2018-08.tif,3cl/v2-0-0/images/ZM2304105_2018-08.tif
ZM2387447,14720.0,2,v2.0.0,,,0.7282051282051282,25.7165,-17.0275,0.4534952342043002,0.3067402742346938,ZM,2021,3,train,3cl/v2-0-0/labels/ZM2387447_14720_2021-06.tif,3cl/v2-0-0/images/ZM2387447_2021-06.tif
ZM2473269,14722.0,2,v2.0.0,,,0.825,26.8565,-17.4825,0.5244214259184969,0.1266342474489795,ZM,2020,3,train,3cl/v2-0-0/labels/ZM2473269_14722_2020-07.tif,3cl/v2-0-0/images/ZM2473269_2020-07.tif
ZM2451986,14721.0,2,v2.0.0,,,0.7282051282051282,26.7265,-17.3625,1.2178892684842642,0.3233418367346938,ZM,2018,3,train,3cl/v2-0-0/labels/ZM2451986_14721_2018-08.tif,3cl/v2-0-0/images/ZM2451986_2018-08.tif
ZM1544555,14703.0,2,v2.0.0,,,0.7970297029702971,31.7815,-14.2775,2.823948188463196,0.7394571109693877,ZM,2019,3,train,3cl/v2-0-0/labels/ZM1544555_14703_2019-02.tif,3cl/v2-0-0/images/ZM1544555_2019-02.tif
ZM1438685,14697.0,2,v2.0.0,,,0.706386293,31.6065,-14.0325,2.053191726972016,0.8622648278061225,ZM,2017,3,train,3cl/v2-0-0/labels/ZM1438685_14697_2017-02.tif,3cl/v2-0-0/images/ZM1438685_2017-02.tif
ZM0343909,15700.0,2,v2.0.0,,,0.5401376146788991,30.4465,-10.5375,0.6415785967124525,0.1211933992346938,ZM,2021,3,train,3cl/v2-0-0/labels/ZM0343909_15700_2021-07.tif,3cl/v2-0-0/images/ZM0343909_2021-07.tif
ZM0104081,15698.0,2,v2.0.0,,,0.6941747572815534,31.8665,-9.2575,0.3841917607426126,0.3326889349489796,ZM,2020,3,train,3cl/v2-0-0/labels/ZM0104081_15698_2020-07.tif,3cl/v2-0-0/images/ZM0104081_2020-07.tif
ZM0957466,15705.0,2,v2.0.0,,,0.6941747572815534,30.3415,-12.8675,0.4626825217055035,0.3136758609693877,ZM,2021,3,train,3cl/v2-0-0/labels/ZM0957466_15705_2021-01.tif,3cl/v2-0-0/images/ZM0957466_2021-01.tif
ZM1127650,15706.0,2,v2.0.0,,,0.6941747572815534,23.4865,-13.3175,0.0,0.0,ZM,2022,3,train,3cl/v2-0-0/labels/ZM1127650_15706_2022-06.tif,3cl/v2-0-0/images/ZM1127650_2022-06.tif
ZM1189995,15708.0,2,v2.0.0,,,0.8707482993197279,28.3015,-13.4625,0.7783593954361584,0.5857979910714286,ZM,2021,3,train,3cl/v2-0-0/labels/ZM1189995_15708_2021-06.tif,3cl/v2-0-0/images/ZM1189995_2021-06.tif
ZM1339079,15709.0,2,v2.0.0,,,0.8707482993197279,28.6965,-13.8075,1.0066791906001236,0.6839126275510204,ZM,2022,3,train,3cl/v2-0-0/labels/ZM1339079_15709_2022-06.tif,3cl/v2-0-0/images/ZM1339079_2022-06.tif
ZM1381362,15714.0,2,v2.0.0,,,0.8707482993197279,32.6465,-13.9025,0.7807596975137515,0.3197345344387755,ZM,2018,3,train,3cl/v2-0-0/labels/ZM1381362_15714_2018-08.tif,3cl/v2-0-0/images/ZM1381362_2018-08.tif
ZM1392145,15715.0,2,v2.0.0,,,0.8707482993197279,31.8015,-13.9275,0.7563584527121562,0.5636957908163265,ZM,2017,3,train,3cl/v2-0-0/labels/ZM1392145_15715_2017-02.tif,3cl/v2-0-0/images/ZM1392145_2017-02.tif
ZM1433727,15716.0,2,v2.0.0,,,0.8707482993197279,29.0365,-14.0225,0.8767459204769538,0.2444196428571428,ZM,2021,3,train,3cl/v2-0-0/labels/ZM1433727_15716_2021-06.tif,3cl/v2-0-0/images/ZM1433727_2021-06.tif
ZM1476279,15718.0,2,v2.0.0,,,0.8707482993197279,32.2015,-14.1175,0.9413418110903724,0.9936025191326532,ZM,2022,3,train,3cl/v2-0-0/labels/ZM1476279_15718_2022-09.tif,3cl/v2-0-0/images/ZM1476279_2022-09.tif
ZM1527157,15719.0,2,v2.0.0,,,0.8707482993197279,28.9765,-14.2375,1.4681980849203538,0.3711535395408163,ZM,2019,3,train,3cl/v2-0-0/labels/ZM1527157_15719_2019-08.tif,3cl/v2-0-0/images/ZM1527157_2019-08.tif
ZM1602952,15721.0,2,v2.0.0,,,0.8707482993197279,28.1365,-14.4225,0.6946452423521218,0.4723373724489796,ZM,2018,3,train,3cl/v2-0-0/labels/ZM1602952_15721_2018-08.tif,3cl/v2-0-0/images/ZM1602952_2018-08.tif
ZM1726526,15724.0,2,v2.0.0,,,0.7687224669603524,27.8015,-14.7475,2.9604999768145017,0.3444674744897959,ZM,2017,3,train,3cl/v2-0-0/labels/ZM1726526_15724_2017-08.tif,3cl/v2-0-0/images/ZM1726526_2017-08.tif
ZM1146490,15707.0,2,v2.0.0,,,0.6941747572815534,24.0165,-13.3625,0.4379609914435613,0.2150031887755102,ZM,2019,3,train,3cl/v2-0-0/labels/ZM1146490_15707_2019-08.tif,3cl/v2-0-0/images/ZM1146490_2019-08.tif
ZM1901394,15726.0,2,v2.0.0,,,0.6941747572815534,27.2165,-15.2675,0.0,0.0,ZM,2017,3,train,3cl/v2-0-0/labels/ZM1901394_15726_2017-08.tif,3cl/v2-0-0/images/ZM1901394_2017-08.tif
ZM1908247,15727.0,2,v2.0.0,,,0.6941747572815534,28.2115,-15.2875,0.8512393819973555,0.5055205676020408,ZM,2020,3,train,3cl/v2-0-0/labels/ZM1908247_15727_2020-07.tif,3cl/v2-0-0/images/ZM1908247_2020-07.tif
ZM2128525,15729.0,2,v2.0.0,,,0.6941747572815534,26.0365,-15.9975,0.0,0.0,ZM,2021,3,train,3cl/v2-0-0/labels/ZM2128525_15729_2021-06.tif,3cl/v2-0-0/images/ZM2128525_2021-06.tif
ZM1744143,15725.0,2,v2.0.0,,,0.7687224669603524,27.1615,-14.7975,1.5330194984967205,0.7874880420918368,ZM,2017,3,train,3cl/v2-0-0/labels/ZM1744143_15725_2017-08.tif,3cl/v2-0-0/images/ZM1744143_2017-08.tif
ZM2216095,15734.0,2,v2.0.0,,,0.7282051282051282,26.8315,-16.3175,0.6058057014273032,0.7956991390306123,ZM,2019,3,train,3cl/v2-0-0/labels/ZM2216095_15734_2019-08.tif,3cl/v2-0-0/images/ZM2216095_2019-08.tif
ZM2190319,15733.0,2,v2.0.0,,,0.7687224669603524,26.7415,-16.2225,1.0379895957691514,0.8519610969387755,ZM,2022,3,train,3cl/v2-0-0/labels/ZM2190319_15733_2022-06.tif,3cl/v2-0-0/images/ZM2190319_2022-06.tif
ZM2259124,15735.0,2,v2.0.0,,,0.7282051282051282,27.1965,-16.4775,1.1820316819668677,0.2851761798469387,ZM,2021,3,train,3cl/v2-0-0/labels/ZM2259124_15735_2021-06.tif,3cl/v2-0-0/images/ZM2259124_2021-06.tif
ZM2357132,15737.0,2,v2.0.0,,,0.7282051282051282,26.2065,-16.8825,3.5901158803710858,0.9619339923469388,ZM,2017,3,train,3cl/v2-0-0/labels/ZM2357132_15737_2017-08.tif,3cl/v2-0-0/images/ZM2357132_2017-08.tif
ZM2447408,15738.0,2,v2.0.0,,,0.7282051282051282,26.5915,-17.3375,0.5127922651035274,0.1760602678571428,ZM,2021,3,train,3cl/v2-0-0/labels/ZM2447408_15738_2021-06.tif,3cl/v2-0-0/images/ZM2447408_2021-06.tif
ZM2322189,15736.0,2,v2.0.0,,,0.7687224669603524,27.4815,-16.7275,0.4424782341416003,0.2822066326530612,ZM,2021,3,train,3cl/v2-0-0/labels/ZM2322189_15736_2021-06.tif,3cl/v2-0-0/images/ZM2322189_2021-06.tif
ZM2472503,15739.0,2,v2.0.0,,,0.7282051282051282,27.2715,-17.4775,0.0,0.0,ZM,2017,3,train,3cl/v2-0-0/labels/ZM2472503_15739_2017-08.tif,3cl/v2-0-0/images/ZM2472503_2017-08.tif
ZM2186412,15731.0,2,v2.0.0,,,0.6941747572815534,27.6815,-16.2075,0.6985621210052564,0.9939213966836736,ZM,2021,3,train,3cl/v2-0-0/labels/ZM2186412_15731_2021-06.tif,3cl/v2-0-0/images/ZM2186412_2021-06.tif
ZM0468240,15702.0,2,v2.0.0,,,0.8117408906882592,28.8865,-11.1625,0.2272464893175017,0.3018375318877551,ZM,2021,3,train,3cl/v2-0-0/labels/ZM0468240_15702_2021-06.tif,3cl/v2-0-0/images/ZM0468240_2021-06.tif
ZM0677663,15703.0,2,v2.0.0,,,0.5401376146788991,33.0165,-11.9825,1.107886143,0.4885004783163265,ZM,2017,3,train,3cl/v2-0-0/labels/ZM0677663_15703_2017-08.tif,3cl/v2-0-0/images/ZM0677663_2017-08.tif
ZM1356661,15710.0,2,v2.0.0,,,0.6625,29.4215,-13.8475,10.238984438443746,0.917709662,ZM,2022,3,train,3cl/v2-0-0/labels/ZM1356661_15710_2022-06.tif,3cl/v2-0-0/images/ZM1356661_2022-06.tif
ZM0299876,16114.0,2,v2.0.0,0.0,0.0,0.6625,28.6715,-10.3175,0.3037810219489628,0.2951809630102041,ZM,2019,3,train,3cl/v2-0-0/labels/ZM0299876_16114_2019-08.tif,3cl/v2-0-0/images/ZM0299876_2019-08.tif
ZM0285034,16712.0,2,v2.0.0,,,0.8043478260869565,28.5815,-10.2425,0.6993367838658183,0.1415816326530612,ZM,2017,3,train,3cl/v2-0-0/labels/ZM0285034_16712_2017-08.tif,3cl/v2-0-0/images/ZM0285034_2017-08.tif
ZM0546808,16714.0,2,v2.0.0,,,0.691747573,31.3615,-11.5025,0.2352928220075222,0.045798788,ZM,2022,3,train,3cl/v2-0-0/labels/ZM0546808_16714_2022-07.tif,3cl/v2-0-0/images/ZM0546808_2022-07.tif
ZM1055383,16717.0,2,v2.0.0,1.0,0.0,0.691747573,30.0515,-13.1375,1.596068114486453,0.111587213,ZM,2018,3,train,3cl/v2-0-0/labels/ZM1055383_16717_2018-02.tif,3cl/v2-0-0/images/ZM1055383_2018-02.tif
ZM1201151,16719.0,2,v2.0.0,,,0.691747573,29.8515,-13.4875,1.0100295620961814,0.061941964,ZM,2020,3,train,3cl/v2-0-0/labels/ZM1201151_16719_2020-07.tif,3cl/v2-0-0/images/ZM1201151_2020-07.tif
ZM0990867,16716.0,2,v2.0.0,,,0.7239819004524887,28.7765,-12.9725,0.680014579,0.1627471301020408,ZM,2018,3,train,3cl/v2-0-0/labels/ZM0990867_16716_2018-08.tif,3cl/v2-0-0/images/ZM0990867_2018-08.tif
ZM1183424,16718.0,2,v2.0.0,,,0.4913793103448275,28.0765,-13.4475,0.4734780452431994,0.038145727,ZM,2022,3,train,3cl/v2-0-0/labels/ZM1183424_16718_2022-06.tif,3cl/v2-0-0/images/ZM1183424_2022-06.tif
ZM1277087,16720.0,2,v2.0.0,,,0.691747573,32.5615,-13.6625,0.5270068463068921,0.058235013,ZM,2020,3,train,3cl/v2-0-0/labels/ZM1277087_16720_2020-07.tif,3cl/v2-0-0/images/ZM1277087_2020-07.tif
ZM1339121,16721.0,2,v2.0.0,,,0.7239819004524887,28.9065,-13.8075,1.843731447510141,0.2878467793367347,ZM,2022,3,train,3cl/v2-0-0/labels/ZM1339121_16721_2022-06.tif,3cl/v2-0-0/images/ZM1339121_2022-06.tif
ZM1491554,16724.0,2,v2.0.0,,,0.7239819004524887,32.5965,-14.1525,1.442098074916315,0.244399713,ZM,2021,3,train,3cl/v2-0-0/labels/ZM1491554_16724_2021-09.tif,3cl/v2-0-0/images/ZM1491554_2021-09.tif
ZM1539642,16726.0,2,v2.0.0,,,0.691747573,28.1965,-14.2675,1.6663850852169635,0.6138791454081632,ZM,2022,3,train,3cl/v2-0-0/labels/ZM1539642_16726_2022-06.tif,3cl/v2-0-0/images/ZM1539642_2022-06.tif
ZM1534178,16725.0,2,v2.0.0,,,0.7970297029702971,32.4215,-14.2525,0.8084771385341539,0.3655532525510204,ZM,2021,3,train,3cl/v2-0-0/labels/ZM1534178_16725_2021-09.tif,3cl/v2-0-0/images/ZM1534178_2021-09.tif
ZM1637092,16727.0,2,v2.0.0,,,0.7239819004524887,31.4715,-14.5075,1.2455178324061258,0.092275191,ZM,2022,3,train,3cl/v2-0-0/labels/ZM1637092_16727_2022-09.tif,3cl/v2-0-0/images/ZM1637092_2022-09.tif
ZM1638235,16728.0,2,v2.0.0,,,0.691747573,27.4915,-14.5125,6.565497814466352,0.577148438,ZM,2022,3,train,3cl/v2-0-0/labels/ZM1638235_16728_2022-06.tif,3cl/v2-0-0/images/ZM1638235_2022-06.tif
ZM1427125,16722.0,2,v2.0.0,,,0.4913793103448275,29.4065,-14.0075,1.4492460800334357,0.7806720344387755,ZM,2017,3,train,3cl/v2-0-0/labels/ZM1427125_16722_2017-08.tif,3cl/v2-0-0/images/ZM1427125_2017-08.tif
ZM1891671,16731.0,2,v2.0.0,,,0.691747573,28.3265,-15.2375,0.9204613648240104,0.096201371,ZM,2019,3,train,3cl/v2-0-0/labels/ZM1891671_16731_2019-08.tif,3cl/v2-0-0/images/ZM1891671_2019-08.tif
ZM1777001,16729.0,2,v2.0.0,,,0.7970297029702971,27.0115,-14.8925,1.512296999263106,0.5714684311224489,ZM,2022,3,train,3cl/v2-0-0/labels/ZM1777001_16729_2022-06.tif,3cl/v2-0-0/images/ZM1777001_2022-06.tif
ZM1998794,16732.0,2,v2.0.0,1.0,0.0,0.4913793103448275,28.3465,-15.5575,1.8610670442006827,0.3001634247448979,ZM,2017,3,train,3cl/v2-0-0/labels/ZM1998794_16732_2017-08.tif,3cl/v2-0-0/images/ZM1998794_2017-08.tif
ZM2193214,16733.0,2,v2.0.0,,,0.691747573,27.5915,-16.2325,2.0076036142431746,0.7322425063775511,ZM,2020,3,train,3cl/v2-0-0/labels/ZM2193214_16733_2020-07.tif,3cl/v2-0-0/images/ZM2193214_2020-07.tif
ZM2216005,16735.0,2,v2.0.0,1.0,0.0,0.4913793103448275,26.3815,-16.3175,12.40475281990692,0.7692123724489796,ZM,2020,3,train,3cl/v2-0-0/labels/ZM2216005_16735_2020-07.tif,3cl/v2-0-0/images/ZM2216005_2020-07.tif
ZM2240230,16736.0,2,v2.0.0,,,0.691747573,26.4365,-16.4075,3.542872518236627,0.6469029017857143,ZM,2022,3,train,3cl/v2-0-0/labels/ZM2240230_16736_2022-06.tif,3cl/v2-0-0/images/ZM2240230_2022-06.tif
ZM2279012,16737.0,2,v2.0.0,,,0.4913793103448275,27.3215,-16.5525,5.320332616205968,0.78382095,ZM,2019,3,train,3cl/v2-0-0/labels/ZM2279012_16737_2019-08.tif,3cl/v2-0-0/images/ZM2279012_2019-08.tif
ZM2298091,16738.0,2,v2.0.0,,,0.4598930481283422,27.4865,-16.6275,3.3632573856426986,0.7014708227040817,ZM,2022,3,train,3cl/v2-0-0/labels/ZM2298091_16738_2022-06.tif,3cl/v2-0-0/images/ZM2298091_2022-06.tif
ZM2435475,16741.0,2,v2.0.0,,,0.7970297029702971,26.8165,-17.2725,1.2755956838765137,0.6627869897959183,ZM,2020,3,train,3cl/v2-0-0/labels/ZM2435475_16741_2020-07.tif,3cl/v2-0-0/images/ZM2435475_2020-07.tif
ZM2378334,16740.0,2,v2.0.0,,,0.691747573,26.2965,-16.9825,1.351521359767739,0.031110491,ZM,2021,3,train,3cl/v2-0-0/labels/ZM2378334_16740_2021-06.tif,3cl/v2-0-0/images/ZM2378334_2021-06.tif
ZM2320739,17218.0,2,v2.0.0,,,0.7970297029702971,26.0965,-16.7225,2.141503721536337,0.5271045918367347,ZM,2021,3,train,3cl/v2-0-0/labels/ZM2320739_17218_2021-06.tif,3cl/v2-0-0/images/ZM2320739_2021-06.tif
ZM1041303,17667.0,2,v2.0.0,,,0.691747573,29.8315,-13.1025,0.2623532009874668,0.1780931122448979,ZM,2019,3,train,3cl/v2-0-0/labels/ZM1041303_17667_2019-08.tif,3cl/v2-0-0/images/ZM1041303_2019-08.tif
ZM1049952,17668.0,2,v2.0.0,,,0.6305841924398625,32.9715,-13.1225,0.7470695108085325,0.301578444,ZM,2018,3,train,3cl/v2-0-0/labels/ZM1049952_17668_2018-08.tif,3cl/v2-0-0/images/ZM1049952_2018-08.tif
ZM1218242,17669.0,2,v2.0.0,,,0.7239819004524887,28.5315,-13.5275,1.5460377245560433,0.5400589923469388,ZM,2020,3,train,3cl/v2-0-0/labels/ZM1218242_17669_2020-07.tif,3cl/v2-0-0/images/ZM1218242_2020-07.tif
ZM1224167,17671.0,2,v2.0.0,,,0.6305841924398625,25.6765,-13.5425,1.456713549199506,0.1691246811224489,ZM,2018,3,train,3cl/v2-0-0/labels/ZM1224167_17671_2018-08.tif,3cl/v2-0-0/images/ZM1224167_2018-08.tif
ZM1284948,17672.0,2,v2.0.0,,,0.691747573,28.6265,-13.6825,0.5007041137785553,0.1763193558673469,ZM,2021,3,train,3cl/v2-0-0/labels/ZM1284948_17672_2021-06.tif,3cl/v2-0-0/images/ZM1284948_2021-06.tif
ZM1293788,17675.0,2,v2.0.0,,,0.691747573,29.4965,-13.7025,19.695515408427763,0.5828284438775511,ZM,2022,3,train,3cl/v2-0-0/labels/ZM1293788_17675_2022-06.tif,3cl/v2-0-0/images/ZM1293788_2022-06.tif
ZM0469050,17665.0,2,v2.0.0,,,0.4598930481283422,32.9365,-11.1625,0.3314395915151294,0.1360809948979592,ZM,2018,3,train,3cl/v2-0-0/labels/ZM0469050_17665_2018-08.tif,3cl/v2-0-0/images/ZM0469050_2018-08.tif
ZM1297334,17676.0,2,v2.0.0,,,0.691747573,25.5365,-13.7125,0.350473144,0.1326729910714285,ZM,2019,3,train,3cl/v2-0-0/labels/ZM1297334_17676_2019-08.tif,3cl/v2-0-0/images/ZM1297334_2019-08.tif
ZM1365343,17678.0,2,v2.0.0,,,0.691747573,29.1715,-13.8675,4.591347394865938,0.4481425382653061,ZM,2020,3,train,3cl/v2-0-0/labels/ZM1365343_17678_2020-07.tif,3cl/v2-0-0/images/ZM1365343_2020-07.tif
ZM1287835,17673.0,2,v2.0.0,,,0.7239819004524887,32.2365,-13.6875,0.7768871705128144,0.7103794642857143,ZM,2019,3,train,3cl/v2-0-0/labels/ZM1287835_17673_2019-02.tif,3cl/v2-0-0/images/ZM1287835_2019-02.tif
ZM1381210,17679.0,2,v2.0.0,,,0.691747573,31.8865,-13.9025,0.5931310887270476,0.349250638,ZM,2020,3,train,3cl/v2-0-0/labels/ZM1381210_17679_2020-09.tif,3cl/v2-0-0/images/ZM1381210_2020-09.tif
ZM1478283,17683.0,2,v2.0.0,,,0.691747573,31.3265,-14.1225,1.8332420024949256,0.2808514030612244,ZM,2020,3,train,3cl/v2-0-0/labels/ZM1478283_17683_2020-02.tif,3cl/v2-0-0/images/ZM1478283_2020-02.tif
ZM1525677,17684.0,2,v2.0.0,,,0.691747573,32.1565,-14.2325,1.0866907528058736,0.8389867665816326,ZM,2018,3,train,3cl/v2-0-0/labels/ZM1525677_17684_2018-08.tif,3cl/v2-0-0/images/ZM1525677_2018-08.tif
ZM1593116,17685.0,2,v2.0.0,,,0.691747573,28.8615,-14.3975,3.622936107997119,0.5911391900510204,ZM,2019,3,train,3cl/v2-0-0/labels/ZM1593116_17685_2019-08.tif,3cl/v2-0-0/images/ZM1593116_2019-08.tif
ZM1628756,17686.0,2,v2.0.0,,,0.691747573,28.7915,-14.4875,4.940739597716798,0.7566964285714286,ZM,2019,3,train,3cl/v2-0-0/labels/ZM1628756_17686_2019-08.tif,3cl/v2-0-0/images/ZM1628756_2019-08.tif
ZM1787513,17687.0,2,v2.0.0,,,0.691747573,28.6265,-14.9225,2.676994753,0.2154217155612245,ZM,2020,3,train,3cl/v2-0-0/labels/ZM1787513_17687_2020-07.tif,3cl/v2-0-0/images/ZM1787513_2020-07.tif
ZM1407558,17680.0,2,v2.0.0,,,0.7239819004524887,31.6865,-13.9625,1.4394921264541165,0.5718271683673469,ZM,2018,3,train,3cl/v2-0-0/labels/ZM1407558_17680_2018-02.tif,3cl/v2-0-0/images/ZM1407558_2018-02.tif
ZM1820522,17688.0,2,v2.0.0,,,0.691747573,27.0515,-15.0225,0.5817187763124563,0.089963329,ZM,2021,3,train,3cl/v2-0-0/labels/ZM1820522_17688_2021-06.tif,3cl/v2-0-0/images/ZM1820522_2021-06.tif
ZM2000563,17691.0,2,v2.0.0,,,0.691747573,28.8165,-15.5625,0.7294776797706043,0.388492506,ZM,2019,3,train,3cl/v2-0-0/labels/ZM2000563_17691_2019-08.tif,3cl/v2-0-0/images/ZM2000563_2019-08.tif
ZM2091220,17692.0,2,v2.0.0,,,0.691747573,28.1315,-15.8625,0.8837738901185483,0.1030173788265306,ZM,2018,3,train,3cl/v2-0-0/labels/ZM2091220_17692_2018-08.tif,3cl/v2-0-0/images/ZM2091220_2018-08.tif
ZM2164703,17694.0,2,v2.0.0,,,0.691747573,28.6465,-16.1275,0.0,0.0,ZM,2018,3,train,3cl/v2-0-0/labels/ZM2164703_17694_2018-08.tif,3cl/v2-0-0/images/ZM2164703_2018-08.tif
ZM1842268,17689.0,2,v2.0.0,,,0.6305841924398625,28.7765,-15.0875,11.866976215623271,0.9175103635204082,ZM,2018,3,train,3cl/v2-0-0/labels/ZM1842268_17689_2018-08.tif,3cl/v2-0-0/images/ZM1842268_2018-08.tif
ZM1946529,17690.0,2,v2.0.0,,,0.7239819004524887,27.0815,-15.4025,1.095119586423118,0.6689253826530612,ZM,2019,3,train,3cl/v2-0-0/labels/ZM1946529_17690_2019-08.tif,3cl/v2-0-0/images/ZM1946529_2019-08.tif
ZM2268259,17696.0,2,v2.0.0,,,0.6305841924398625,26.1915,-16.5125,1.4832152993816785,0.4446348852040816,ZM,2021,3,train,3cl/v2-0-0/labels/ZM2268259_17696_2021-06.tif,3cl/v2-0-0/images/ZM2268259_2021-06.tif
ZM2383741,17697.0,2,v2.0.0,,,0.691747573,27.6015,-17.0075,0.5636509721433198,0.1618502869897959,ZM,2018,3,train,3cl/v2-0-0/labels/ZM2383741_17697_2018-08.tif,3cl/v2-0-0/images/ZM2383741_2018-08.tif
ZM1342032,17677.0,2,v2.0.0,,,0.4598930481283422,32.5715,-13.8125,0.8111492133160898,0.9348692602040816,ZM,2022,3,train,3cl/v2-0-0/labels/ZM1342032_17677_2022-07.tif,3cl/v2-0-0/images/ZM1342032_2022-07.tif
ZM2147916,17693.0,2,v2.0.0,,,0.8117408906882592,26.9215,-16.0675,0.743598699,0.6653978,ZM,2020,3,train,3cl/v2-0-0/labels/ZM2147916_17693_2020-07.tif,3cl/v2-0-0/images/ZM2147916_2020-07.tif
ZM2466317,17698.0,2,v2.0.0,,,0.7239819004524887,26.8065,-17.4425,1.569346611236033,0.5738400829081632,ZM,2019,3,train,3cl/v2-0-0/labels/ZM2466317_17698_2019-08.tif,3cl/v2-0-0/images/ZM2466317_2019-08.tif
ZM0139803,17663.0,2,v2.0.0,,,0.7687224669603524,28.7415,-9.4625,0.09848213,0.1581234056122449,ZM,2022,3,train,3cl/v2-0-0/labels/ZM0139803_17663_2022-10.tif,3cl/v2-0-0/images/ZM0139803_2022-10.tif
ZM1183465,18636.0,2,v2.0.0,,,0.5787037037037037,28.2815,-13.4475,2.885293176464573,0.1917051977040816,ZM,2018,3,train,3cl/v2-0-0/labels/ZM1183465_18636_2018-08.tif,3cl/v2-0-0/images/ZM1183465_2018-08.tif
ZM1631179,18637.0,2,v2.0.0,,,0.5787037037037037,31.1215,-14.4925,1.0552141512487831,0.4237484056122449,ZM,2021,3,train,3cl/v2-0-0/labels/ZM1631179_18637_2021-09.tif,3cl/v2-0-0/images/ZM1631179_2021-09.tif
ZM0569326,18629.0,2,v2.0.0,,,0.8043478260869565,32.8765,-11.5925,0.3988922828031936,0.4229113520408163,ZM,2021,3,train,3cl/v2-0-0/labels/ZM0569326_18629_2021-09.tif,3cl/v2-0-0/images/ZM0569326_2021-09.tif
ZM1894627,18643.0,2,v2.0.0,,,0.5787037037037037,26.5515,-15.2475,6.721476686238063,0.074477838,ZM,2021,3,train,3cl/v2-0-0/labels/ZM1894627_18643_2021-06.tif,3cl/v2-0-0/images/ZM1894627_2021-06.tif
ZM1644021,18639.0,2,v2.0.0,,,0.4598930481283422,27.4115,-14.5275,3.9549602382040137,0.5044044961734694,ZM,2019,3,train,3cl/v2-0-0/labels/ZM1644021_18639_2019-08.tif,3cl/v2-0-0/images/ZM1644021_2019-08.tif
ZM1961897,18644.0,2,v2.0.0,0.0,0.0,0.5787037037037037,28.4315,-15.4475,4.072382734112748,0.3323301977040816,ZM,2019,3,train,3cl/v2-0-0/labels/ZM1961897_18644_2019-08.tif,3cl/v2-0-0/images/ZM1961897_2019-08.tif
ZM2034538,18646.0,2,v2.0.0,,,0.6305841924398625,28.0665,-15.6675,1.6206677266273997,0.5584542410714286,ZM,2017,3,train,3cl/v2-0-0/labels/ZM2034538_18646_2017-08.tif,3cl/v2-0-0/images/ZM2034538_2017-08.tif
ZM2188247,18648.0,2,v2.0.0,,,0.5787037037037037,23.2015,-16.2175,1.245751243606963,0.3345224808673469,ZM,2020,3,train,3cl/v2-0-0/labels/ZM2188247_18648_2020-07.tif,3cl/v2-0-0/images/ZM2188247_2020-07.tif
ZM2291640,18650.0,2,v2.0.0,,,0.5787037037037037,26.4965,-16.6025,1.890707281646564,0.1586615114795918,ZM,2017,3,train,3cl/v2-0-0/labels/ZM2291640_18650_2017-08.tif,3cl/v2-0-0/images/ZM2291640_2017-08.tif
ZM2343997,18653.0,2,v2.0.0,,,0.5787037037037037,27.2315,-16.8225,0.0,0.0,ZM,2019,3,train,3cl/v2-0-0/labels/ZM2343997_18653_2019-08.tif,3cl/v2-0-0/images/ZM2343997_2019-08.tif
ZM1162742,18635.0,2,v2.0.0,1.0,0.0,0.6302521008403361,32.0715,-13.3975,0.2524152837809655,0.2744937818877551,ZM,2022,3,train,3cl/v2-0-0/labels/ZM1162742_18635_2022-01.tif,3cl/v2-0-0/images/ZM1162742_2022-01.tif
ZM0573246,18631.0,2,v2.0.0,,,0.7687224669603524,33.1915,-11.6075,0.7264978512121227,0.4909717793367347,ZM,2018,3,train,3cl/v2-0-0/labels/ZM0573246_18631_2018-08.tif,3cl/v2-0-0/images/ZM0573246_2018-08.tif
ZM2372114,18655.0,2,v2.0.0,,,0.6305841924398625,26.3715,-16.9525,1.4212477598859414,0.1520248724489795,ZM,2020,3,train,3cl/v2-0-0/labels/ZM2372114_18655_2020-07.tif,3cl/v2-0-0/images/ZM2372114_2020-07.tif
ZM1234438,19732.0,2,v2.0.0,,,0.8356164383561644,23.1165,-13.5675,0.4551633790642938,0.3961854272959184,ZM,2019,3,train,3cl/v2-0-0/labels/ZM1234438_19732_2019-08.tif,3cl/v2-0-0/images/ZM1234438_2019-08.tif
ZM1043257,19728.0,2,v2.0.0,,,0.6941747572815534,28.6165,-13.1075,0.3202538999246003,0.4130460778061224,ZM,2018,3,train,3cl/v2-0-0/labels/ZM1043257_19728_2018-08.tif,3cl/v2-0-0/images/ZM1043257_2018-08.tif
ZM1328964,19734.0,2,v2.0.0,,,0.6941747572815534,32.4015,-13.7825,0.5382896947177698,0.7876474808673469,ZM,2021,3,train,3cl/v2-0-0/labels/ZM1328964_19734_2021-07.tif,3cl/v2-0-0/images/ZM1328964_2021-07.tif
ZM1407536,19739.0,2,v2.0.0,,,0.6941747572815534,31.5765,-13.9625,0.4333116874508673,0.4380580357142857,ZM,2019,3,train,3cl/v2-0-0/labels/ZM1407536_19739_2019-02.tif,3cl/v2-0-0/images/ZM1407536_2019-02.tif
ZM1531451,19742.0,2,v2.0.0,,,0.8356164383561644,29.3265,-14.2475,0.956856487,0.7123525191326531,ZM,2020,3,train,3cl/v2-0-0/labels/ZM1531451_19742_2020-07.tif,3cl/v2-0-0/images/ZM1531451_2020-07.tif
ZM1620884,19743.0,2,v2.0.0,,,0.8356164383561644,28.7415,-14.4675,2.915198446959966,0.7768056441326531,ZM,2020,3,train,3cl/v2-0-0/labels/ZM1620884_19743_2020-07.tif,3cl/v2-0-0/images/ZM1620884_2020-07.tif
ZM1713941,19744.0,2,v2.0.0,,,0.8356164383561644,28.1915,-14.7125,1.0828537529520534,0.6008649553571429,ZM,2022,3,train,3cl/v2-0-0/labels/ZM1713941_19744_2022-06.tif,3cl/v2-0-0/images/ZM1713941_2022-06.tif
ZM1737127,19746.0,2,v2.0.0,,,0.8356164383561644,27.3265,-14.7775,0.0,0.0,ZM,2018,3,train,3cl/v2-0-0/labels/ZM1737127_19746_2018-08.tif,3cl/v2-0-0/images/ZM1737127_2018-08.tif
ZM2202903,19749.0,2,v2.0.0,,,0.8356164383561644,28.4365,-16.2675,1.1868308869626527,0.4870057397959184,ZM,2020,3,train,3cl/v2-0-0/labels/ZM2202903_19749_2020-07.tif,3cl/v2-0-0/images/ZM2202903_2020-07.tif
ZM2438045,19753.0,2,v2.0.0,,,0.8356164383561644,25.7765,-17.2875,1.057699443381982,0.4191645408163265,ZM,2021,3,train,3cl/v2-0-0/labels/ZM2438045_19753_2021-06.tif,3cl/v2-0-0/images/ZM2438045_2021-06.tif
ZM2439911,19754.0,2,v2.0.0,,,0.8356164383561644,25.8765,-17.2975,0.922008189,0.3329480229591837,ZM,2018,3,train,3cl/v2-0-0/labels/ZM2439911_19754_2018-08.tif,3cl/v2-0-0/images/ZM2439911_2018-08.tif
ZM2492998,19755.0,2,v2.0.0,,,0.8356164383561644,26.4615,-17.6475,1.0069612742185376,0.6765585140306123,ZM,2020,3,train,3cl/v2-0-0/labels/ZM2492998_19755_2020-07.tif,3cl/v2-0-0/images/ZM2492998_2020-07.tif
ZM1414284,19741.0,2,v2.0.0,,,0.6941747572815534,31.9865,-13.9775,0.4391800611590161,0.6486367984693877,ZM,2018,3,train,3cl/v2-0-0/labels/ZM1414284_19741_2018-08.tif,3cl/v2-0-0/images/ZM1414284_2018-08.tif
ZM0040809,20564.0,2,v2.0.0,,,0.8356164383561644,31.3165,-8.7925,0.5243305053170537,0.08984375,ZM,2020,3,train,3cl/v2-0-0/labels/ZM0040809_20564_2020-10.tif,3cl/v2-0-0/images/ZM0040809_2020-10.tif
ZM0868136,20565.0,2,v2.0.0,,,0.6625,27.7015,-12.5825,0.6526068027513908,0.8554089604591837,ZM,2017,3,train,3cl/v2-0-0/labels/ZM0868136_20565_2017-08.tif,3cl/v2-0-0/images/ZM0868136_2017-08.tif
ZM1176494,20566.0,2,v2.0.0,,,0.8303108808290155,25.8265,-13.4325,0.6439595561724071,0.679069675,ZM,2022,3,train,3cl/v2-0-0/labels/ZM1176494_20566_2022-06.tif,3cl/v2-0-0/images/ZM1176494_2022-06.tif
ZM1538262,20570.0,2,v2.0.0,,,0.6625,31.8015,-14.2625,1.2645358700510885,0.9834183673469388,ZM,2019,3,train,3cl/v2-0-0/labels/ZM1538262_20570_2019-02.tif,3cl/v2-0-0/images/ZM1538262_2019-02.tif
ZM1451426,20568.0,2,v2.0.0,,,0.4598930481283422,28.7765,-14.0625,1.9333841215494567,0.6236846301020408,ZM,2021,3,train,3cl/v2-0-0/labels/ZM1451426_20568_2021-06.tif,3cl/v2-0-0/images/ZM1451426_2021-06.tif
ZM1710248,20578.0,2,v2.0.0,,,0.8356164383561644,27.9815,-14.7025,1.6706605068850195,0.3229631696428571,ZM,2019,3,train,3cl/v2-0-0/labels/ZM1710248_20578_2019-08.tif,3cl/v2-0-0/images/ZM1710248_2019-08.tif
ZM1541817,20576.0,2,v2.0.0,,,0.6625,28.5765,-14.2725,0.6313977672542281,0.7351921237244898,ZM,2019,3,train,3cl/v2-0-0/labels/ZM1541817_20576_2019-08.tif,3cl/v2-0-0/images/ZM1541817_2019-08.tif
ZM1699147,20577.0,2,v2.0.0,,,0.4598930481283422,27.6065,-14.6725,6.111786325523164,0.2722217793367347,ZM,2017,3,train,3cl/v2-0-0/labels/ZM1699147_20577_2017-08.tif,3cl/v2-0-0/images/ZM1699147_2017-08.tif
ZM1740730,20581.0,2,v2.0.0,,,0.4598930481283422,27.6815,-14.7875,3.014599472,0.3831313775510204,ZM,2018,3,train,3cl/v2-0-0/labels/ZM1740730_20581_2018-08.tif,3cl/v2-0-0/images/ZM1740730_2018-08.tif
ZM1918275,20583.0,2,v2.0.0,1.0,0.0,0.6625,28.2915,-15.3175,0.4513350496947997,0.9163145727040816,ZM,2018,3,train,3cl/v2-0-0/labels/ZM1918275_20583_2018-08.tif,3cl/v2-0-0/images/ZM1918275_2018-08.tif
ZM2120822,20584.0,2,v2.0.0,,,0.6625,28.8715,-15.9675,0.7840174950047791,0.4794722576530612,ZM,2020,3,train,3cl/v2-0-0/labels/ZM2120822_20584_2020-07.tif,3cl/v2-0-0/images/ZM2120822_2020-07.tif
ZM2174168,20585.0,2,v2.0.0,,,0.4598930481283422,28.0165,-16.1625,2.087140504,0.7758091517857143,ZM,2022,3,train,3cl/v2-0-0/labels/ZM2174168_20585_2022-06.tif,3cl/v2-0-0/images/ZM2174168_2022-06.tif
ZM2380430,20588.0,2,v2.0.0,,,0.6625,26.4565,-16.9925,0.324391437,0.3915816326530612,ZM,2019,3,train,3cl/v2-0-0/labels/ZM2380430_20588_2019-08.tif,3cl/v2-0-0/images/ZM2380430_2019-08.tif
ZM2468441,20591.0,2,v2.0.0,,,0.6625,24.3015,-17.4575,0.6610868292559733,0.9960538903061223,ZM,2019,3,train,3cl/v2-0-0/labels/ZM2468441_20591_2019-08.tif,3cl/v2-0-0/images/ZM2468441_2019-08.tif
ZM2417623,20589.0,2,v2.0.0,,,0.4598930481283422,27.4915,-17.1775,0.1664368392731161,0.051199777,ZM,2021,3,train,3cl/v2-0-0/labels/ZM2417623_20589_2021-06.tif,3cl/v2-0-0/images/ZM2417623_2021-06.tif
ZM2433650,20590.0,2,v2.0.0,,,0.8117408906882592,26.9815,-17.2625,1.4861434228250874,0.2834422831632653,ZM,2020,3,train,3cl/v2-0-0/labels/ZM2433650_20590_2020-07.tif,3cl/v2-0-0/images/ZM2433650_2020-07.tif
ZM1488785,21072.0,2,v2.0.0,,,0.6305841924398625,29.5615,-14.1475,3.7034060368227806,0.4042769451530612,ZM,2018,3,train,3cl/v2-0-0/labels/ZM1488785_21072_2018-08.tif,3cl/v2-0-0/images/ZM1488785_2018-08.tif
ZM0113831,21069.0,2,v2.0.0,,,0.8356164383561644,32.7265,-9.3125,0.4797601147916797,0.7030452806122449,ZM,2020,3,train,3cl/v2-0-0/labels/ZM0113831_21069_2020-07.tif,3cl/v2-0-0/images/ZM0113831_2020-07.tif
ZM1956623,21077.0,2,v2.0.0,1.0,0.0,0.6305841924398625,27.2365,-15.4325,1.1468003713015231,0.2427455357142857,ZM,2018,3,train,3cl/v2-0-0/labels/ZM1956623_21077_2018-08.tif,3cl/v2-0-0/images/ZM1956623_2018-08.tif
ZM1619527,21075.0,2,v2.0.0,,,0.8356164383561644,31.8115,-14.4625,0.4668008850830938,0.310546875,ZM,2022,3,train,3cl/v2-0-0/labels/ZM1619527_21075_2022-09.tif,3cl/v2-0-0/images/ZM1619527_2022-09.tif
ZM1662749,21076.0,2,v2.0.0,,,0.4598930481283422,24.9315,-14.5775,0.3429813752734699,0.1854870854591837,ZM,2017,3,train,3cl/v2-0-0/labels/ZM1662749_21076_2017-08.tif,3cl/v2-0-0/images/ZM1662749_2017-08.tif
ZM1152335,21071.0,2,v2.0.0,1.0,0.0,0.6480446927374302,32.8565,-13.3725,0.7334251949947688,0.2260443239795918,ZM,2020,3,train,3cl/v2-0-0/labels/ZM1152335_21071_2020-07.tif,3cl/v2-0-0/images/ZM1152335_2020-07.tif
ZM1617456,21073.0,2,v2.0.0,,,0.8117408906882592,31.3215,-14.4575,1.0479016801557417,0.997329401,ZM,2020,3,train,3cl/v2-0-0/labels/ZM1617456_21073_2020-09.tif,3cl/v2-0-0/images/ZM1617456_2020-09.tif
ZM0004155,26351.0,2,v2.0.0,,,0.4913793103448275,29.6265,-8.3825,1.1568325953183929,0.2093829719387755,ZM,2017,3,train,3cl/v2-0-0/labels/ZM0004155_26351_2017-08.tif,3cl/v2-0-0/images/ZM0004155_2017-08.tif
ZM0016327,26353.0,2,v2.0.0,,,0.4913793103448275,29.0515,-8.5475,13.227775024165028,0.3412786989795918,ZM,2019,3,train,3cl/v2-0-0/labels/ZM0016327_26353_2019-08.tif,3cl/v2-0-0/images/ZM0016327_2019-08.tif
ZM0022696,26354.0,2,v2.0.0,,,0.4913793103448275,31.3515,-8.6175,18.129001179340204,0.5355947066326531,ZM,2019,3,train,3cl/v2-0-0/labels/ZM0022696_26354_2019-08.tif,3cl/v2-0-0/images/ZM0022696_2019-08.tif
ZM0041801,26356.0,2,v2.0.0,,,0.4913793103448275,30.8915,-8.8025,7.9897681655002755,0.4614556760204081,ZM,2021,3,train,3cl/v2-0-0/labels/ZM0041801_26356_2021-10.tif,3cl/v2-0-0/images/ZM0041801_2021-10.tif
ZM0027198,26355.0,2,v2.0.0,,,0.8303108808290155,29.1815,-8.6675,0.3573244684173771,0.3946308992346938,ZM,2017,3,train,3cl/v2-0-0/labels/ZM0027198_26355_2017-08.tif,3cl/v2-0-0/images/ZM0027198_2017-08.tif
ZM0071480,26357.0,2,v2.0.0,,,0.6305841924398625,31.3365,-9.0475,11.868337569565025,0.8014588647959183,ZM,2017,3,train,3cl/v2-0-0/labels/ZM0071480_26357_2017-08.tif,3cl/v2-0-0/images/ZM0071480_2017-08.tif
ZM0075860,26360.0,2,v2.0.0,,,0.6941747572815534,29.0515,-9.0825,0.3200799358435003,0.3192960778061224,ZM,2022,3,train,3cl/v2-0-0/labels/ZM0075860_26360_2022-10.tif,3cl/v2-0-0/images/ZM0075860_2022-10.tif
ZM0100149,26363.0,2,v2.0.0,,,0.7282051282051282,28.9365,-9.2375,0.5205424996707928,0.089385364,ZM,2022,3,train,3cl/v2-0-0/labels/ZM0100149_26363_2022-10.tif,3cl/v2-0-0/images/ZM0100149_2022-10.tif
ZM0132630,26364.0,2,v2.0.0,,,0.8303108808290155,32.7715,-9.4175,1.297470146695716,0.4273357780612244,ZM,2020,3,train,3cl/v2-0-0/labels/ZM0132630_26364_2020-07.tif,3cl/v2-0-0/images/ZM0132630_2020-07.tif
ZM0083030,26362.0,2,v2.0.0,,,0.4913793103448275,32.0865,-9.1275,11.63813069939163,0.7901586415816326,ZM,2020,3,train,3cl/v2-0-0/labels/ZM0083030_26362_2020-07.tif,3cl/v2-0-0/images/ZM0083030_2020-07.tif
ZM0217307,26367.0,2,v2.0.0,,,0.6941747572815534,29.3665,-9.8875,0.3074766509728995,0.096759407,ZM,2020,3,train,3cl/v2-0-0/labels/ZM0217307_26367_2020-10.tif,3cl/v2-0-0/images/ZM0217307_2020-10.tif
ZM0335344,26371.0,2,v2.0.0,,,0.706386293,32.7615,-10.4925,0.2598668503319845,0.002830038,ZM,2017,3,train,3cl/v2-0-0/labels/ZM0335344_26371_2017-08.tif,3cl/v2-0-0/images/ZM0335344_2017-08.tif
ZM0355109,26373.0,2,v2.0.0,,,0.4913793103448275,31.1665,-10.5925,9.741117315,0.6815011160714286,ZM,2022,3,train,3cl/v2-0-0/labels/ZM0355109_26373_2022-07.tif,3cl/v2-0-0/images/ZM0355109_2022-07.tif
ZM0431510,26377.0,2,v2.0.0,,,0.706386293,30.5665,-10.9825,2.4322814112308064,0.3700374681122449,ZM,2017,3,train,3cl/v2-0-0/labels/ZM0431510_26377_2017-08.tif,3cl/v2-0-0/images/ZM0431510_2017-08.tif
ZM0363595,26375.0,2,v2.0.0,,,0.4913793103448275,33.4615,-10.6325,3.815082064971695,0.5392817283163265,ZM,2019,3,train,3cl/v2-0-0/labels/ZM0363595_26375_2019-08.tif,3cl/v2-0-0/images/ZM0363595_2019-08.tif
ZM0282583,26369.0,2,v2.0.0,,,0.8303108808290155,31.2915,-10.2275,0.4275857757516534,0.7064333545918368,ZM,2020,3,train,3cl/v2-0-0/labels/ZM0282583_26369_2020-07.tif,3cl/v2-0-0/images/ZM0282583_2020-07.tif
ZM0468586,26378.0,2,v2.0.0,,,0.706386293,30.6165,-11.1625,4.031076786071707,0.738639987,ZM,2020,3,train,3cl/v2-0-0/labels/ZM0468586_26378_2020-07.tif,3cl/v2-0-0/images/ZM0468586_2020-07.tif
ZM0283752,26370.0,2,v2.0.0,,,0.6941747572815534,32.1465,-10.2325,0.3426586555379932,0.3934948979591837,ZM,2017,3,train,3cl/v2-0-0/labels/ZM0283752_26370_2017-08.tif,3cl/v2-0-0/images/ZM0283752_2017-08.tif
ZM0542218,26381.0,2,v2.0.0,,,0.706386293,33.0165,-11.4825,0.8135109648945281,0.3157286352040816,ZM,2021,3,train,3cl/v2-0-0/labels/ZM0542218_26381_2021-09.tif,3cl/v2-0-0/images/ZM0542218_2021-09.tif
ZM0400300,26376.0,2,v2.0.0,,,0.6302521008403361,29.6615,-10.8225,0.2395927691017816,0.2991071428571428,ZM,2019,3,train,3cl/v2-0-0/labels/ZM0400300_26376_2019-08.tif,3cl/v2-0-0/images/ZM0400300_2019-08.tif
ZM0644309,26383.0,2,v2.0.0,,,0.4913793103448275,31.3765,-11.8725,11.038816535290628,0.8222058354591837,ZM,2019,3,train,3cl/v2-0-0/labels/ZM0644309_26383_2019-08.tif,3cl/v2-0-0/images/ZM0644309_2019-08.tif
ZM0703373,26386.0,2,v2.0.0,,,0.706386293,33.2165,-12.0625,3.1546380896535875,0.9707230548469388,ZM,2021,3,train,3cl/v2-0-0/labels/ZM0703373_26386_2021-09.tif,3cl/v2-0-0/images/ZM0703373_2021-09.tif
ZM0803282,26392.0,2,v2.0.0,,,0.706386293,25.3465,-12.3825,2.493608255788642,0.3254344706632653,ZM,2019,3,train,3cl/v2-0-0/labels/ZM0803282_26392_2019-08.tif,3cl/v2-0-0/images/ZM0803282_2019-08.tif
ZM0827859,26394.0,2,v2.0.0,,,0.7687224669603524,26.9715,-12.4575,0.660900582,0.3137555803571428,ZM,2020,3,train,3cl/v2-0-0/labels/ZM0827859_26394_2020-07.tif,3cl/v2-0-0/images/ZM0827859_2020-07.tif
ZM0712942,26388.0,2,v2.0.0,,,0.6302521008403361,33.1065,-12.0925,0.6213841805874146,0.5350366709183674,ZM,2022,3,train,3cl/v2-0-0/labels/ZM0712942_26388_2022-09.tif,3cl/v2-0-0/images/ZM0712942_2022-09.tif
ZM0783476,26391.0,2,v2.0.0,,,0.8303108808290155,32.9165,-12.3175,0.5758417084944811,0.4040975765306122,ZM,2018,3,train,3cl/v2-0-0/labels/ZM0783476_26391_2018-08.tif,3cl/v2-0-0/images/ZM0783476_2018-08.tif
ZM0862616,26395.0,2,v2.0.0,,,0.6302521008403361,33.2415,-12.5625,0.9219513725968518,0.4322783801020408,ZM,2021,3,train,3cl/v2-0-0/labels/ZM0862616_26395_2021-09.tif,3cl/v2-0-0/images/ZM0862616_2021-09.tif
ZM0888796,26400.0,2,v2.0.0,,,0.7687224669603524,28.4765,-12.6475,1.5091642157025014,0.4346500318877551,ZM,2019,3,train,3cl/v2-0-0/labels/ZM0888796_26400_2019-08.tif,3cl/v2-0-0/images/ZM0888796_2019-08.tif
ZM0194444,26365.0,2,v2.0.0,,,0.6305841924398625,31.4965,-9.7625,0.2472525790407619,0.1279894770408163,ZM,2018,3,train,3cl/v2-0-0/labels/ZM0194444_26365_2018-08.tif,3cl/v2-0-0/images/ZM0194444_2018-08.tif
ZM0913561,26403.0,2,v2.0.0,,,0.706386293,28.0015,-12.7275,1.7166610392262225,0.2517936862244898,ZM,2018,3,train,3cl/v2-0-0/labels/ZM0913561_26403_2018-08.tif,3cl/v2-0-0/images/ZM0913561_2018-08.tif
ZM0709727,26387.0,2,v2.0.0,,,0.7282051282051282,32.9965,-12.0825,0.3545379392126852,0.3682836415816326,ZM,2021,3,train,3cl/v2-0-0/labels/ZM0709727_26387_2021-09.tif,3cl/v2-0-0/images/ZM0709727_2021-09.tif
ZM0927839,26404.0,2,v2.0.0,,,0.6305841924398625,31.0765,-12.7725,0.4040902925229369,0.043307557,ZM,2022,3,train,3cl/v2-0-0/labels/ZM0927839_26404_2022-09.tif,3cl/v2-0-0/images/ZM0927839_2022-09.tif
ZM1008648,26406.0,2,v2.0.0,,,0.7282051282051282,26.0015,-13.0225,0.7569112342183345,0.08464206,ZM,2019,3,train,3cl/v2-0-0/labels/ZM1008648_26406_2019-08.tif,3cl/v2-0-0/images/ZM1008648_2019-08.tif
ZM1063166,26408.0,2,v2.0.0,,,0.7282051282051282,27.8865,-13.1575,2.817257395828401,0.193359375,ZM,2018,3,train,3cl/v2-0-0/labels/ZM1063166_26408_2018-08.tif,3cl/v2-0-0/images/ZM1063166_2018-08.tif
ZM1039269,26407.0,2,v2.0.0,,,0.6305841924398625,28.7215,-13.0975,0.5086024778752163,0.2978316326530612,ZM,2020,3,train,3cl/v2-0-0/labels/ZM1039269_26407_2020-07.tif,3cl/v2-0-0/images/ZM1039269_2020-07.tif
ZM1110213,26411.0,2,v2.0.0,,,0.6305841924398625,28.9165,-13.2725,0.3895371449690079,0.039979273,ZM,2020,3,train,3cl/v2-0-0/labels/ZM1110213_26411_2020-07.tif,3cl/v2-0-0/images/ZM1110213_2020-07.tif
ZM1071438,26409.0,2,v2.0.0,,,0.6302521008403361,28.8715,-13.1775,0.2667405331184866,0.3804009885204081,ZM,2018,3,train,3cl/v2-0-0/labels/ZM1071438_26409_2018-08.tif,3cl/v2-0-0/images/ZM1071438_2018-08.tif
ZM1071512,26410.0,2,v2.0.0,,,0.7282051282051282,30.1365,-13.1775,0.8445304772431983,0.5493263711734694,ZM,2021,3,train,3cl/v2-0-0/labels/ZM1071512_26410_2021-01.tif,3cl/v2-0-0/images/ZM1071512_2021-01.tif
ZM0949315,26405.0,2,v2.0.0,,,0.706386293,28.0065,-12.8425,0.9287968612653436,0.06255979,ZM,2017,3,train,3cl/v2-0-0/labels/ZM0949315_26405_2017-08.tif,3cl/v2-0-0/images/ZM0949315_2017-08.tif
ZM1145317,26413.0,2,v2.0.0,,,0.8117408906882592,28.5765,-13.3575,0.7461095647908571,0.4590441645408163,ZM,2017,3,train,3cl/v2-0-0/labels/ZM1145317_26413_2017-08.tif,3cl/v2-0-0/images/ZM1145317_2017-08.tif
ZM1161006,26414.0,2,v2.0.0,,,0.6302521008403361,23.0715,-13.3975,0.2684936912522174,0.043805804,ZM,2019,3,train,3cl/v2-0-0/labels/ZM1161006_26414_2019-08.tif,3cl/v2-0-0/images/ZM1161006_2019-08.tif
ZM0606356,26382.0,2,v2.0.0,,,0.6941747572815534,27.2065,-11.7375,0.1751851451404524,0.9441964285714286,ZM,2020,3,train,3cl/v2-0-0/labels/ZM0606356_26382_2020-07.tif,3cl/v2-0-0/images/ZM0606356_2020-07.tif
ZM1309485,26422.0,2,v2.0.0,,,0.4913793103448275,32.1315,-13.7375,14.047812800434638,0.5457389987244898,ZM,2020,3,train,3cl/v2-0-0/labels/ZM1309485_26422_2020-02.tif,3cl/v2-0-0/images/ZM1309485_2020-02.tif
ZM1192239,26415.0,2,v2.0.0,,,0.7282051282051282,28.6715,-13.4675,0.326742275,0.2944236288265306,ZM,2017,3,train,3cl/v2-0-0/labels/ZM1192239_26415_2017-08.tif,3cl/v2-0-0/images/ZM1192239_2017-08.tif
ZM1334843,26423.0,2,v2.0.0,,,0.4913793103448275,29.2615,-13.7975,15.99124882,0.6879583864795918,ZM,2020,3,train,3cl/v2-0-0/labels/ZM1334843_26423_2020-07.tif,3cl/v2-0-0/images/ZM1334843_2020-07.tif
ZM1407798,26438.0,2,v2.0.0,,,0.7687224669603524,32.8865,-13.9625,0.4785823201564318,0.29944595,ZM,2022,3,train,3cl/v2-0-0/labels/ZM1407798_26438_2022-09.tif,3cl/v2-0-0/images/ZM1407798_2022-09.tif
ZM1361497,26428.0,2,v2.0.0,,,0.6302521008403361,31.7865,-13.8575,1.4400634588374353,0.6578643176020408,ZM,2021,3,train,3cl/v2-0-0/labels/ZM1361497_26428_2021-01.tif,3cl/v2-0-0/images/ZM1361497_2021-01.tif
ZM1114943,26412.0,2,v2.0.0,,,0.6305841924398625,32.6515,-13.2825,0.4929059974358342,0.3996731505102041,ZM,2018,3,train,3cl/v2-0-0/labels/ZM1114943_26412_2018-08.tif,3cl/v2-0-0/images/ZM1114943_2018-08.tif
ZM1387194,26434.0,2,v2.0.0,,,0.4913793103448275,28.9465,-13.9175,14.539120102031667,0.9677535076530612,ZM,2019,3,train,3cl/v2-0-0/labels/ZM1387194_26434_2019-08.tif,3cl/v2-0-0/images/ZM1387194_2019-08.tif
ZM1414460,26441.0,2,v2.0.0,,,0.7687224669603524,32.8665,-13.9775,1.4451569700366445,0.8963448660714286,ZM,2020,3,train,3cl/v2-0-0/labels/ZM1414460_26441_2020-09.tif,3cl/v2-0-0/images/ZM1414460_2020-09.tif
ZM1352780,26425.0,2,v2.0.0,,,0.6941747572815534,31.8215,-13.8375,0.4586086377043776,0.6877192283163265,ZM,2019,3,train,3cl/v2-0-0/labels/ZM1352780_26425_2019-02.tif,3cl/v2-0-0/images/ZM1352780_2019-02.tif
ZM1201702,26416.0,2,v2.0.0,,,0.8303108808290155,32.6065,-13.4875,0.4259383106318902,0.6726522640306123,ZM,2019,3,train,3cl/v2-0-0/labels/ZM1201702_26416_2019-08.tif,3cl/v2-0-0/images/ZM1201702_2019-08.tif
ZM1458575,26449.0,2,v2.0.0,,,0.7687224669603524,31.4015,-14.0775,2.500127378165405,0.4141820790816326,ZM,2018,3,train,3cl/v2-0-0/labels/ZM1458575_26449_2018-02.tif,3cl/v2-0-0/images/ZM1458575_2018-02.tif
ZM1409835,26440.0,2,v2.0.0,,,0.4913793103448275,31.9715,-13.9675,12.815740555801836,0.879264987,ZM,2019,3,train,3cl/v2-0-0/labels/ZM1409835_26440_2019-08.tif,3cl/v2-0-0/images/ZM1409835_2019-08.tif
ZM1409227,26439.0,2,v2.0.0,,,0.7282051282051282,28.9315,-13.9675,1.0242372388468304,0.8102877869897959,ZM,2017,3,train,3cl/v2-0-0/labels/ZM1409227_26439_2017-08.tif,3cl/v2-0-0/images/ZM1409227_2017-08.tif
ZM1468901,26451.0,2,v2.0.0,,,0.7687224669603524,28.0965,-14.1025,0.5004235075149103,0.087771046,ZM,2022,3,train,3cl/v2-0-0/labels/ZM1468901_26451_2022-06.tif,3cl/v2-0-0/images/ZM1468901_2022-06.tif
ZM1438268,26446.0,2,v2.0.0,,,0.4913793103448275,29.5215,-14.0325,13.558747738936264,0.4971699617346938,ZM,2017,3,train,3cl/v2-0-0/labels/ZM1438268_26446_2017-08.tif,3cl/v2-0-0/images/ZM1438268_2017-08.tif
ZM0720899,26389.0,2,v2.0.0,,,0.8043478260869565,33.0615,-12.1175,0.6458033732975921,0.6455875318877551,ZM,2019,3,train,3cl/v2-0-0/labels/ZM0720899_26389_2019-08.tif,3cl/v2-0-0/images/ZM0720899_2019-08.tif
ZM1432266,26444.0,2,v2.0.0,,,0.8303108808290155,32.8465,-14.0175,0.5950039534344462,0.5070551658163265,ZM,2021,3,train,3cl/v2-0-0/labels/ZM1432266_26444_2021-09.tif,3cl/v2-0-0/images/ZM1432266_2021-09.tif
ZM1467547,26450.0,2,v2.0.0,,,0.4913793103448275,32.2865,-14.0975,8.993131835456202,0.8882732780612245,ZM,2020,3,train,3cl/v2-0-0/labels/ZM1467547_26450_2020-09.tif,3cl/v2-0-0/images/ZM1467547_2020-09.tif
ZM1203885,26417.0,2,v2.0.0,,,0.706386293,32.6765,-13.4925,1.299207034875862,0.6496332908163265,ZM,2020,3,train,3cl/v2-0-0/labels/ZM1203885_26417_2020-07.tif,3cl/v2-0-0/images/ZM1203885_2020-07.tif
ZM1447815,26447.0,2,v2.0.0,,,0.6305841924398625,32.8715,-14.0525,1.0475925261355588,0.1362603635204081,ZM,2019,3,train,3cl/v2-0-0/labels/ZM1447815_26447_2019-08.tif,3cl/v2-0-0/images/ZM1447815_2019-08.tif
ZM0660620,26384.0,2,v2.0.0,,,0.7687224669603524,33.0065,-11.9275,1.294673370558162,0.7370057397959183,ZM,2022,3,train,3cl/v2-0-0/labels/ZM0660620_26384_2022-09.tif,3cl/v2-0-0/images/ZM0660620_2022-09.tif
ZM1480040,26452.0,2,v2.0.0,,,0.6302521008403361,29.2265,-14.1275,0.8614637864524576,0.3402822066326531,ZM,2018,3,train,3cl/v2-0-0/labels/ZM1480040_26452_2018-08.tif,3cl/v2-0-0/images/ZM1480040_2018-08.tif
ZM1485061,26457.0,2,v2.0.0,,,0.6480446927374302,32.6065,-14.1375,2.6531971599099387,0.7499003507653061,ZM,2018,3,train,3cl/v2-0-0/labels/ZM1485061_26457_2018-08.tif,3cl/v2-0-0/images/ZM1485061_2018-08.tif
ZM1524213,26463.0,2,v2.0.0,,,0.6480446927374302,24.8365,-14.2325,2.1880497370735967,0.3319116709183674,ZM,2019,3,train,3cl/v2-0-0/labels/ZM1524213_26463_2019-08.tif,3cl/v2-0-0/images/ZM1524213_2019-08.tif
ZM1527671,26465.0,2,v2.0.0,,,0.6480446927374302,31.5465,-14.2375,3.072416205149619,0.7838010204081632,ZM,2019,3,train,3cl/v2-0-0/labels/ZM1527671_26465_2019-02.tif,3cl/v2-0-0/images/ZM1527671_2019-02.tif
ZM1506299,26461.0,2,v2.0.0,,,0.6302521008403361,31.0415,-14.1875,0.2699367574180609,0.2380819515306122,ZM,2017,3,train,3cl/v2-0-0/labels/ZM1506299_26461_2017-02.tif,3cl/v2-0-0/images/ZM1506299_2017-02.tif
ZM1548203,26469.0,2,v2.0.0,,,0.6480446927374302,29.0915,-14.2875,1.0515233821320304,0.3150908801020408,ZM,2017,3,train,3cl/v2-0-0/labels/ZM1548203_26469_2017-08.tif,3cl/v2-0-0/images/ZM1548203_2017-08.tif
ZM1535497,26466.0,2,v2.0.0,,,0.4913793103448275,28.4915,-14.2575,11.262823140457709,0.9468271683673468,ZM,2017,3,train,3cl/v2-0-0/labels/ZM1535497_26466_2017-08.tif,3cl/v2-0-0/images/ZM1535497_2017-08.tif
ZM1493549,26459.0,2,v2.0.0,,,0.8303108808290155,31.7765,-14.1575,0.423318762,0.7098014987244898,ZM,2017,3,train,3cl/v2-0-0/labels/ZM1493549_26459_2017-02.tif,3cl/v2-0-0/images/ZM1493549_2017-02.tif
ZM1525725,26464.0,2,v2.0.0,,,0.7282051282051282,32.3965,-14.2325,0.5450959667434209,0.7046795280612245,ZM,2020,3,train,3cl/v2-0-0/labels/ZM1525725_26464_2020-09.tif,3cl/v2-0-0/images/ZM1525725_2020-09.tif
ZM1609574,26472.0,2,v2.0.0,,,0.4913793103448275,31.4715,-14.4375,73.32063133384759,0.9619539221938777,ZM,2021,3,train,3cl/v2-0-0/labels/ZM1609574_26472_2021-09.tif,3cl/v2-0-0/images/ZM1609574_2021-09.tif
ZM1653908,26475.0,2,v2.0.0,,,0.7282051282051282,28.6765,-14.5525,1.2107675170191703,0.5212850765306123,ZM,2018,3,train,3cl/v2-0-0/labels/ZM1653908_26475_2018-08.tif,3cl/v2-0-0/images/ZM1653908_2018-08.tif
ZM1671159,26477.0,2,v2.0.0,,,0.6302521008403361,28.7915,-14.5975,0.2315531716969863,0.015266263,ZM,2018,3,train,3cl/v2-0-0/labels/ZM1671159_26477_2018-08.tif,3cl/v2-0-0/images/ZM1671159_2018-08.tif
ZM1717651,26479.0,2,v2.0.0,,,0.7282051282051282,28.5465,-14.7225,0.8779952949513004,0.7466517857142857,ZM,2021,3,train,3cl/v2-0-0/labels/ZM1717651_26479_2021-06.tif,3cl/v2-0-0/images/ZM1717651_2021-06.tif
ZM1781664,26485.0,2,v2.0.0,,,0.6302521008403361,24.8065,-14.9075,0.2597767849734466,0.057676977,ZM,2019,3,train,3cl/v2-0-0/labels/ZM1781664_26485_2019-08.tif,3cl/v2-0-0/images/ZM1781664_2019-08.tif
ZM1810126,26488.0,2,v2.0.0,,,0.7282051282051282,24.4565,-14.9925,1.475037036,0.3815170599489796,ZM,2022,3,train,3cl/v2-0-0/labels/ZM1810126_26488_2022-06.tif,3cl/v2-0-0/images/ZM1810126_2022-06.tif
ZM1846894,26491.0,2,v2.0.0,,,0.7282051282051282,27.2315,-15.1025,1.767278096065617,0.3395647321428571,ZM,2021,3,train,3cl/v2-0-0/labels/ZM1846894_26491_2021-06.tif,3cl/v2-0-0/images/ZM1846894_2021-06.tif
ZM1850131,26492.0,2,v2.0.0,,,0.7282051282051282,26.9515,-15.1125,0.8992234222140552,0.093470982,ZM,2022,3,train,3cl/v2-0-0/labels/ZM1850131_26492_2022-06.tif,3cl/v2-0-0/images/ZM1850131_2022-06.tif
ZM1840784,26490.0,2,v2.0.0,,,0.6302521008403361,29.5815,-15.0825,0.3355914727628208,0.2463129783163265,ZM,2020,3,train,3cl/v2-0-0/labels/ZM1840784_26490_2020-09.tif,3cl/v2-0-0/images/ZM1840784_2020-09.tif
ZM1740780,26481.0,2,v2.0.0,,,0.6941747572815534,27.9315,-14.7875,0.9508206882519964,0.9231704400510204,ZM,2019,3,train,3cl/v2-0-0/labels/ZM1740780_26481_2019-08.tif,3cl/v2-0-0/images/ZM1740780_2019-08.tif
ZM1866973,26496.0,2,v2.0.0,,,0.6302521008403361,28.7665,-15.1625,0.5614837898765856,0.3519411670918367,ZM,2022,3,train,3cl/v2-0-0/labels/ZM1866973_26496_2022-06.tif,3cl/v2-0-0/images/ZM1866973_2022-06.tif
ZM1873590,26497.0,2,v2.0.0,,,0.8303108808290155,28.8315,-15.1825,0.638671357,0.532844388,ZM,2017,3,train,3cl/v2-0-0/labels/ZM1873590_26497_2017-08.tif,3cl/v2-0-0/images/ZM1873590_2017-08.tif
ZM1901593,26501.0,2,v2.0.0,,,0.8117408906882592,28.2115,-15.2675,0.5651745212948233,0.3217673788265306,ZM,2019,3,train,3cl/v2-0-0/labels/ZM1901593_26501_2019-08.tif,3cl/v2-0-0/images/ZM1901593_2019-08.tif
ZM1921690,26502.0,2,v2.0.0,,,0.8303108808290155,28.6365,-15.3275,0.3683139242821492,0.3403220663265306,ZM,2018,3,train,3cl/v2-0-0/labels/ZM1921690_26502_2018-08.tif,3cl/v2-0-0/images/ZM1921690_2018-08.tif
ZM1893069,26500.0,2,v2.0.0,,,0.6302521008403361,27.0415,-15.2425,0.839408395,0.4501554528061224,ZM,2017,3,train,3cl/v2-0-0/labels/ZM1893069_26500_2017-08.tif,3cl/v2-0-0/images/ZM1893069_2017-08.tif
ZM1886674,26498.0,2,v2.0.0,,,0.825,28.1565,-15.2225,0.3560003408869853,0.3032326211734694,ZM,2017,3,train,3cl/v2-0-0/labels/ZM1886674_26498_2017-08.tif,3cl/v2-0-0/images/ZM1886674_2017-08.tif
ZM1490990,26458.0,2,v2.0.0,,,0.7687224669603524,29.7765,-14.1525,1.703467979707336,0.6218510841836735,ZM,2019,3,train,3cl/v2-0-0/labels/ZM1490990_26458_2019-08.tif,3cl/v2-0-0/images/ZM1490990_2019-08.tif
ZM1514447,26462.0,2,v2.0.0,,,0.7687224669603524,29.0765,-14.2075,1.4979022875855152,0.7860530931122449,ZM,2020,3,train,3cl/v2-0-0/labels/ZM1514447_26462_2020-07.tif,3cl/v2-0-0/images/ZM1514447_2020-07.tif
ZM1537630,26467.0,2,v2.0.0,,,0.7687224669603524,28.6415,-14.2625,0.8998226302505102,0.7029655612244898,ZM,2017,3,train,3cl/v2-0-0/labels/ZM1537630_26467_2017-08.tif,3cl/v2-0-0/images/ZM1537630_2017-08.tif
ZM1941805,26507.0,2,v2.0.0,,,0.691747573,28.6315,-15.3875,0.0,0.0,ZM,2019,3,train,3cl/v2-0-0/labels/ZM1941805_26507_2019-08.tif,3cl/v2-0-0/images/ZM1941805_2019-08.tif
ZM1926719,26506.0,2,v2.0.0,,,0.8117408906882592,28.6565,-15.3425,0.0,0.0,ZM,2018,3,train,3cl/v2-0-0/labels/ZM1926719_26506_2018-08.tif,3cl/v2-0-0/images/ZM1926719_2018-08.tif
ZM2002550,26512.0,2,v2.0.0,,,0.6480446927374302,30.3715,-15.5675,0.733805634,0.2342753507653061,ZM,2019,3,train,3cl/v2-0-0/labels/ZM2002550_26512_2019-08.tif,3cl/v2-0-0/images/ZM2002550_2019-08.tif
ZM2161502,26515.0,2,v2.0.0,,,0.7282051282051282,26.3615,-16.1175,1.9732351907521497,0.5630779655612245,ZM,2017,3,train,3cl/v2-0-0/labels/ZM2161502_26515_2017-08.tif,3cl/v2-0-0/images/ZM2161502_2017-08.tif
ZM2135653,26514.0,2,v2.0.0,,,0.691747573,27.2865,-16.0225,0.8285470188648324,0.1835538903061224,ZM,2021,3,train,3cl/v2-0-0/labels/ZM2135653_26514_2021-06.tif,3cl/v2-0-0/images/ZM2135653_2021-06.tif
ZM2161759,26521.0,2,v2.0.0,,,0.6480446927374302,27.6465,-16.1175,1.1713932170688757,0.1994379783163265,ZM,2019,3,train,3cl/v2-0-0/labels/ZM2161759_26521_2019-08.tif,3cl/v2-0-0/images/ZM2161759_2019-08.tif
ZM2165604,26522.0,2,v2.0.0,,,0.7282051282051282,26.2915,-16.1325,4.099098218156459,0.7796954719387755,ZM,2018,3,train,3cl/v2-0-0/labels/ZM2165604_26522_2018-08.tif,3cl/v2-0-0/images/ZM2165604_2018-08.tif
ZM2193003,26525.0,2,v2.0.0,,,0.6480446927374302,26.5365,-16.2325,2.388284575267804,0.3081951530612244,ZM,2019,3,train,3cl/v2-0-0/labels/ZM2193003_26525_2019-08.tif,3cl/v2-0-0/images/ZM2193003_2019-08.tif
ZM2126189,26513.0,2,v2.0.0,,,0.4598930481283422,28.1265,-15.9875,0.9557933890864888,0.2752710459183674,ZM,2019,3,train,3cl/v2-0-0/labels/ZM2126189_26513_2019-08.tif,3cl/v2-0-0/images/ZM2126189_2019-08.tif
ZM2229595,26527.0,2,v2.0.0,,,0.691747573,27.0215,-16.3675,1.227322924294966,0.5838647959183674,ZM,2022,3,train,3cl/v2-0-0/labels/ZM2229595_26527_2022-06.tif,3cl/v2-0-0/images/ZM2229595_2022-06.tif
ZM2203928,26526.0,2,v2.0.0,,,0.7282051282051282,26.7915,-16.2725,1.6055771995155714,0.8029536033163265,ZM,2017,3,train,3cl/v2-0-0/labels/ZM2203928_26526_2017-08.tif,3cl/v2-0-0/images/ZM2203928_2017-08.tif
ZM2356283,26536.0,2,v2.0.0,,,0.6480446927374302,27.4265,-16.8775,0.9066458555382988,0.2106584821428571,ZM,2019,3,train,3cl/v2-0-0/labels/ZM2356283_26536_2019-08.tif,3cl/v2-0-0/images/ZM2356283_2019-08.tif
ZM2376263,26538.0,2,v2.0.0,,,0.6480446927374302,26.2915,-16.9725,1.3262114786832793,0.2311065051020408,ZM,2022,3,train,3cl/v2-0-0/labels/ZM2376263_26538_2022-06.tif,3cl/v2-0-0/images/ZM2376263_2022-06.tif
ZM2380518,26539.0,2,v2.0.0,,,0.6480446927374302,26.8965,-16.9925,1.7323842254115576,0.2510363520408163,ZM,2020,3,train,3cl/v2-0-0/labels/ZM2380518_26539_2020-07.tif,3cl/v2-0-0/images/ZM2380518_2020-07.tif
ZM2429778,26541.0,2,v2.0.0,,,0.6480446927374302,26.3015,-17.2425,0.0,0.0,ZM,2020,3,train,3cl/v2-0-0/labels/ZM2429778_26541_2020-07.tif,3cl/v2-0-0/images/ZM2429778_2020-07.tif
ZM2249737,26529.0,2,v2.0.0,,,0.5787037037037037,27.0715,-16.4425,0.6213967773516856,0.088926977,ZM,2022,3,train,3cl/v2-0-0/labels/ZM2249737_26529_2022-06.tif,3cl/v2-0-0/images/ZM2249737_2022-06.tif
ZM2429852,26542.0,2,v2.0.0,,,0.6480446927374302,26.6715,-17.2425,1.8427430906867133,0.4536232461734694,ZM,2022,3,train,3cl/v2-0-0/labels/ZM2429852_26542_2022-06.tif,3cl/v2-0-0/images/ZM2429852_2022-06.tif
ZM2318401,26534.0,2,v2.0.0,,,0.7282051282051282,26.1715,-16.7125,0.7370641127807599,0.2872289540816326,ZM,2022,3,train,3cl/v2-0-0/labels/ZM2318401_26534_2022-06.tif,3cl/v2-0-0/images/ZM2318401_2022-06.tif
ZM2432502,26543.0,2,v2.0.0,,,0.5787037037037037,25.8965,-17.2575,2.226834606406514,0.4559351084183674,ZM,2022,3,train,3cl/v2-0-0/labels/ZM2432502_26543_2022-06.tif,3cl/v2-0-0/images/ZM2432502_2022-06.tif
ZM2451120,26547.0,2,v2.0.0,,,0.825,26.9315,-17.3575,0.6154739063717978,0.3647959183673469,ZM,2022,3,train,3cl/v2-0-0/labels/ZM2451120_26547_2022-06.tif,3cl/v2-0-0/images/ZM2451120_2022-06.tif
ZM2456381,26548.0,2,v2.0.0,,,0.4598930481283422,26.1015,-17.3875,0.7215797199563131,0.1694435586734693,ZM,2018,3,train,3cl/v2-0-0/labels/ZM2456381_26548_2018-08.tif,3cl/v2-0-0/images/ZM2456381_2018-08.tif
ZM2482671,26551.0,2,v2.0.0,,,0.7282051282051282,25.9565,-17.5475,1.312082019,0.4810267857142857,ZM,2018,3,train,3cl/v2-0-0/labels/ZM2482671_26551_2018-08.tif,3cl/v2-0-0/images/ZM2482671_2018-08.tif
ZM2492005,26553.0,2,v2.0.0,,,0.825,25.9015,-17.6375,0.5629480767641533,0.7748923788265306,ZM,2022,3,train,3cl/v2-0-0/labels/ZM2492005_26553_2022-06.tif,3cl/v2-0-0/images/ZM2492005_2022-06.tif
ZM2232382,26528.0,2,v2.0.0,,,0.6302521008403361,27.5065,-16.3775,0.4482810346175079,0.1344467474489795,ZM,2022,3,train,3cl/v2-0-0/labels/ZM2232382_26528_2022-06.tif,3cl/v2-0-0/images/ZM2232382_2022-06.tif
ZM2318424,26535.0,2,v2.0.0,,,0.691747573,26.2865,-16.7125,1.0762785074424066,0.5976363201530612,ZM,2021,3,train,3cl/v2-0-0/labels/ZM2318424_26535_2021-06.tif,3cl/v2-0-0/images/ZM2318424_2021-06.tif
ZM1376400,26429.0,2,v2.0.0,,,0.7687224669603524,29.7415,-13.8925,0.0,0.0,ZM,2021,3,train,3cl/v2-0-0/labels/ZM1376400_26429_2021-06.tif,3cl/v2-0-0/images/ZM1376400_2021-06.tif
ZM0510343,27991.0,2,v2.0.0,,,0.5787037037037037,33.0865,-11.3475,0.3837133922250941,0.022739955,ZM,2023,3,train,3cl/v2-0-0/labels/ZM0510343_27991_2023-09.tif,3cl/v2-0-0/images/ZM0510343_2023-09.tif
ZM0075132,27988.0,2,v2.0.0,,,0.8117408906882592,28.9765,-9.0775,0.7284274287005139,0.6646205357142857,ZM,2017,3,train,3cl/v2-0-0/labels/ZM0075132_27988_2017-08.tif,3cl/v2-0-0/images/ZM0075132_2017-08.tif
ZM1317557,28000.0,2,v2.0.0,,,0.7282051282051282,29.2915,-13.7575,5.593835122652771,0.452327806,ZM,2022,3,train,3cl/v2-0-0/labels/ZM1317557_28000_2022-06.tif,3cl/v2-0-0/images/ZM1317557_2022-06.tif
ZM1348514,28002.0,2,v2.0.0,,,0.7282051282051282,32.2915,-13.8275,0.4385364265189147,0.3195750956632653,ZM,2022,3,train,3cl/v2-0-0/labels/ZM1348514_28002_2022-01.tif,3cl/v2-0-0/images/ZM1348514_2022-01.tif
ZM1436485,28004.0,2,v2.0.0,,,0.5787037037037037,31.7165,-14.0275,0.3614728963362984,0.028559471,ZM,2023,3,train,3cl/v2-0-0/labels/ZM1436485_28004_2023-01.tif,3cl/v2-0-0/images/ZM1436485_2023-01.tif
ZM1414236,28003.0,2,v2.0.0,,,0.8117408906882592,31.7465,-13.9775,1.1323599025640394,0.8302375637755102,ZM,2023,3,train,3cl/v2-0-0/labels/ZM1414236_28003_2023-01.tif,3cl/v2-0-0/images/ZM1414236_2023-01.tif
ZM1480440,28006.0,2,v2.0.0,,,0.7282051282051282,31.2265,-14.1275,2.1242137444838813,0.9565130739795918,ZM,2018,3,train,3cl/v2-0-0/labels/ZM1480440_28006_2018-02.tif,3cl/v2-0-0/images/ZM1480440_2018-02.tif
ZM1527634,28010.0,2,v2.0.0,,,0.7282051282051282,31.3615,-14.2375,1.434902073790719,0.4665178571428571,ZM,2023,3,train,3cl/v2-0-0/labels/ZM1527634_28010_2023-01.tif,3cl/v2-0-0/images/ZM1527634_2023-01.tif
ZM2101024,28013.0,2,v2.0.0,,,0.8117408906882592,27.6865,-15.8975,7.908547928806934,0.9997807716836736,ZM,2023,3,train,3cl/v2-0-0/labels/ZM2101024_28013_2023-06.tif,3cl/v2-0-0/images/ZM2101024_2023-06.tif
ZM0793163,27997.0,2,v2.0.0,,,0.4598930481283422,33.3565,-12.3475,0.9834292,0.698860013,ZM,2019,3,train,3cl/v2-0-0/labels/ZM0793163_27997_2019-08.tif,3cl/v2-0-0/images/ZM0793163_2019-08.tif
ZM1504342,28009.0,2,v2.0.0,,,0.8303108808290155,31.9715,-14.1825,0.8583427885336797,0.8044084821428571,ZM,2023,3,train,3cl/v2-0-0/labels/ZM1504342_28009_2023-09.tif,3cl/v2-0-0/images/ZM1504342_2023-09.tif
ZM2301565,28020.0,2,v2.0.0,,,0.7282051282051282,26.3515,-16.6425,1.286757220124573,0.8920599489795918,ZM,2019,3,train,3cl/v2-0-0/labels/ZM2301565_28020_2019-08.tif,3cl/v2-0-0/images/ZM2301565_2019-08.tif
ZM2286595,28016.0,2,v2.0.0,,,0.825,26.5565,-16.5825,0.9537205417911012,0.4066685267857143,ZM,2023,3,train,3cl/v2-0-0/labels/ZM2286595_28016_2023-06.tif,3cl/v2-0-0/images/ZM2286595_2023-06.tif
ZM2289102,28017.0,2,v2.0.0,,,0.8117408906882592,26.4215,-16.5925,1.0569063459624577,0.9488799426020408,ZM,2023,3,train,3cl/v2-0-0/labels/ZM2289102_28017_2023-06.tif,3cl/v2-0-0/images/ZM2289102_2023-06.tif
ZM2396805,28021.0,2,v2.0.0,1.0,0.0,0.5787037037037037,27.0015,-17.0725,0.3862360993138373,0.1483179209183673,ZM,2020,3,train,3cl/v2-0-0/labels/ZM2396805_28021_2020-07.tif,3cl/v2-0-0/images/ZM2396805_2020-07.tif
ZM0883153,27998.0,2,v2.0.0,,,0.7687224669603524,32.8865,-12.6275,0.468247747,0.3360172193877551,ZM,2023,3,train,3cl/v2-0-0/labels/ZM0883153_27998_2023-09.tif,3cl/v2-0-0/images/ZM0883153_2023-09.tif
ZM2454710,28150.0,2,v2.0.0,,,0.7282051282051282,26.7715,-17.3775,1.1473234003014587,0.4825215242346938,ZM,2023,3,train,3cl/v2-0-0/labels/ZM2454710_28150_2023-06.tif,3cl/v2-0-0/images/ZM2454710_2023-06.tif
ZM2197100,28157.0,2,v2.0.0,,,0.7687224669603524,26.6165,-16.2475,0.7549687014740222,0.7183314732142857,ZM,2023,3,train,3cl/v2-0-0/labels/ZM2197100_28157_2023-06.tif,3cl/v2-0-0/images/ZM2197100_2023-06.tif
ZM0068143,28163.0,2,v2.0.0,,,0.6625,30.9865,-9.0225,0.4344831516652638,0.5976163903061225,ZM,2019,3,train,3cl/v2-0-0/labels/ZM0068143_28163_2019-08.tif,3cl/v2-0-0/images/ZM0068143_2019-08.tif
ZM0786280,28302.0,2,v2.0.0,,,0.4598930481283422,31.0815,-12.3275,0.8233676368815173,0.198062819,ZM,2020,3,train,3cl/v2-0-0/labels/ZM0786280_28302_2020-07.tif,3cl/v2-0-0/images/ZM0786280_2020-07.tif
ZM1350053,28320.0,2,v2.0.0,,,0.7282051282051282,29.0865,-13.8325,11.661108938794255,0.9882015306122448,ZM,2023,3,train,3cl/v2-0-0/labels/ZM1350053_28320_2023-06.tif,3cl/v2-0-0/images/ZM1350053_2023-06.tif
ZM1454451,28440.0,2,v2.0.0,,,0.7687224669603524,32.8465,-14.0675,0.9074274566026004,0.7218191964285714,ZM,2017,3,train,3cl/v2-0-0/labels/ZM1454451_28440_2017-08.tif,3cl/v2-0-0/images/ZM1454451_2017-08.tif
ZM1389329,28492.0,2,v2.0.0,,,0.7687224669603524,28.6715,-13.9225,0.1523146016074231,0.056540976,ZM,2017,3,train,3cl/v2-0-0/labels/ZM1389329_28492_2017-08.tif,3cl/v2-0-0/images/ZM1389329_2017-08.tif
ZM1570817,28503.0,2,v2.0.0,,,0.825,28.6815,-14.3425,0.2670107933803012,0.7253467793367347,ZM,2017,3,train,3cl/v2-0-0/labels/ZM1570817_28503_2017-08.tif,3cl/v2-0-0/images/ZM1570817_2017-08.tif
ZM1737272,28585.0,2,v2.0.0,,,0.7970297029702971,28.0515,-14.7775,1.6728662215237493,0.2708864795918367,ZM,2023,3,train,3cl/v2-0-0/labels/ZM1737272_28585_2023-06.tif,3cl/v2-0-0/images/ZM1737272_2023-06.tif
ZM2448164,28620.0,2,v2.0.0,,,0.4913793103448275,25.7965,-17.3425,7.151276575502158,0.3941326530612244,ZM,2023,3,train,3cl/v2-0-0/labels/ZM2448164_28620_2023-06.tif,3cl/v2-0-0/images/ZM2448164_2023-06.tif
ZM1747900,28665.0,2,v2.0.0,,,0.7687224669603524,28.4115,-14.8075,2.271607728825053,0.4165338010204081,ZM,2023,3,train,3cl/v2-0-0/labels/ZM1747900_28665_2023-06.tif,3cl/v2-0-0/images/ZM1747900_2023-06.tif
ZM1402590,28741.0,2,v2.0.0,,,0.6941747572815534,28.9965,-13.9525,0.3803060115730465,0.3981186224489796,ZM,2023,3,train,3cl/v2-0-0/labels/ZM1402590_28741_2023-06.tif,3cl/v2-0-0/images/ZM1402590_2023-06.tif
ZM1308671,28762.0,2,v2.0.0,,,0.7687224669603524,28.0615,-13.7375,6.368647295796542,0.7709462691326531,ZM,2023,3,train,3cl/v2-0-0/labels/ZM1308671_28762_2023-06.tif,3cl/v2-0-0/images/ZM1308671_2023-06.tif
ZM1072048,29039.0,2,v2.0.0,,,0.5401376146788991,32.8165,-13.1775,4.227925604890407,0.4891183035714285,ZM,2023,3,train,3cl/v2-0-0/labels/ZM1072048_29039_2023-07.tif,3cl/v2-0-0/images/ZM1072048_2023-07.tif
ZM1644758,29043.0,2,v2.0.0,,,0.6302521008403361,31.0965,-14.5275,0.6887798591516363,0.6090361926020408,ZM,2023,3,train,3cl/v2-0-0/labels/ZM1644758_29043_2023-09.tif,3cl/v2-0-0/images/ZM1644758_2023-09.tif
ZM2332539,29133.0,2,v2.0.0,,,0.6941747572815534,26.9565,-16.7725,2.509458765085256,0.5955038265306123,ZM,2023,3,train,3cl/v2-0-0/labels/ZM2332539_29133_2023-06.tif,3cl/v2-0-0/images/ZM2332539_2023-06.tif
ZM1144248,29148.0,2,v2.0.0,,,0.706386293,23.2315,-13.3575,0.6002441995719202,0.3543526785714285,ZM,2020,3,train,3cl/v2-0-0/labels/ZM1144248_29148_2020-10.tif,3cl/v2-0-0/images/ZM1144248_2020-10.tif
ZM0949885,29181.0,2,v2.0.0,,,0.706386293,32.0365,-12.8425,2.7299012049018403,0.594367825,ZM,2021,3,train,3cl/v2-0-0/labels/ZM0949885_29181_2021-07.tif,3cl/v2-0-0/images/ZM0949885_2021-07.tif
ZM1436540,29192.0,2,v2.0.0,,,0.7687224669603524,31.9915,-14.0275,1.4677592324036266,0.9153978,ZM,2021,3,train,3cl/v2-0-0/labels/ZM1436540_29192_2021-09.tif,3cl/v2-0-0/images/ZM1436540_2021-09.tif
ZM2260670,29437.0,2,v2.0.0,,,0.7239819004524887,28.2415,-16.4825,1.2833997852460626,0.7055963010204082,ZM,2023,3,train,3cl/v2-0-0/labels/ZM2260670_29437_2023-06.tif,3cl/v2-0-0/images/ZM2260670_2023-06.tif
ZM0781141,29472.0,2,v2.0.0,,,0.5401376146788991,27.7565,-12.3125,0.1113303470482118,0.008350606,ZM,2017,3,train,3cl/v2-0-0/labels/ZM0781141_29472_2017-08.tif,3cl/v2-0-0/images/ZM0781141_2017-08.tif
ZM2065446,29529.0,2,v2.0.0,,,0.5401376146788991,28.0365,-15.7725,4.0752058713421535,0.3399433992346938,ZM,2017,3,train,3cl/v2-0-0/labels/ZM2065446_29529_2017-08.tif,3cl/v2-0-0/images/ZM2065446_2017-08.tif
ZM2269665,29577.0,2,v2.0.0,,,0.5401376146788991,26.6065,-16.5175,1.7967273918510158,0.4268773915816326,ZM,2023,3,train,3cl/v2-0-0/labels/ZM2269665_29577_2023-06.tif,3cl/v2-0-0/images/ZM2269665_2023-06.tif
ZM2458200,29695.0,2,v2.0.0,,,0.6941747572815534,26.2015,-17.3975,0.7002844774963738,0.5226004464285714,ZM,2021,3,train,3cl/v2-0-0/labels/ZM2458200_29695_2021-06.tif,3cl/v2-0-0/images/ZM2458200_2021-06.tif
ZM1410010,29761.0,2,v2.0.0,,,0.6625,32.8465,-13.9675,0.4181159249068883,0.8361367984693877,ZM,2023,3,train,3cl/v2-0-0/labels/ZM1410010_29761_2023-09.tif,3cl/v2-0-0/images/ZM1410010_2023-09.tif
ZM1710403,29776.0,2,v2.0.0,,,0.825,28.7565,-14.7025,0.3553340321092885,0.4991230867346938,ZM,2022,3,train,3cl/v2-0-0/labels/ZM1710403_29776_2022-06.tif,3cl/v2-0-0/images/ZM1710403_2022-06.tif
ZM2404789,29796.0,2,v2.0.0,,,0.6302521008403361,27.0415,-17.1125,0.30928025,0.2659438775510204,ZM,2018,3,train,3cl/v2-0-0/labels/ZM2404789_29796_2018-08.tif,3cl/v2-0-0/images/ZM2404789_2018-08.tif
ZM1498004,29879.0,2,v2.0.0,,,0.7282051282051282,32.5015,-14.1675,1.1302487318249563,0.6750039859693877,ZM,2018,3,train,3cl/v2-0-0/labels/ZM1498004_29879_2018-08.tif,3cl/v2-0-0/images/ZM1498004_2018-08.tif
ZM1630672,29895.0,2,v2.0.0,,,0.7282051282051282,28.5865,-14.4925,2.8272864075913766,0.6717354910714286,ZM,2017,3,train,3cl/v2-0-0/labels/ZM1630672_29895_2017-08.tif,3cl/v2-0-0/images/ZM1630672_2017-08.tif
ZM2194597,29902.0,2,v2.0.0,,,0.6941747572815534,27.7015,-16.2375,0.5096934346207179,0.9631895727040816,ZM,2023,3,train,3cl/v2-0-0/labels/ZM2194597_29902_2023-06.tif,3cl/v2-0-0/images/ZM2194597_2023-06.tif
ZM1465400,29962.0,2,v2.0.0,,,0.7239819004524887,32.5265,-14.0925,1.8980656402083944,0.8072783801020408,ZM,2020,3,train,3cl/v2-0-0/labels/ZM1465400_29962_2020-09.tif,3cl/v2-0-0/images/ZM1465400_2020-09.tif
ZM2189661,29981.0,2,v2.0.0,,,0.6302521008403361,23.4515,-16.2225,0.582420476,0.3812978316326531,ZM,2017,3,train,3cl/v2-0-0/labels/ZM2189661_29981_2017-08.tif,3cl/v2-0-0/images/ZM2189661_2017-08.tif
ZM1239321,29997.0,2,v2.0.0,,,0.6302521008403361,26.0415,-13.5775,0.2622122,0.1221500318877551,ZM,2022,3,train,3cl/v2-0-0/labels/ZM1239321_29997_2022-06.tif,3cl/v2-0-0/images/ZM1239321_2022-06.tif
ZM1546620,30023.0,2,v2.0.0,,,0.6302521008403361,31.6365,-14.2825,0.2933232872907866,0.6156529017857143,ZM,2021,3,train,3cl/v2-0-0/labels/ZM1546620_30023_2021-01.tif,3cl/v2-0-0/images/ZM1546620_2021-01.tif
ZM1252869,30157.0,2,v2.0.0,,,0.6302521008403361,29.6215,-13.6075,1.0699073272874966,0.666015625,ZM,2017,3,train,3cl/v2-0-0/labels/ZM1252869_30157_2017-08.tif,3cl/v2-0-0/images/ZM1252869_2017-08.tif
ZM1691669,30170.0,2,v2.0.0,,,0.6302521008403361,27.3515,-14.6525,0.3147940266336377,0.3705157844387755,ZM,2019,3,train,3cl/v2-0-0/labels/ZM1691669_30170_2019-08.tif,3cl/v2-0-0/images/ZM1691669_2019-08.tif
ZM2381464,30172.0,2,v2.0.0,,,0.6302521008403361,26.4815,-16.9975,0.4854958403360901,0.4567522321428571,ZM,2017,3,train,3cl/v2-0-0/labels/ZM2381464_30172_2017-08.tif,3cl/v2-0-0/images/ZM2381464_2017-08.tif
ZM1383558,30184.0,2,v2.0.0,,,0.706386293,32.6715,-13.9075,3.1783636161146687,0.5998286033163265,ZM,2018,3,train,3cl/v2-0-0/labels/ZM1383558_30184_2018-08.tif,3cl/v2-0-0/images/ZM1383558_2018-08.tif
ZM2349398,30227.0,2,v2.0.0,,,0.706386293,26.1715,-16.8475,3.386303108207192,0.7933872767857143,ZM,2020,3,train,3cl/v2-0-0/labels/ZM2349398_30227_2020-07.tif,3cl/v2-0-0/images/ZM2349398_2020-07.tif
ZM1603135,30230.0,2,v2.0.0,,,0.706386293,29.0515,-14.4225,7.366722987627739,0.7692522321428571,ZM,2021,3,train,3cl/v2-0-0/labels/ZM1603135_30230_2021-06.tif,3cl/v2-0-0/images/ZM1603135_2021-06.tif
ZM0742009,30305.0,2,v2.0.0,,,0.6625,26.2915,-12.1875,0.4144130356352701,0.243781888,ZM,2019,3,train,3cl/v2-0-0/labels/ZM0742009_30305_2019-08.tif,3cl/v2-0-0/images/ZM0742009_2019-08.tif
ZM1270558,30320.0,2,v2.0.0,,,0.6625,32.3265,-13.6475,0.4582251764862185,0.6138193558673469,ZM,2023,3,train,3cl/v2-0-0/labels/ZM1270558_30320_2023-01.tif,3cl/v2-0-0/images/ZM1270558_2023-01.tif
ZM1591546,30369.0,2,v2.0.0,,,0.825,31.0615,-14.3925,0.6841936938550328,0.6620097257653061,ZM,2020,3,train,3cl/v2-0-0/labels/ZM1591546_30369_2020-09.tif,3cl/v2-0-0/images/ZM1591546_2020-09.tif
ZM2410456,30464.0,2,v2.0.0,,,0.6941747572815534,25.8515,-17.1425,0.964083688,0.9792131696428572,ZM,2023,3,train,3cl/v2-0-0/labels/ZM2410456_30464_2023-06.tif,3cl/v2-0-0/images/ZM2410456_2023-06.tif
ZM1433792,30492.0,2,v2.0.0,,,0.6302521008403361,29.3615,-14.0225,1.4760746033887202,0.6289859693877551,ZM,2023,3,train,3cl/v2-0-0/labels/ZM1433792_30492_2023-06.tif,3cl/v2-0-0/images/ZM1433792_2023-06.tif
ZM2311301,30711.0,2,v2.0.0,,,0.825,26.4265,-16.6825,1.0462297339608129,0.79296875,ZM,2021,3,train,3cl/v2-0-0/labels/ZM2311301_30711_2021-06.tif,3cl/v2-0-0/images/ZM2311301_2021-06.tif
ZM1233567,30747.0,2,v2.0.0,,,0.691747573,29.5215,-13.5625,1.3083275114528072,0.2576530612244898,ZM,2017,3,train,3cl/v2-0-0/labels/ZM1233567_30747_2017-08.tif,3cl/v2-0-0/images/ZM1233567_2017-08.tif
ZM1372564,30756.0,2,v2.0.0,,,0.8043478260869565,32.4565,-13.8825,1.234447431745648,0.2308474170918367,ZM,2023,3,train,3cl/v2-0-0/labels/ZM1372564_30756_2023-09.tif,3cl/v2-0-0/images/ZM1372564_2023-09.tif
ZM1858370,30870.0,2,v2.0.0,,,0.4913793103448275,26.9715,-15.1375,3.9037810952534007,0.1485570790816326,ZM,2021,3,train,3cl/v2-0-0/labels/ZM1858370_30870_2021-06.tif,3cl/v2-0-0/images/ZM1858370_2021-06.tif
ZM2438250,30872.0,2,v2.0.0,,,0.4913793103448275,26.8015,-17.2875,5.974147639981193,0.9653021364795918,ZM,2022,3,train,3cl/v2-0-0/labels/ZM2438250_30872_2022-06.tif,3cl/v2-0-0/images/ZM2438250_2022-06.tif
ZM1592969,30896.0,2,v2.0.0,,,0.7970297029702971,28.1265,-14.3975,4.149496040876281,0.7440808354591837,ZM,2019,3,train,3cl/v2-0-0/labels/ZM1592969_30896_2019-08.tif,3cl/v2-0-0/images/ZM1592969_2019-08.tif
ZM0185547,30912.0,2,v2.0.0,,,0.7687224669603524,33.1565,-9.7125,0.5926693465963032,0.655891263,ZM,2023,3,train,3cl/v2-0-0/labels/ZM0185547_30912_2023-07.tif,3cl/v2-0-0/images/ZM0185547_2023-07.tif
ZM2454537,30960.0,2,v2.0.0,,,0.8707482993197279,25.9065,-17.3775,1.5733031109474718,0.1594188456632653,ZM,2023,3,train,3cl/v2-0-0/labels/ZM2454537_30960_2023-06.tif,3cl/v2-0-0/images/ZM2454537_2023-06.tif
ZM0738013,30998.0,2,v2.0.0,,,0.7687224669603524,31.3765,-12.1725,1.9941426223878085,0.445491869,ZM,2023,3,train,3cl/v2-0-0/labels/ZM0738013_30998_2023-07.tif,3cl/v2-0-0/images/ZM0738013_2023-07.tif
ZM0605989,31014.0,2,v2.0.0,,,0.5787037037037037,33.2415,-11.7325,0.8239060400158269,0.3050462372448979,ZM,2019,3,train,3cl/v2-0-0/labels/ZM0605989_31014_2019-08.tif,3cl/v2-0-0/images/ZM0605989_2019-08.tif
ZM1369611,31061.0,2,v2.0.0,,,0.6480446927374302,28.6365,-13.8775,0.7029008993240153,0.3067801339285714,ZM,2018,3,train,3cl/v2-0-0/labels/ZM1369611_31061_2018-08.tif,3cl/v2-0-0/images/ZM1369611_2018-08.tif
ZM1909903,31069.0,2,v2.0.0,,,0.5787037037037037,28.1615,-15.2925,0.583849832,0.131297832,ZM,2018,3,train,3cl/v2-0-0/labels/ZM1909903_31069_2018-08.tif,3cl/v2-0-0/images/ZM1909903_2018-08.tif
ZM1055862,31093.0,2,v2.0.0,1.0,0.0,0.4598930481283422,32.4465,-13.1375,1.720528949023537,0.41796875,ZM,2019,3,train,3cl/v2-0-0/labels/ZM1055862_31093_2019-08.tif,3cl/v2-0-0/images/ZM1055862_2019-08.tif
ZM1526991,31174.0,2,v2.0.0,,,0.6480446927374302,28.1465,-14.2375,5.251082732,0.7430245535714286,ZM,2023,3,train,3cl/v2-0-0/labels/ZM1526991_31174_2023-06.tif,3cl/v2-0-0/images/ZM1526991_2023-06.tif
ZM1550935,31210.0,2,v2.0.0,,,0.6941747572815534,32.3065,-14.2925,0.9037661133186766,0.8315130739795918,ZM,2023,3,train,3cl/v2-0-0/labels/ZM1550935_31210_2023-09.tif,3cl/v2-0-0/images/ZM1550935_2023-09.tif
ZM0802990,31268.0,2,v2.0.0,,,0.6625,33.3565,-12.3775,0.410198812,0.9685307716836736,ZM,2017,3,train,3cl/v2-0-0/labels/ZM0802990_31268_2017-08.tif,3cl/v2-0-0/images/ZM0802990_2017-08.tif
ZM0820548,31360.0,2,v2.0.0,,,0.706386293,32.3015,-12.4325,2.930551031759214,0.8639190051020408,ZM,2023,3,train,3cl/v2-0-0/labels/ZM0820548_31360_2023-07.tif,3cl/v2-0-0/images/ZM0820548_2023-07.tif
ZM0781162,31385.0,2,v2.0.0,,,0.706386293,27.8615,-12.3125,2.8762421475604176,0.037488042,ZM,2023,3,train,3cl/v2-0-0/labels/ZM0781162_31385_2023-06.tif,3cl/v2-0-0/images/ZM0781162_2023-06.tif
ZM1768643,31625.0,2,v2.0.0,,,0.7239819004524887,28.0315,-14.8675,17.87564551378535,0.986427774,ZM,2023,3,train,3cl/v2-0-0/labels/ZM1768643_31625_2023-06.tif,3cl/v2-0-0/images/ZM1768643_2023-06.tif
ZM2017200,31720.0,2,v2.0.0,,,0.8117408906882592,28.0515,-15.6125,80.99422742250161,0.7901187818877551,ZM,2021,3,train,3cl/v2-0-0/labels/ZM2017200_31720_2021-06.tif,3cl/v2-0-0/images/ZM2017200_2021-06.tif
ZM0923037,31724.0,2,v2.0.0,1.0,0.0,0.4913793103448275,30.3015,-12.7575,12.617742248177809,0.804069675,ZM,2020,3,train,3cl/v2-0-0/labels/ZM0923037_31724_2020-02.tif,3cl/v2-0-0/images/ZM0923037_2020-02.tif
ZM1642814,31755.0,2,v2.0.0,,,0.7970297029702971,31.0365,-14.5225,2.097102708554522,0.9290896045918368,ZM,2022,3,train,3cl/v2-0-0/labels/ZM1642814_31755_2022-09.tif,3cl/v2-0-0/images/ZM1642814_2022-09.tif
ZM0210532,31866.0,2,v2.0.0,,,0.8707482993197279,33.2065,-9.8475,1.1707802308019075,0.1610730229591837,ZM,2023,3,train,3cl/v2-0-0/labels/ZM0210532_31866_2023-07.tif,3cl/v2-0-0/images/ZM0210532_2023-07.tif
ZM0431609,32018.0,2,v2.0.0,,,0.6480446927374302,31.0615,-10.9825,0.8713029151663391,0.376155931,ZM,2019,3,train,3cl/v2-0-0/labels/ZM0431609_32018_2019-08.tif,3cl/v2-0-0/images/ZM0431609_2019-08.tif
ZM2255163,31943.0,2,v2.0.0,,,0.6625,27.4515,-16.4625,0.3878267980794713,0.5755939094387755,ZM,2023,3,train,3cl/v2-0-0/labels/ZM2255163_31943_2023-06.tif,3cl/v2-0-0/images/ZM2255163_2023-06.tif
ZM1827157,32197.0,2,v2.0.0,,,0.7687224669603524,27.2815,-15.0425,1.053965273220162,0.1629862882653061,ZM,2023,3,train,3cl/v2-0-0/labels/ZM1827157_32197_2023-06.tif,3cl/v2-0-0/images/ZM1827157_2023-06.tif
ZM1817182,32276.0,2,v2.0.0,,,0.7970297029702971,26.8115,-15.0125,1.751787222103398,0.7193478954081632,ZM,2023,3,train,3cl/v2-0-0/labels/ZM1817182_32276_2023-06.tif,3cl/v2-0-0/images/ZM1817182_2023-06.tif
ZM1540437,32367.0,2,v2.0.0,,,0.7282051282051282,32.1715,-14.2675,1.2655473175741916,0.9433793048469388,ZM,2017,3,train,3cl/v2-0-0/labels/ZM1540437_32367_2017-08.tif,3cl/v2-0-0/images/ZM1540437_2017-08.tif
ZM0492996,32373.0,2,v2.0.0,0.0,0.0,0.4598930481283422,32.9815,-11.2725,0.4975574657503515,0.011937978,ZM,2022,3,train,3cl/v2-0-0/labels/ZM0492996_32373_2022-09.tif,3cl/v2-0-0/images/ZM0492996_2022-09.tif
ZM1683020,32397.0,2,v2.0.0,,,0.5787037037037037,31.0915,-14.6275,3.1022011801260216,0.8426339285714286,ZM,2023,3,train,3cl/v2-0-0/labels/ZM1683020_32397_2023-09.tif,3cl/v2-0-0/images/ZM1683020_2023-09.tif
ZM0998729,32419.0,2,v2.0.0,,,0.7687224669603524,26.5265,-12.9975,0.3403392331781099,0.024314413,ZM,2020,3,train,3cl/v2-0-0/labels/ZM0998729_32419_2020-07.tif,3cl/v2-0-0/images/ZM0998729_2020-07.tif
ZM1409055,32464.0,2,v2.0.0,,,0.7239819004524887,28.0715,-13.9675,1.470108008855124,0.1664740114795918,ZM,2022,3,train,3cl/v2-0-0/labels/ZM1409055_32464_2022-06.tif,3cl/v2-0-0/images/ZM1409055_2022-06.tif
ZM1500188,32599.0,2,v2.0.0,,,0.6941747572815534,32.6665,-14.1725,0.7322515348957892,0.5584941007653061,ZM,2023,3,train,3cl/v2-0-0/labels/ZM1500188_32599_2023-09.tif,3cl/v2-0-0/images/ZM1500188_2023-09.tif
ZM2357201,32610.0,2,v2.0.0,,,0.5401376146788991,26.5515,-16.8825,7.705744731,0.2027064732142857,ZM,2023,3,train,3cl/v2-0-0/labels/ZM2357201_32610_2023-06.tif,3cl/v2-0-0/images/ZM2357201_2023-06.tif
ZM2488495,32633.0,2,v2.0.0,0.0,0.0,0.4598930481283422,27.2415,-17.5975,0.6181660390096717,0.037587691,ZM,2023,3,train,3cl/v2-0-0/labels/ZM2488495_32633_2023-06.tif,3cl/v2-0-0/images/ZM2488495_2023-06.tif
ZM0804615,32677.0,2,v2.0.0,,,0.6625,33.3665,-12.3825,0.6034282287241804,0.9725964604591836,ZM,2023,3,train,3cl/v2-0-0/labels/ZM0804615_32677_2023-09.tif,3cl/v2-0-0/images/ZM0804615_2023-09.tif
ZM1966891,32687.0,2,v2.0.0,,,0.8303108808290155,28.2115,-15.4625,2.333643431871002,0.8361965880102041,ZM,2019,3,train,3cl/v2-0-0/labels/ZM1966891_32687_2019-08.tif,3cl/v2-0-0/images/ZM1966891_2019-08.tif
ZM1921686,32938.0,2,v2.0.0,,,0.6305841924398625,28.6165,-15.3275,0.7745093737303593,0.1794284119897959,ZM,2022,3,train,3cl/v2-0-0/labels/ZM1921686_32938_2022-06.tif,3cl/v2-0-0/images/ZM1921686_2022-06.tif
ZM1834020,32985.0,2,v2.0.0,,,0.706386293,28.6715,-15.0625,2.912961013547701,0.6236049107142857,ZM,2017,3,train,3cl/v2-0-0/labels/ZM1834020_32985_2017-08.tif,3cl/v2-0-0/images/ZM1834020_2017-08.tif
ZM2255061,33029.0,2,v2.0.0,,,0.6625,26.9415,-16.4625,0.7404112825753154,0.2589485012755102,ZM,2020,3,train,3cl/v2-0-0/labels/ZM2255061_33029_2020-07.tif,3cl/v2-0-0/images/ZM2255061_2020-07.tif
ZM1767000,33039.0,2,v2.0.0,,,0.706386293,28.4165,-14.8625,0.0,0.0,ZM,2023,3,train,3cl/v2-0-0/labels/ZM1767000_33039_2023-06.tif,3cl/v2-0-0/images/ZM1767000_2023-06.tif
ZM1834970,33098.0,2,v2.0.0,,,0.825,25.1965,-15.0675,0.5260892736208254,0.378547513,ZM,2023,3,train,3cl/v2-0-0/labels/ZM1834970_33098_2023-06.tif,3cl/v2-0-0/images/ZM1834970_2023-06.tif
ZM1118507,33128.0,2,v2.0.0,,,0.7239819004524887,29.9115,-13.2925,1.872403893143491,0.4044164540816326,ZM,2023,3,train,3cl/v2-0-0/labels/ZM1118507_33128_2023-01.tif,3cl/v2-0-0/images/ZM1118507_2023-01.tif
ZM1884902,33135.0,2,v2.0.0,,,0.7687224669603524,27.5615,-15.2175,1.0454071461023065,0.045898438,ZM,2022,3,train,3cl/v2-0-0/labels/ZM1884902_33135_2022-06.tif,3cl/v2-0-0/images/ZM1884902_2022-06.tif
ZM1274104,33141.0,2,v2.0.0,,,0.691747573,28.4515,-13.6575,1.693161037225253,0.1185227997448979,ZM,2023,3,train,3cl/v2-0-0/labels/ZM1274104_33141_2023-06.tif,3cl/v2-0-0/images/ZM1274104_2023-06.tif
ZM1733779,33145.0,2,v2.0.0,,,0.691747573,28.3265,-14.7675,2.170058002814366,0.6417012117346939,ZM,2017,3,train,3cl/v2-0-0/labels/ZM1733779_33145_2017-08.tif,3cl/v2-0-0/images/ZM1733779_2017-08.tif
ZM1038541,33162.0,2,v2.0.0,,,0.7687224669603524,25.0815,-13.0975,0.0,0.0,ZM,2020,3,train,3cl/v2-0-0/labels/ZM1038541_33162_2020-07.tif,3cl/v2-0-0/images/ZM1038541_2020-07.tif
ZM1243962,33185.0,2,v2.0.0,,,0.7970297029702971,27.8365,-13.5875,2.6727211418134487,0.8035913584183674,ZM,2020,3,train,3cl/v2-0-0/labels/ZM1243962_33185_2020-07.tif,3cl/v2-0-0/images/ZM1243962_2020-07.tif
ZM1946557,33221.0,2,v2.0.0,,,0.5787037037037037,27.2215,-15.4025,2.007573453320492,0.7256257971938775,ZM,2023,3,train,3cl/v2-0-0/labels/ZM1946557_33221_2023-06.tif,3cl/v2-0-0/images/ZM1946557_2023-06.tif
ZM1171429,33220.0,2,v2.0.0,,,0.7970297029702971,32.8615,-13.4175,1.611872033991251,0.7083266900510204,ZM,2019,3,train,3cl/v2-0-0/labels/ZM1171429_33220_2019-08.tif,3cl/v2-0-0/images/ZM1171429_2019-08.tif
ZM2182373,33237.0,2,v2.0.0,,,0.7970297029702971,28.0015,-16.1925,6.646721401776321,0.8973612882653061,ZM,2021,3,train,3cl/v2-0-0/labels/ZM2182373_33237_2021-06.tif,3cl/v2-0-0/images/ZM2182373_2021-06.tif
ZM1207358,33275.0,2,v2.0.0,,,0.706386293,28.3465,-13.5025,7.615581863976643,0.5481704400510204,ZM,2018,3,train,3cl/v2-0-0/labels/ZM1207358_33275_2018-08.tif,3cl/v2-0-0/images/ZM1207358_2018-08.tif
ZM1745912,33284.0,2,v2.0.0,,,0.706386293,27.2315,-14.8025,6.98169679,0.8937340561224489,ZM,2021,3,train,3cl/v2-0-0/labels/ZM1745912_33284_2021-06.tif,3cl/v2-0-0/images/ZM1745912_2021-06.tif
ZM2473357,33337.0,2,v2.0.0,,,0.4913793103448275,27.2965,-17.4825,0.0,0.0,ZM,2023,3,train,3cl/v2-0-0/labels/ZM2473357_33337_2023-06.tif,3cl/v2-0-0/images/ZM2473357_2023-06.tif
ZM1587007,33345.0,2,v2.0.0,,,0.706386293,28.5165,-14.3825,2.047987087426686,0.2657246492346938,ZM,2023,3,train,3cl/v2-0-0/labels/ZM1587007_33345_2023-06.tif,3cl/v2-0-0/images/ZM1587007_2023-06.tif
ZM0778216,33368.0,2,v2.0.0,,,0.6625,30.3265,-12.3025,0.4436768013562747,0.9121293048469388,ZM,2023,3,train,3cl/v2-0-0/labels/ZM0778216_33368_2023-06.tif,3cl/v2-0-0/images/ZM0778216_2023-06.tif
ZM1559032,33380.0,2,v2.0.0,,,0.4913793103448275,31.2865,-14.3125,19.53365795499931,0.8292809311224489,ZM,2023,3,train,3cl/v2-0-0/labels/ZM1559032_33380_2023-09.tif,3cl/v2-0-0/images/ZM1559032_2023-09.tif
ZM2324490,33413.0,2,v2.0.0,,,0.4598930481283422,27.2915,-16.7375,0.4240793283253151,0.064592634,ZM,2023,3,train,3cl/v2-0-0/labels/ZM2324490_33413_2023-06.tif,3cl/v2-0-0/images/ZM2324490_2023-06.tif
ZM0630457,33443.0,2,v2.0.0,,,0.7687224669603524,33.1215,-11.8225,0.578850926,0.5583346619897959,ZM,2023,3,train,3cl/v2-0-0/labels/ZM0630457_33443_2023-09.tif,3cl/v2-0-0/images/ZM0630457_2023-09.tif
ZM1573443,33464.0,2,v2.0.0,,,0.7687224669603524,31.6165,-14.3475,0.8958797954699431,0.2200255102040816,ZM,2023,3,train,3cl/v2-0-0/labels/ZM1573443_33464_2023-09.tif,3cl/v2-0-0/images/ZM1573443_2023-09.tif
ZM1611482,33475.0,2,v2.0.0,,,0.4913793103448275,31.1065,-14.4425,12.713938439463204,0.6518056441326531,ZM,2023,3,train,3cl/v2-0-0/labels/ZM1611482_33475_2023-09.tif,3cl/v2-0-0/images/ZM1611482_2023-09.tif
ZM0279068,33553.0,2,v2.0.0,,,0.6480446927374302,28.6415,-10.2125,0.1664771695125382,0.016661352,ZM,2018,3,train,3cl/v2-0-0/labels/ZM0279068_33553_2018-08.tif,3cl/v2-0-0/images/ZM0279068_2018-08.tif
ZM2326658,33573.0,2,v2.0.0,,,0.8356164383561644,26.4815,-16.7475,1.968685401202827,0.9324178890306124,ZM,2022,3,train,3cl/v2-0-0/labels/ZM2326658_33573_2022-06.tif,3cl/v2-0-0/images/ZM2326658_2022-06.tif
ZM2168465,33621.0,2,v2.0.0,,,0.706386293,26.8865,-16.1425,2.2095717395858774,0.8223453443877551,ZM,2023,3,train,3cl/v2-0-0/labels/ZM2168465_33621_2023-06.tif,3cl/v2-0-0/images/ZM2168465_2023-06.tif
ZM0200923,33655.0,2,v2.0.0,,,0.8303108808290155,31.6865,-9.7975,0.531756123,0.4095982142857143,ZM,2018,3,train,3cl/v2-0-0/labels/ZM0200923_33655_2018-08.tif,3cl/v2-0-0/images/ZM0200923_2018-08.tif
ZM1975404,33905.0,2,v2.0.0,,,0.7687224669603524,28.7565,-15.4875,1.0786752686246224,0.9778778698979592,ZM,2022,3,train,3cl/v2-0-0/labels/ZM1975404_33905_2022-06.tif,3cl/v2-0-0/images/ZM1975404_2022-06.tif
ZM0013188,33924.0,2,v2.0.0,,,0.7687224669603524,29.7515,-8.5075,0.0,0.0,ZM,2023,3,train,3cl/v2-0-0/labels/ZM0013188_33924_2023-10.tif,3cl/v2-0-0/images/ZM0013188_2023-10.tif
ZM1207297,33929.0,2,v2.0.0,,,0.7687224669603524,28.0415,-13.5025,1.986520951519137,0.984016263,ZM,2020,3,train,3cl/v2-0-0/labels/ZM1207297_33929_2020-07.tif,3cl/v2-0-0/images/ZM1207297_2020-07.tif
ZM1495766,33959.0,2,v2.0.0,,,0.7687224669603524,32.0815,-14.1625,1.3846692706769457,0.9692881058673468,ZM,2023,3,train,3cl/v2-0-0/labels/ZM1495766_33959_2023-09.tif,3cl/v2-0-0/images/ZM1495766_2023-09.tif
ZM1036895,34033.0,2,v2.0.0,,,0.4913793103448275,26.8665,-13.0925,0.0,0.0,ZM,2022,3,train,3cl/v2-0-0/labels/ZM1036895_34033_2022-06.tif,3cl/v2-0-0/images/ZM1036895_2022-06.tif
ZM1712027,34119.0,2,v2.0.0,,,0.4598930481283422,27.7415,-14.7075,4.612919392472876,0.2694316007653061,ZM,2018,3,train,3cl/v2-0-0/labels/ZM1712027_34119_2018-08.tif,3cl/v2-0-0/images/ZM1712027_2018-08.tif
ZM2419245,34205.0,2,v2.0.0,,,0.4598930481283422,25.9065,-17.1875,1.616049413,0.1211933992346938,ZM,2017,3,train,3cl/v2-0-0/labels/ZM2419245_34205_2017-08.tif,3cl/v2-0-0/images/ZM2419245_2017-08.tif
ZM0538184,34225.0,2,v2.0.0,,,0.7282051282051282,31.2815,-11.4675,0.4150751574913339,0.3443080357142857,ZM,2023,3,train,3cl/v2-0-0/labels/ZM0538184_34225_2023-06.tif,3cl/v2-0-0/images/ZM0538184_2023-06.tif
ZM1636644,34243.0,2,v2.0.0,,,0.6305841924398625,29.2315,-14.5075,1.4999358193611378,0.076949139,ZM,2017,3,train,3cl/v2-0-0/labels/ZM1636644_34243_2017-08.tif,3cl/v2-0-0/images/ZM1636644_2017-08.tif
ZM0595342,34277.0,2,v2.0.0,,,0.6625,32.8415,-11.6925,0.3686056324870417,0.7505181760204082,ZM,2023,3,train,3cl/v2-0-0/labels/ZM0595342_34277_2023-01.tif,3cl/v2-0-0/images/ZM0595342_2023-01.tif
ZM0176784,34398.0,2,v2.0.0,,,0.706386293,30.7365,-9.6675,0.7133155654768553,0.179508131,ZM,2020,3,train,3cl/v2-0-0/labels/ZM0176784_34398_2020-07.tif,3cl/v2-0-0/images/ZM0176784_2020-07.tif
ZM0788947,34407.0,2,v2.0.0,,,0.706386293,27.0665,-12.3375,0.0,0.0,ZM,2023,3,train,3cl/v2-0-0/labels/ZM0788947_34407_2023-06.tif,3cl/v2-0-0/images/ZM0788947_2023-06.tif
ZM1348014,34439.0,2,v2.0.0,,,0.706386293,29.7915,-13.8275,7.594301831137397,0.4840760522959184,ZM,2018,3,train,3cl/v2-0-0/labels/ZM1348014_34439_2018-08.tif,3cl/v2-0-0/images/ZM1348014_2018-08.tif
ZM1311728,34427.0,2,v2.0.0,,,0.6480446927374302,32.5365,-13.7425,0.6009697172114815,0.3318917410714285,ZM,2019,3,train,3cl/v2-0-0/labels/ZM1311728_34427_2019-08.tif,3cl/v2-0-0/images/ZM1311728_2019-08.tif
ZM2485162,34448.0,2,v2.0.0,,,0.6625,26.5765,-17.5675,0.6435930533551757,0.8210698341836735,ZM,2021,3,train,3cl/v2-0-0/labels/ZM2485162_34448_2021-06.tif,3cl/v2-0-0/images/ZM2485162_2021-06.tif
ZM1541728,34466.0,2,v2.0.0,,,0.706386293,28.1315,-14.2725,1.972889263,0.7157007334183674,ZM,2023,3,train,3cl/v2-0-0/labels/ZM1541728_34466_2023-06.tif,3cl/v2-0-0/images/ZM1541728_2023-06.tif
ZM1735343,34463.0,2,v2.0.0,,,0.6941747572815534,27.2665,-14.7725,1.748911223001684,0.9357461734693876,ZM,2023,3,train,3cl/v2-0-0/labels/ZM1735343_34463_2023-06.tif,3cl/v2-0-0/images/ZM1735343_2023-06.tif
ZM2365977,34472.0,2,v2.0.0,,,0.706386293,27.3465,-16.9225,0.6961591705879139,0.5261280293367347,ZM,2020,3,train,3cl/v2-0-0/labels/ZM2365977_34472_2020-07.tif,3cl/v2-0-0/images/ZM2365977_2020-07.tif
ZM2171118,34502.0,2,v2.0.0,,,0.6941747572815534,26.4515,-16.1525,0.9733562958475418,0.249282526,ZM,2023,3,train,3cl/v2-0-0/labels/ZM2171118_34502_2023-06.tif,3cl/v2-0-0/images/ZM2171118_2023-06.tif
ZM2475592,34510.0,2,v2.0.0,,,0.6480446927374302,26.2815,-17.4975,5.264275891766788,0.7096022,ZM,2019,3,train,3cl/v2-0-0/labels/ZM2475592_34510_2019-08.tif,3cl/v2-0-0/images/ZM2475592_2019-08.tif
ZM1474005,34598.0,2,v2.0.0,,,0.6625,31.7415,-14.1125,0.4488327555636807,0.5849011479591837,ZM,2023,3,train,3cl/v2-0-0/labels/ZM1474005_34598_2023-01.tif,3cl/v2-0-0/images/ZM1474005_2023-01.tif
ZM0154895,34590.0,2,v2.0.0,,,0.7282051282051282,28.7115,-9.5475,0.502158188,0.6457469706632653,ZM,2023,3,train,3cl/v2-0-0/labels/ZM0154895_34590_2023-10.tif,3cl/v2-0-0/images/ZM0154895_2023-10.tif
ZM1751256,34637.0,2,v2.0.0,,,0.7282051282051282,27.7065,-14.8175,1.6642327242200052,0.871711575,ZM,2019,3,train,3cl/v2-0-0/labels/ZM1751256_34637_2019-08.tif,3cl/v2-0-0/images/ZM1751256_2019-08.tif
ZM1896575,34672.0,2,v2.0.0,,,0.7239819004524887,28.0065,-15.2525,1.4103632817182872,0.8089724170918368,ZM,2023,3,train,3cl/v2-0-0/labels/ZM1896575_34672_2023-06.tif,3cl/v2-0-0/images/ZM1896575_2023-06.tif
ZM1345531,34854.0,2,v2.0.0,,,0.7282051282051282,28.2765,-13.8225,1.6984434096838554,0.8275868941326531,ZM,2023,3,train,3cl/v2-0-0/labels/ZM1345531_34854_2023-06.tif,3cl/v2-0-0/images/ZM1345531_2023-06.tif
ZM1747694,34859.0,2,v2.0.0,,,0.7282051282051282,27.3815,-14.8075,2.244078994693507,0.8742825255102041,ZM,2020,3,train,3cl/v2-0-0/labels/ZM1747694_34859_2020-07.tif,3cl/v2-0-0/images/ZM1747694_2020-07.tif
ZM1308785,34924.0,2,v2.0.0,,,0.6625,28.6315,-13.7375,0.5380611442470037,0.8691007653061225,ZM,2017,3,train,3cl/v2-0-0/labels/ZM1308785_34924_2017-08.tif,3cl/v2-0-0/images/ZM1308785_2017-08.tif
ZM1326235,35005.0,2,v2.0.0,,,0.8707482993197279,29.5515,-13.7775,1.563372561628112,0.9112125318877552,ZM,2023,3,train,3cl/v2-0-0/labels/ZM1326235_35005_2023-06.tif,3cl/v2-0-0/images/ZM1326235_2023-06.tif
ZM1096387,35063.0,2,v2.0.0,,,0.7282051282051282,32.4965,-13.2375,3.537779906,0.7413504464285714,ZM,2023,3,train,3cl/v2-0-0/labels/ZM1096387_35063_2023-07.tif,3cl/v2-0-0/images/ZM1096387_2023-07.tif
ZM2488850,35125.0,2,v2.0.0,,,0.7282051282051282,26.5365,-17.6025,3.0189783738289555,0.4722775829081632,ZM,2019,3,train,3cl/v2-0-0/labels/ZM2488850_35125_2019-08.tif,3cl/v2-0-0/images/ZM2488850_2019-08.tif
ZM2271121,35127.0,2,v2.0.0,,,0.8707482993197279,27.2815,-16.5225,0.8446725559807214,0.5709901147959183,ZM,2017,3,train,3cl/v2-0-0/labels/ZM2271121_35127_2017-08.tif,3cl/v2-0-0/images/ZM2271121_2017-08.tif
ZM2474726,35168.0,2,v2.0.0,,,0.8117408906882592,25.9215,-17.4925,1.1786492047438817,0.8464205994897959,ZM,2022,3,train,3cl/v2-0-0/labels/ZM2474726_35168_2022-06.tif,3cl/v2-0-0/images/ZM2474726_2022-06.tif
ZM1272783,35236.0,2,v2.0.0,,,0.6302521008403361,32.6515,-13.6525,0.0,0.0,ZM,2022,3,train,3cl/v2-0-0/labels/ZM1272783_35236_2022-07.tif,3cl/v2-0-0/images/ZM1272783_2022-07.tif
ZM0127117,35290.0,2,v2.0.0,,,0.691747573,32.2065,-9.3875,1.336177186,0.5891063456632653,ZM,2020,3,train,3cl/v2-0-0/labels/ZM0127117_35290_2020-07.tif,3cl/v2-0-0/images/ZM0127117_2020-07.tif
ZM2106761,35299.0,2,v2.0.0,,,0.691747573,28.2015,-15.9175,0.801258146,0.424984056,ZM,2021,3,train,3cl/v2-0-0/labels/ZM2106761_35299_2021-06.tif,3cl/v2-0-0/images/ZM2106761_2021-06.tif
ZM2253744,35305.0,2,v2.0.0,,,0.7239819004524887,27.0415,-16.4575,2.575020842960343,0.661750638,ZM,2018,3,train,3cl/v2-0-0/labels/ZM2253744_35305_2018-08.tif,3cl/v2-0-0/images/ZM2253744_2018-08.tif
ZM1522790,35330.0,2,v2.0.0,,,0.4913793103448275,28.3115,-14.2275,6.266326745945739,0.4134845344387755,ZM,2022,3,train,3cl/v2-0-0/labels/ZM1522790_35330_2022-06.tif,3cl/v2-0-0/images/ZM1522790_2022-06.tif
ZM0881616,35384.0,2,v2.0.0,,,0.4913793103448275,33.0415,-12.6225,17.791950036408753,0.5565808354591837,ZM,2022,3,train,3cl/v2-0-0/labels/ZM0881616_35384_2022-09.tif,3cl/v2-0-0/images/ZM0881616_2022-09.tif
ZM0657342,35480.0,2,v2.0.0,,,0.7282051282051282,31.2815,-11.9175,1.3891633100781258,0.3053850446428571,ZM,2023,3,train,3cl/v2-0-0/labels/ZM0657342_35480_2023-07.tif,3cl/v2-0-0/images/ZM0657342_2023-07.tif
ZM2473213,35488.0,2,v2.0.0,,,0.7282051282051282,26.5765,-17.4825,0.3968977555900967,0.023995536,ZM,2019,3,train,3cl/v2-0-0/labels/ZM2473213_35488_2019-08.tif,3cl/v2-0-0/images/ZM2473213_2019-08.tif
ZM1261873,35494.0,2,v2.0.0,,,0.825,31.8915,-13.6275,1.1417626625957715,0.480289381,ZM,2022,3,train,3cl/v2-0-0/labels/ZM1261873_35494_2022-01.tif,3cl/v2-0-0/images/ZM1261873_2022-01.tif
ZM0702989,35540.0,2,v2.0.0,,,0.8043478260869565,31.2965,-12.0625,2.579037030732787,0.6883171237244898,ZM,2019,3,train,3cl/v2-0-0/labels/ZM0702989_35540_2019-08.tif,3cl/v2-0-0/images/ZM0702989_2019-08.tif
ZM2026910,35581.0,2,v2.0.0,,,0.8303108808290155,28.0415,-15.6425,0.8327269860918532,0.8666095344387755,ZM,2021,3,train,3cl/v2-0-0/labels/ZM2026910_35581_2021-06.tif,3cl/v2-0-0/images/ZM2026910_2021-06.tif
ZM1780443,35718.0,2,v2.0.0,,,0.6302521008403361,27.1965,-14.9025,0.7175555207869013,0.6567283163265306,ZM,2018,3,train,3cl/v2-0-0/labels/ZM1780443_35718_2018-08.tif,3cl/v2-0-0/images/ZM1780443_2018-08.tif
ZM0332492,35742.0,2,v2.0.0,,,0.6941747572815534,33.4965,-10.4775,0.5337822123706147,0.5956831951530612,ZM,2023,3,train,3cl/v2-0-0/labels/ZM0332492_35742_2023-09.tif,3cl/v2-0-0/images/ZM0332492_2023-09.tif
ZM0814245,35766.0,2,v2.0.0,,,0.6625,33.1665,-12.4125,0.8953947027260356,0.9985251913265306,ZM,2021,3,train,3cl/v2-0-0/labels/ZM0814245_35766_2021-09.tif,3cl/v2-0-0/images/ZM0814245_2021-09.tif
ZM1078544,35769.0,2,v2.0.0,,,0.8356164383561644,23.9315,-13.1975,0.7540262003740342,0.120555644,ZM,2017,3,train,3cl/v2-0-0/labels/ZM1078544_35769_2017-08.tif,3cl/v2-0-0/images/ZM1078544_2017-08.tif
ZM0198482,35771.0,2,v2.0.0,,,0.6941747572815534,33.2665,-9.7825,0.7261558911928535,0.6085180165816326,ZM,2017,3,train,3cl/v2-0-0/labels/ZM0198482_35771_2017-08.tif,3cl/v2-0-0/images/ZM0198482_2017-08.tif
ZM1377330,35767.0,2,v2.0.0,,,0.7282051282051282,23.4415,-13.8975,1.650670446964145,0.7710857780612245,ZM,2023,3,train,3cl/v2-0-0/labels/ZM1377330_35767_2023-06.tif,3cl/v2-0-0/images/ZM1377330_2023-06.tif
ZM2093977,35845.0,2,v2.0.0,1.5,0.5,0.7239819004524887,27.7515,-15.8725,0.3684101819845091,0.001753827,ZM,2021,3,train,3cl/v2-0-0/labels/ZM2093977_35845_2021-06.tif,3cl/v2-0-0/images/ZM2093977_2021-06.tif
ZM0936751,35873.0,2,v2.0.0,,,0.8303108808290155,27.7815,-12.8025,0.5269654915964284,0.1596779336734693,ZM,2019,3,train,3cl/v2-0-0/labels/ZM0936751_35873_2019-08.tif,3cl/v2-0-0/images/ZM0936751_2019-08.tif
ZM1777317,35899.0,2,v2.0.0,,,0.6941747572815534,28.5915,-14.8925,0.7769765313432219,0.6430165816326531,ZM,2023,3,train,3cl/v2-0-0/labels/ZM1777317_35899_2023-06.tif,3cl/v2-0-0/images/ZM1777317_2023-06.tif
ZM1908082,35912.0,2,v2.0.0,,,0.7282051282051282,27.3865,-15.2875,2.4570961295442912,0.6189811862244898,ZM,2019,3,train,3cl/v2-0-0/labels/ZM1908082_35912_2019-08.tif,3cl/v2-0-0/images/ZM1908082_2019-08.tif
ZM1758387,35923.0,2,v2.0.0,,,0.825,28.5565,-14.8375,0.6247041791783824,0.431640625,ZM,2021,3,train,3cl/v2-0-0/labels/ZM1758387_35923_2021-06.tif,3cl/v2-0-0/images/ZM1758387_2021-06.tif
ZM1523524,35930.0,2,v2.0.0,,,0.8356164383561644,31.9815,-14.2275,0.6760599345167455,0.7069116709183674,ZM,2018,3,train,3cl/v2-0-0/labels/ZM1523524_35930_2018-08.tif,3cl/v2-0-0/images/ZM1523524_2018-08.tif
ZM1244091,36010.0,2,v2.0.0,,,0.8707482993197279,28.4815,-13.5875,0.0,0.0,ZM,2018,3,train,3cl/v2-0-0/labels/ZM1244091_36010_2018-08.tif,3cl/v2-0-0/images/ZM1244091_2018-08.tif
ZM2449209,36032.0,2,v2.0.0,,,0.691747573,26.4715,-17.3475,0.5242182760860796,0.099310427,ZM,2023,3,train,3cl/v2-0-0/labels/ZM2449209_36032_2023-06.tif,3cl/v2-0-0/images/ZM2449209_2023-06.tif
ZM1383411,36067.0,2,v2.0.0,,,0.691747573,31.9365,-13.9075,1.2865237260444102,0.7053372130102041,ZM,2020,3,train,3cl/v2-0-0/labels/ZM1383411_36067_2020-09.tif,3cl/v2-0-0/images/ZM1383411_2020-09.tif
ZM0801282,36217.0,2,v2.0.0,,,0.4598930481283422,32.9265,-12.3725,1.1043390329300613,0.1778938137755102,ZM,2023,3,train,3cl/v2-0-0/labels/ZM0801282_36217_2023-09.tif,3cl/v2-0-0/images/ZM0801282_2023-09.tif
ZM1710231,36239.0,2,v2.0.0,,,0.7239819004524887,27.8965,-14.7025,1.8265842498118288,0.7562579719387755,ZM,2019,3,train,3cl/v2-0-0/labels/ZM1710231_36239_2019-08.tif,3cl/v2-0-0/images/ZM1710231_2019-08.tif
ZM1870225,36333.0,2,v2.0.0,,,0.5401376146788991,28.5215,-15.1725,6.949868600646407,0.2430843431122449,ZM,2021,3,train,3cl/v2-0-0/labels/ZM1870225_36333_2021-06.tif,3cl/v2-0-0/images/ZM1870225_2021-06.tif
ZM0098202,36478.0,2,v2.0.0,,,0.825,31.5815,-9.2225,1.132146243479783,0.6768574617346939,ZM,2023,3,train,3cl/v2-0-0/labels/ZM0098202_36478_2023-09.tif,3cl/v2-0-0/images/ZM0098202_2023-09.tif
ZM0984388,36496.0,2,v2.0.0,,,0.8303108808290155,28.2715,-12.9525,0.9423206620631248,0.7119339923469388,ZM,2023,3,train,3cl/v2-0-0/labels/ZM0984388_36496_2023-06.tif,3cl/v2-0-0/images/ZM0984388_2023-06.tif
ZM1810885,36565.0,2,v2.0.0,,,0.8707482993197279,28.2515,-14.9925,14.597108746169791,0.7797154017857143,ZM,2021,3,train,3cl/v2-0-0/labels/ZM1810885_36565_2021-06.tif,3cl/v2-0-0/images/ZM1810885_2021-06.tif
ZM1370313,36588.0,2,v2.0.0,,,0.825,32.1465,-13.8775,2.506433757481359,0.9660395408163264,ZM,2023,3,train,3cl/v2-0-0/labels/ZM1370313_36588_2023-09.tif,3cl/v2-0-0/images/ZM1370313_2023-09.tif
ZM0786723,36583.0,2,v2.0.0,,,0.8707482993197279,33.2965,-12.3275,1.5994713299539958,0.6099131058673469,ZM,2023,3,train,3cl/v2-0-0/labels/ZM0786723_36583_2023-09.tif,3cl/v2-0-0/images/ZM0786723_2023-09.tif
ZM1246514,36664.0,2,v2.0.0,,,0.7282051282051282,29.9115,-13.5925,1.3769417782552855,0.5891063456632653,ZM,2022,3,train,3cl/v2-0-0/labels/ZM1246514_36664_2022-06.tif,3cl/v2-0-0/images/ZM1246514_2022-06.tif
ZM2193236,36694.0,2,v2.0.0,,,0.6302521008403361,27.7015,-16.2325,0.426324993,0.2836216517857143,ZM,2023,3,train,3cl/v2-0-0/labels/ZM2193236_36694_2023-06.tif,3cl/v2-0-0/images/ZM2193236_2023-06.tif
ZM1704843,36751.0,2,v2.0.0,,,0.691747573,28.4565,-14.6875,33.93933084968152,0.6151945153061225,ZM,2023,3,train,3cl/v2-0-0/labels/ZM1704843_36751_2023-06.tif,3cl/v2-0-0/images/ZM1704843_2023-06.tif
ZM2332718,36845.0,2,v2.0.0,,,0.7239819004524887,27.8515,-16.7725,1.6245936387505433,0.7686344068877551,ZM,2023,3,train,3cl/v2-0-0/labels/ZM2332718_36845_2023-06.tif,3cl/v2-0-0/images/ZM2332718_2023-06.tif
ZM1704708,36874.0,2,v2.0.0,,,0.5401376146788991,27.7815,-14.6875,5.070092655,0.1165497448979591,ZM,2019,3,train,3cl/v2-0-0/labels/ZM1704708_36874_2019-08.tif,3cl/v2-0-0/images/ZM1704708_2019-08.tif
ZM2416569,36908.0,2,v2.0.0,,,0.7282051282051282,27.0915,-17.1725,1.4418985535314743,0.9599210778061223,ZM,2019,3,train,3cl/v2-0-0/labels/ZM2416569_36908_2019-08.tif,3cl/v2-0-0/images/ZM2416569_2019-08.tif
ZM2244638,36910.0,2,v2.0.0,,,0.7282051282051282,28.3515,-16.4225,1.5459655985102976,0.8197544642857143,ZM,2018,3,train,3cl/v2-0-0/labels/ZM2244638_36910_2018-08.tif,3cl/v2-0-0/images/ZM2244638_2018-08.tif
ZM1393610,36945.0,2,v2.0.0,,,0.4913793103448275,28.1765,-13.9325,29.749500361892085,0.9777582908163264,ZM,2023,3,train,3cl/v2-0-0/labels/ZM1393610_36945_2023-06.tif,3cl/v2-0-0/images/ZM1393610_2023-06.tif
ZM2220215,36983.0,2,v2.0.0,,,0.6302521008403361,27.2365,-16.3325,0.5209003347040271,0.3297791772959184,ZM,2019,3,train,3cl/v2-0-0/labels/ZM2220215_36983_2019-08.tif,3cl/v2-0-0/images/ZM2220215_2019-08.tif
ZM1667850,37010.0,2,v2.0.0,,,0.8043478260869565,31.3265,-14.5875,1.910288199963138,0.8427933673469388,ZM,2020,3,train,3cl/v2-0-0/labels/ZM1667850_37010_2020-09.tif,3cl/v2-0-0/images/ZM1667850_2020-09.tif
ZM1648061,37061.0,2,v2.0.0,,,0.7282051282051282,28.3215,-14.5375,2.140579759277086,0.9996213329081632,ZM,2022,3,train,3cl/v2-0-0/labels/ZM1648061_37061_2022-06.tif,3cl/v2-0-0/images/ZM1648061_2022-06.tif
ZM0120167,37073.0,2,v2.0.0,,,0.6302521008403361,28.8565,-9.3525,0.4269032581180023,0.041513871,ZM,2019,3,train,3cl/v2-0-0/labels/ZM0120167_37073_2019-08.tif,3cl/v2-0-0/images/ZM0120167_2019-08.tif
ZM0043184,37105.0,2,v2.0.0,,,0.6302521008403361,29.7215,-8.8175,0.6014353865057745,0.7510961415816326,ZM,2023,3,train,3cl/v2-0-0/labels/ZM0043184_37105_2023-10.tif,3cl/v2-0-0/images/ZM0043184_2023-10.tif
ZM1427654,37144.0,2,v2.0.0,,,0.8356164383561644,32.0515,-14.0075,0.933858262,0.6180245535714286,ZM,2023,3,train,3cl/v2-0-0/labels/ZM1427654_37144_2023-09.tif,3cl/v2-0-0/images/ZM1427654_2023-09.tif
ZM1527737,37235.0,2,v2.0.0,,,0.8356164383561644,31.8765,-14.2375,1.050173288,0.5063576211734694,ZM,2023,3,train,3cl/v2-0-0/labels/ZM1527737_37235_2023-09.tif,3cl/v2-0-0/images/ZM1527737_2023-09.tif
ZM0211499,37300.0,2,v2.0.0,,,0.7282051282051282,33.3415,-9.8525,0.8800348511118676,0.8364756058673469,ZM,2022,3,train,3cl/v2-0-0/labels/ZM0211499_37300_2022-07.tif,3cl/v2-0-0/images/ZM0211499_2022-07.tif
ZM0988315,37274.0,2,v2.0.0,,,0.6480446927374302,32.9715,-12.9625,4.734708169103724,0.6391501913265306,ZM,2023,3,train,3cl/v2-0-0/labels/ZM0988315_37274_2023-09.tif,3cl/v2-0-0/images/ZM0988315_2023-09.tif
ZM1236641,37357.0,2,v2.0.0,,,0.8707482993197279,23.3815,-13.5725,1.2790379866052648,0.436702806,ZM,2023,3,train,3cl/v2-0-0/labels/ZM1236641_37357_2023-06.tif,3cl/v2-0-0/images/ZM1236641_2023-06.tif
ZM1837116,37423.0,2,v2.0.0,,,0.691747573,27.7015,-15.0725,4.066009385624423,0.5063177614795918,ZM,2023,3,train,3cl/v2-0-0/labels/ZM1837116_37423_2023-06.tif,3cl/v2-0-0/images/ZM1837116_2023-06.tif
ZM1971903,37481.0,2,v2.0.0,,,0.7239819004524887,28.0615,-15.4775,2.3036589452257896,0.9248844068877552,ZM,2018,3,train,3cl/v2-0-0/labels/ZM1971903_37481_2018-08.tif,3cl/v2-0-0/images/ZM1971903_2018-08.tif
ZM2255401,37547.0,2,v2.0.0,,,0.4598930481283422,28.6415,-16.4625,0.1396400724597047,0.1641422193877551,ZM,2019,3,train,3cl/v2-0-0/labels/ZM2255401_37547_2019-08.tif,3cl/v2-0-0/images/ZM2255401_2019-08.tif
ZM0138692,37557.0,2,v2.0.0,,,0.6305841924398625,32.0315,-9.4525,0.7063098015525836,0.2766462053571428,ZM,2020,3,train,3cl/v2-0-0/labels/ZM0138692_37557_2020-07.tif,3cl/v2-0-0/images/ZM0138692_2020-07.tif
ZM1693752,37567.0,2,v2.0.0,1.0,0.0,0.6305841924398625,28.4365,-14.6575,13.238874117894795,0.6806441326530612,ZM,2023,3,train,3cl/v2-0-0/labels/ZM1693752_37567_2023-06.tif,3cl/v2-0-0/images/ZM1693752_2023-06.tif
ZM1836929,37570.0,2,v2.0.0,,,0.4598930481283422,26.7665,-15.0725,2.4108149455781653,0.3028539540816326,ZM,2018,3,train,3cl/v2-0-0/labels/ZM1836929_37570_2018-08.tif,3cl/v2-0-0/images/ZM1836929_2018-08.tif
ZM0840064,37576.0,2,v2.0.0,,,0.6625,33.0865,-12.4925,0.6291935423081834,0.8543726084183674,ZM,2023,3,train,3cl/v2-0-0/labels/ZM0840064_37576_2023-09.tif,3cl/v2-0-0/images/ZM0840064_2023-09.tif
ZM2430836,37585.0,2,v2.0.0,,,0.6625,26.9065,-17.2475,0.9294664954676248,0.8331672512755102,ZM,2021,3,train,3cl/v2-0-0/labels/ZM2430836_37585_2021-06.tif,3cl/v2-0-0/images/ZM2430836_2021-06.tif
ZM2372216,37626.0,2,v2.0.0,,,0.6625,26.8815,-16.9525,0.756165908,0.6323939732142857,ZM,2019,3,train,3cl/v2-0-0/labels/ZM2372216_37626_2019-08.tif,3cl/v2-0-0/images/ZM2372216_2019-08.tif
ZM2115045,37644.0,2,v2.0.0,,,0.8707482993197279,27.6065,-15.9475,2.2471339115696183,0.884765625,ZM,2023,3,train,3cl/v2-0-0/labels/ZM2115045_37644_2023-06.tif,3cl/v2-0-0/images/ZM2115045_2023-06.tif
ZM0125556,37704.0,2,v2.0.0,,,0.6625,28.9015,-9.3825,0.6624907591215018,0.7276985012755102,ZM,2019,3,train,3cl/v2-0-0/labels/ZM0125556_37704_2019-08.tif,3cl/v2-0-0/images/ZM0125556_2019-08.tif
ZM2177022,37723.0,2,v2.0.0,,,0.5401376146788991,28.6065,-16.1725,0.6938144789351849,0.023178412,ZM,2021,3,train,3cl/v2-0-0/labels/ZM2177022_37723_2021-06.tif,3cl/v2-0-0/images/ZM2177022_2021-06.tif
ZM1259226,37737.0,2,v2.0.0,0.0,0.0,0.5401376146788991,29.3565,-13.6225,0.0,0.0,ZM,2018,3,train,3cl/v2-0-0/labels/ZM1259226_37737_2018-08.tif,3cl/v2-0-0/images/ZM1259226_2018-08.tif
ZM1550230,37755.0,2,v2.0.0,,,0.8707482993197279,28.7815,-14.2925,1.040440916,0.8103874362244898,ZM,2019,3,train,3cl/v2-0-0/labels/ZM1550230_37755_2019-08.tif,3cl/v2-0-0/images/ZM1550230_2019-08.tif
ZM1706443,37763.0,2,v2.0.0,,,0.5401376146788991,27.2715,-14.6925,7.727221948824835,0.406429369,ZM,2023,3,train,3cl/v2-0-0/labels/ZM1706443_37763_2023-06.tif,3cl/v2-0-0/images/ZM1706443_2023-06.tif
ZM1204719,37794.0,2,v2.0.0,,,0.825,26.0015,-13.4975,2.232796714153211,0.1228874362244897,ZM,2023,3,train,3cl/v2-0-0/labels/ZM1204719_37794_2023-06.tif,3cl/v2-0-0/images/ZM1204719_2023-06.tif
ZM1886553,37809.0,2,v2.0.0,,,0.6625,27.5515,-15.2225,0.7351356742900859,0.8899075255102041,ZM,2023,3,train,3cl/v2-0-0/labels/ZM1886553_37809_2023-06.tif,3cl/v2-0-0/images/ZM1886553_2023-06.tif
ZM0960404,37917.0,2,v2.0.0,,,0.6625,27.9915,-12.8775,0.5448625065700228,0.9165935905612244,ZM,2023,3,train,3cl/v2-0-0/labels/ZM0960404_37917_2023-06.tif,3cl/v2-0-0/images/ZM0960404_2023-06.tif
ZM2321991,37999.0,2,v2.0.0,,,0.825,26.4915,-16.7275,1.1882110906050327,0.7039620535714286,ZM,2022,3,train,3cl/v2-0-0/labels/ZM2321991_37999_2022-06.tif,3cl/v2-0-0/images/ZM2321991_2022-06.tif
ZM2270995,38024.0,2,v2.0.0,,,0.6480446927374302,26.6515,-16.5225,3.0113927669764795,0.9043168048469388,ZM,2023,3,train,3cl/v2-0-0/labels/ZM2270995_38024_2023-06.tif,3cl/v2-0-0/images/ZM2270995_2023-06.tif
ZM1413779,38206.0,2,v2.0.0,,,0.7970297029702971,29.4615,-13.9775,2.097871239981231,0.3158880739795918,ZM,2018,3,train,3cl/v2-0-0/labels/ZM1413779_38206_2018-08.tif,3cl/v2-0-0/images/ZM1413779_2018-08.tif
ZM1495041,38207.0,2,v2.0.0,1.5,0.5,0.7970297029702971,28.4565,-14.1625,1.8096370683079384,0.207290338,ZM,2021,3,train,3cl/v2-0-0/labels/ZM1495041_38207_2021-06.tif,3cl/v2-0-0/images/ZM1495041_2021-06.tif
ZM2253837,38334.0,2,v2.0.0,,,0.7282051282051282,27.5065,-16.4575,0.8555816387634992,0.7067920918367347,ZM,2023,3,train,3cl/v2-0-0/labels/ZM2253837_38334_2023-06.tif,3cl/v2-0-0/images/ZM2253837_2023-06.tif
ZM1716888,38357.0,2,v2.0.0,,,0.6625,24.7315,-14.7225,0.4994972773331194,0.3283242984693877,ZM,2023,3,train,3cl/v2-0-0/labels/ZM1716888_38357_2023-06.tif,3cl/v2-0-0/images/ZM1716888_2023-06.tif
ZM1868481,38631.0,2,v2.0.0,,,0.4598930481283422,28.0565,-15.1675,0.381813224,0.043486926,ZM,2023,3,train,3cl/v2-0-0/labels/ZM1868481_38631_2023-06.tif,3cl/v2-0-0/images/ZM1868481_2023-06.tif
ZM1665943,38724.0,2,v2.0.0,,,0.4913793103448275,31.3415,-14.5825,10.588136403607926,0.7068917410714286,ZM,2020,3,train,3cl/v2-0-0/labels/ZM1665943_38724_2020-09.tif,3cl/v2-0-0/images/ZM1665943_2020-09.tif
ZM0235918,38882.0,2,v2.0.0,,,0.6941747572815534,32.5165,-9.9825,0.7241193491001031,0.9704041772959184,ZM,2021,3,train,3cl/v2-0-0/labels/ZM0235918_38882_2021-06.tif,3cl/v2-0-0/images/ZM0235918_2021-06.tif
ZM2373238,38920.0,2,v2.0.0,,,0.6625,26.7665,-16.9575,0.5114764707702922,0.484375,ZM,2017,3,train,3cl/v2-0-0/labels/ZM2373238_38920_2017-08.tif,3cl/v2-0-0/images/ZM2373238_2017-08.tif
ZM2414386,38955.0,2,v2.0.0,,,0.691747573,25.9365,-17.1625,2.1187402598413665,0.4466477997448979,ZM,2018,3,train,3cl/v2-0-0/labels/ZM2414386_38955_2018-08.tif,3cl/v2-0-0/images/ZM2414386_2018-08.tif
ZM2276307,38961.0,2,v2.0.0,,,0.691747573,26.8915,-16.5425,0.7487381488872816,0.3270687181122449,ZM,2023,3,train,3cl/v2-0-0/labels/ZM2276307_38961_2023-06.tif,3cl/v2-0-0/images/ZM2276307_2023-06.tif
ZM2145415,39204.0,2,v2.0.0,,,0.5787037037037037,28.1065,-16.0575,0.6114658199081663,0.4562938456632653,ZM,2018,3,train,3cl/v2-0-0/labels/ZM2145415_39204_2018-08.tif,3cl/v2-0-0/images/ZM2145415_2018-08.tif
ZM0567992,39831.0,2,v2.0.0,,,0.4913793103448275,32.5165,-11.5875,0.0,0.0,ZM,2017,3,train,3cl/v2-0-0/labels/ZM0567992_39831_2017-02.tif,3cl/v2-0-0/images/ZM0567992_2017-02.tif
ZM0671284,100213.0,1a,v2.0.0,,,0.6416819012797075,32.7065,-11.9625,0.0,0.0,ZM,2021,3,train,3cl/v2-0-0/labels/ZM0671284_100213_2021-01.tif,3cl/v2-0-0/images/ZM0671284_2021-01.tif
ZM0838463,100214.0,1a,v2.0.0,,,0.6416819012797075,33.1065,-12.4875,0.5095251586321021,0.6689253826530612,ZM,2018,3,train,3cl/v2-0-0/labels/ZM0838463_100214_2018-08.tif,3cl/v2-0-0/images/ZM0838463_2018-08.tif
ZM0887884,100215.0,1a,v2.0.0,,,0.6416819012797075,33.0315,-12.6425,3.7337662014368846,0.2471101721938775,ZM,2020,3,train,3cl/v2-0-0/labels/ZM0887884_100215_2020-09.tif,3cl/v2-0-0/images/ZM0887884_2020-09.tif
ZM0993884,100216.0,1a,v2.0.0,,,0.6416819012797075,27.9065,-12.9825,0.3891349665882544,0.164859694,ZM,2019,3,train,3cl/v2-0-0/labels/ZM0993884_100216_2019-08.tif,3cl/v2-0-0/images/ZM0993884_2019-08.tif
ZM1188640,100217.0,1a,v2.0.0,,,0.6416819012797075,32.4115,-13.4575,0.3391893531991009,0.3831911670918367,ZM,2018,3,train,3cl/v2-0-0/labels/ZM1188640_100217_2018-08.tif,3cl/v2-0-0/images/ZM1188640_2018-08.tif
ZM1346228,100218.0,1a,v2.0.0,,,0.6416819012797075,31.7615,-13.8225,1.727290834082394,0.2691326530612244,ZM,2017,3,train,3cl/v2-0-0/labels/ZM1346228_100218_2017-02.tif,3cl/v2-0-0/images/ZM1346228_2017-02.tif
ZM1361701,100219.0,1a,v2.0.0,,,0.6416819012797075,32.8065,-13.8575,0.6929067161643352,0.5412747130102041,ZM,2018,3,train,3cl/v2-0-0/labels/ZM1361701_100219_2018-08.tif,3cl/v2-0-0/images/ZM1361701_2018-08.tif
ZM1411172,100220.0,1a,v2.0.0,,,0.6416819012797075,27.5465,-13.9725,1.1365674409014876,0.5799585459183674,ZM,2020,3,train,3cl/v2-0-0/labels/ZM1411172_100220_2020-07.tif,3cl/v2-0-0/images/ZM1411172_2020-07.tif
ZM1502336,100221.0,1a,v2.0.0,,,0.6416819012797075,32.6665,-14.1775,1.304042547955364,0.1208346619897959,ZM,2018,3,train,3cl/v2-0-0/labels/ZM1502336_100221_2018-08.tif,3cl/v2-0-0/images/ZM1502336_2018-08.tif
ZM1523012,100222.0,1a,v2.0.0,,,0.6416819012797075,29.4215,-14.2275,3.207065501323491,0.497867506,ZM,2020,3,train,3cl/v2-0-0/labels/ZM1523012_100222_2020-07.tif,3cl/v2-0-0/images/ZM1523012_2020-07.tif
ZM1550109,100223.0,1a,v2.0.0,,,0.6416819012797075,28.1765,-14.2925,1.2911290386113912,0.5916772959183674,ZM,2022,3,train,3cl/v2-0-0/labels/ZM1550109_100223_2022-06.tif,3cl/v2-0-0/images/ZM1550109_2022-06.tif
ZM1797521,100224.0,1a,v2.0.0,,,0.6416819012797075,28.0865,-14.9525,13.07323632050596,0.5277822066326531,ZM,2020,3,train,3cl/v2-0-0/labels/ZM1797521_100224_2020-07.tif,3cl/v2-0-0/images/ZM1797521_2020-07.tif
ZM1905062,100225.0,1a,v2.0.0,,,0.6416819012797075,28.9315,-15.2775,3.0147786417144258,0.4638472576530612,ZM,2017,3,train,3cl/v2-0-0/labels/ZM1905062_100225_2017-08.tif,3cl/v2-0-0/images/ZM1905062_2017-08.tif
ZM2152270,100226.0,1a,v2.0.0,,,0.6416819012797075,28.1365,-16.0825,0.6156013051586219,0.8703762755102041,ZM,2022,3,train,3cl/v2-0-0/labels/ZM2152270_100226_2022-06.tif,3cl/v2-0-0/images/ZM2152270_2022-06.tif
ZM2164586,100227.0,1a,v2.0.0,,,0.6416819012797075,28.0615,-16.1275,0.941398418,0.7808115433673469,ZM,2022,3,train,3cl/v2-0-0/labels/ZM2164586_100227_2022-06.tif,3cl/v2-0-0/images/ZM2164586_2022-06.tif
ZM2179766,100228.0,1a,v2.0.0,,,0.6416819012797075,28.6465,-16.1825,1.5522140839722298,0.5575175382653061,ZM,2019,3,train,3cl/v2-0-0/labels/ZM2179766_100228_2019-08.tif,3cl/v2-0-0/images/ZM2179766_2019-08.tif
ZM2200049,100229.0,1a,v2.0.0,,,0.6416819012797075,27.7515,-16.2575,0.8689737606249717,0.6015625,ZM,2018,3,train,3cl/v2-0-0/labels/ZM2200049_100229_2018-08.tif,3cl/v2-0-0/images/ZM2200049_2018-08.tif
ZM2244322,100230.0,1a,v2.0.0,,,0.6416819012797075,26.7715,-16.4225,0.3602853838838258,0.2490632971938775,ZM,2017,3,train,3cl/v2-0-0/labels/ZM2244322_100230_2017-08.tif,3cl/v2-0-0/images/ZM2244322_2017-08.tif
ZM2389700,100231.0,1a,v2.0.0,,,0.6416819012797075,26.7965,-17.0375,0.4005895548451691,0.077885842,ZM,2017,3,train,3cl/v2-0-0/labels/ZM2389700_100231_2017-08.tif,3cl/v2-0-0/images/ZM2389700_2017-08.tif
ZM2491782,100232.0,1a,v2.0.0,,,0.6416819012797075,27.0315,-17.6325,6.4999264795747935,0.3441286670918367,ZM,2020,3,train,3cl/v2-0-0/labels/ZM2491782_100232_2020-07.tif,3cl/v2-0-0/images/ZM2491782_2020-07.tif
ZM0066460,100566.0,1a,v2.0.0,,,0.7893738140417458,29.0415,-9.0125,3.318155128494871,0.1334502551020408,ZM,2018,3,train,3cl/v2-0-0/labels/ZM0066460_100566_2018-08.tif,3cl/v2-0-0/images/ZM0066460_2018-08.tif
ZM0086237,100567.0,1a,v2.0.0,,,0.7893738140417458,32.4415,-9.1475,1.0560391917326806,0.4592036033163265,ZM,2018,3,train,3cl/v2-0-0/labels/ZM0086237_100567_2018-08.tif,3cl/v2-0-0/images/ZM0086237_2018-08.tif
ZM0264047,100568.0,1a,v2.0.0,,,0.7893738140417458,31.4865,-10.1325,1.4294637262757013,0.3280652104591837,ZM,2022,3,train,3cl/v2-0-0/labels/ZM0264047_100568_2022-07.tif,3cl/v2-0-0/images/ZM0264047_2022-07.tif
ZM0268813,100569.0,1a,v2.0.0,,,0.7893738140417458,31.2315,-10.1575,0.4053393639409251,0.4203404017857143,ZM,2019,3,train,3cl/v2-0-0/labels/ZM0268813_100569_2019-08.tif,3cl/v2-0-0/images/ZM0268813_2019-08.tif
ZM0677704,100570.0,1a,v2.0.0,,,0.7893738140417458,33.2215,-11.9825,0.8863736478031385,0.5239556760204082,ZM,2021,3,train,3cl/v2-0-0/labels/ZM0677704_100570_2021-09.tif,3cl/v2-0-0/images/ZM0677704_2021-09.tif
ZM1005178,100571.0,1a,v2.0.0,,,0.7893738140417458,28.6965,-13.0125,0.3671175402034323,0.089544802,ZM,2019,3,train,3cl/v2-0-0/labels/ZM1005178_100571_2019-08.tif,3cl/v2-0-0/images/ZM1005178_2019-08.tif
ZM1102609,100572.0,1a,v2.0.0,,,0.7893738140417458,32.7365,-13.2525,0.9328238277473176,0.2358498086734693,ZM,2017,3,train,3cl/v2-0-0/labels/ZM1102609_100572_2017-08.tif,3cl/v2-0-0/images/ZM1102609_2017-08.tif
ZM1130709,100573.0,1a,v2.0.0,,,0.7893738140417458,28.4365,-13.3225,1.5087493531643588,0.6482581313775511,ZM,2022,3,train,3cl/v2-0-0/labels/ZM1130709_100573_2022-06.tif,3cl/v2-0-0/images/ZM1130709_2022-06.tif
ZM1328224,100574.0,1a,v2.0.0,,,0.7893738140417458,28.7015,-13.7825,0.926013547,0.4548389668367347,ZM,2020,3,train,3cl/v2-0-0/labels/ZM1328224_100574_2020-07.tif,3cl/v2-0-0/images/ZM1328224_2020-07.tif
ZM1355095,100575.0,1a,v2.0.0,,,0.7893738140417458,32.4965,-13.8425,0.6286066866833601,0.5466956313775511,ZM,2021,3,train,3cl/v2-0-0/labels/ZM1355095_100575_2021-07.tif,3cl/v2-0-0/images/ZM1355095_2021-07.tif
ZM1398732,100576.0,1a,v2.0.0,,,0.7893738140417458,31.7965,-13.9425,1.7950539605083478,0.6724131058673469,ZM,2017,3,train,3cl/v2-0-0/labels/ZM1398732_100576_2017-02.tif,3cl/v2-0-0/images/ZM1398732_2017-02.tif
ZM1407735,100577.0,1a,v2.0.0,,,0.7893738140417458,32.5715,-13.9625,0.6783752160684182,0.7446787308673469,ZM,2022,3,train,3cl/v2-0-0/labels/ZM1407735_100577_2022-09.tif,3cl/v2-0-0/images/ZM1407735_2022-09.tif
ZM1427646,100578.0,1a,v2.0.0,,,0.7893738140417458,32.0115,-14.0075,1.037307394905823,0.6755022321428571,ZM,2020,3,train,3cl/v2-0-0/labels/ZM1427646_100578_2020-09.tif,3cl/v2-0-0/images/ZM1427646_2020-09.tif
ZM1460926,100579.0,1a,v2.0.0,,,0.7893738140417458,32.1415,-14.0825,0.8358726834949627,0.7922512755102041,ZM,2018,3,train,3cl/v2-0-0/labels/ZM1460926_100579_2018-08.tif,3cl/v2-0-0/images/ZM1460926_2018-08.tif
ZM1462354,100580.0,1a,v2.0.0,,,0.7893738140417458,28.2815,-14.0875,1.610655767985261,0.4378388073979591,ZM,2017,3,train,3cl/v2-0-0/labels/ZM1462354_100580_2017-08.tif,3cl/v2-0-0/images/ZM1462354_2017-08.tif
ZM1467395,100581.0,1a,v2.0.0,,,0.7893738140417458,31.5265,-14.0975,1.7664227275118698,0.8517617984693877,ZM,2017,3,train,3cl/v2-0-0/labels/ZM1467395_100581_2017-02.tif,3cl/v2-0-0/images/ZM1467395_2017-02.tif
ZM1471102,100582.0,1a,v2.0.0,,,0.7893738140417458,28.1565,-14.1075,2.256883853494738,0.2091836734693877,ZM,2022,3,train,3cl/v2-0-0/labels/ZM1471102_100582_2022-06.tif,3cl/v2-0-0/images/ZM1471102_2022-06.tif
ZM1476171,100583.0,1a,v2.0.0,,,0.7893738140417458,31.6615,-14.1175,1.4353698804635775,0.9413464604591836,ZM,2021,3,train,3cl/v2-0-0/labels/ZM1476171_100583_2021-01.tif,3cl/v2-0-0/images/ZM1476171_2021-01.tif
ZM1477904,100584.0,1a,v2.0.0,,,0.7893738140417458,29.4315,-14.1225,2.7817358943313657,0.4620735012755102,ZM,2021,3,train,3cl/v2-0-0/labels/ZM1477904_100584_2021-06.tif,3cl/v2-0-0/images/ZM1477904_2021-06.tif
ZM1538385,100585.0,1a,v2.0.0,,,0.7893738140417458,32.4165,-14.2625,1.2086925068826784,0.7222177933673469,ZM,2017,3,train,3cl/v2-0-0/labels/ZM1538385_100585_2017-08.tif,3cl/v2-0-0/images/ZM1538385_2017-08.tif
ZM1618589,100586.0,1a,v2.0.0,,,0.7893738140417458,27.1215,-14.4625,1.993572270390769,0.6866031568877551,ZM,2021,3,train,3cl/v2-0-0/labels/ZM1618589_100586_2021-06.tif,3cl/v2-0-0/images/ZM1618589_2021-06.tif
ZM1626857,100587.0,1a,v2.0.0,,,0.7893738140417458,29.1015,-14.4825,0.6112927993019296,0.4106744260204081,ZM,2017,3,train,3cl/v2-0-0/labels/ZM1626857_100587_2017-08.tif,3cl/v2-0-0/images/ZM1626857_2017-08.tif
ZM1665066,100588.0,1a,v2.0.0,,,0.7893738140417458,26.9565,-14.5825,0.8061326302988995,0.2308673469387755,ZM,2020,3,train,3cl/v2-0-0/labels/ZM1665066_100588_2020-07.tif,3cl/v2-0-0/images/ZM1665066_2020-07.tif
ZM1689842,100589.0,1a,v2.0.0,,,0.7893738140417458,27.5665,-14.6475,1.522954975604974,0.4277543048469387,ZM,2017,3,train,3cl/v2-0-0/labels/ZM1689842_100589_2017-08.tif,3cl/v2-0-0/images/ZM1689842_2017-08.tif
ZM1712201,100590.0,1a,v2.0.0,,,0.7893738140417458,28.6115,-14.7075,1.1372202573862051,0.3830715880102041,ZM,2018,3,train,3cl/v2-0-0/labels/ZM1712201_100590_2018-08.tif,3cl/v2-0-0/images/ZM1712201_2018-08.tif
ZM1863267,100591.0,1a,v2.0.0,,,0.7893738140417458,26.7365,-15.1525,2.236621550385768,0.3398038903061224,ZM,2018,3,train,3cl/v2-0-0/labels/ZM1863267_100591_2018-08.tif,3cl/v2-0-0/images/ZM1863267_2018-08.tif
ZM1933169,100592.0,1a,v2.0.0,,,0.7893738140417458,27.3865,-15.3625,1.168974771588432,0.9347098214285714,ZM,2021,3,train,3cl/v2-0-0/labels/ZM1933169_100592_2021-06.tif,3cl/v2-0-0/images/ZM1933169_2021-06.tif
ZM2276349,100593.0,1a,v2.0.0,,,0.7893738140417458,27.1015,-16.5425,1.135879753131427,0.2356903698979592,ZM,2022,3,train,3cl/v2-0-0/labels/ZM2276349_100593_2022-06.tif,3cl/v2-0-0/images/ZM2276349_2022-06.tif
ZM2307864,100594.0,1a,v2.0.0,,,0.7893738140417458,27.3465,-16.6675,0.8280255413525373,0.2360092474489795,ZM,2019,3,train,3cl/v2-0-0/labels/ZM2307864_100594_2019-08.tif,3cl/v2-0-0/images/ZM2307864_2019-08.tif
ZM0004876,101196.0,1b,v2.0.0,,,0.7893738140417458,30.4365,-8.3925,0.686351695,0.5519770408163265,ZM,2017,3,train,3cl/v2-0-0/labels/ZM0004876_101196_2017-08.tif,3cl/v2-0-0/images/ZM0004876_2017-08.tif
ZM0105100,40000.0,1d,v2.0.0,,,0.7970297029702971,28.4615,-9.2675,2.0112829754296224,0.5696747448979592,ZM,2019,3,train,3cl/v2-0-0/labels/ZM0105100_40000_2019-08.tif,3cl/v2-0-0/images/ZM0105100_2019-08.tif
ZM0165223,38638.0,1d,v2.0.0,,,0.7970297029702971,31.7365,-9.6025,2.956445554896646,0.6049306441326531,ZM,2020,3,train,3cl/v2-0-0/labels/ZM0165223_38638_2020-07.tif,3cl/v2-0-0/images/ZM0165223_2020-07.tif
ZM0272159,101020.0,1b,v2.0.0,,,0.6416819012797075,33.4265,-10.1725,0.099679266,0.039500957,ZM,2019,3,train,3cl/v2-0-0/labels/ZM0272159_101020_2019-08.tif,3cl/v2-0-0/images/ZM0272159_2019-08.tif
ZM0628711,40435.0,1d,v2.0.0,,,0.691747573,31.4465,-11.8175,1.3798695923730817,0.4538225446428571,ZM,2020,3,train,3cl/v2-0-0/labels/ZM0628711_40435_2020-07.tif,3cl/v2-0-0/images/ZM0628711_2020-07.tif
ZM0769436,101641.0,1b,v2.0.0,,,0.6666666666666666,24.2915,-12.2775,0.9120471643847085,0.058374522,ZM,2018,3,train,3cl/v2-0-0/labels/ZM0769436_101641_2018-08.tif,3cl/v2-0-0/images/ZM0769436_2018-08.tif
ZM0804624,101022.0,1b,v2.0.0,,,0.6416819012797075,33.4115,-12.3825,0.4374175980981905,0.5004185267857143,ZM,2022,3,train,3cl/v2-0-0/labels/ZM0804624_101022_2022-09.tif,3cl/v2-0-0/images/ZM0804624_2022-09.tif
ZM1009989,41030.0,1d,v2.0.0,,,0.825,22.6865,-13.0275,0.306090573,0.5078324298469388,ZM,2017,3,train,3cl/v2-0-0/labels/ZM1009989_41030_2017-08.tif,3cl/v2-0-0/images/ZM1009989_2017-08.tif
ZM1016018,38234.0,1d,v2.0.0,,,0.7970297029702971,22.7615,-13.0425,2.206764251511161,0.244579082,ZM,2021,3,train,3cl/v2-0-0/labels/ZM1016018_38234_2021-10.tif,3cl/v2-0-0/images/ZM1016018_2021-10.tif
ZM1048759,40207.0,1d,v2.0.0,,,0.7970297029702971,26.0565,-13.1225,5.613691384927184,0.184829401,ZM,2021,3,train,3cl/v2-0-0/labels/ZM1048759_40207_2021-06.tif,3cl/v2-0-0/images/ZM1048759_2021-06.tif
ZM1066407,41149.0,1d,v2.0.0,,,0.825,23.9215,-13.1675,0.0,0.0,ZM,2020,3,train,3cl/v2-0-0/labels/ZM1066407_41149_2020-07.tif,3cl/v2-0-0/images/ZM1066407_2020-07.tif
ZM1169766,40444.0,1d,v2.0.0,,,0.691747573,24.3365,-13.4175,0.658696844,0.074079241,ZM,2022,3,train,3cl/v2-0-0/labels/ZM1169766_40444_2022-06.tif,3cl/v2-0-0/images/ZM1169766_2022-06.tif
ZM1250479,41118.0,1d,v2.0.0,,,0.825,28.3565,-13.6025,0.0,0.0,ZM,2019,3,train,3cl/v2-0-0/labels/ZM1250479_41118_2019-08.tif,3cl/v2-0-0/images/ZM1250479_2019-08.tif
ZM1453611,39535.0,1d,v2.0.0,,,0.7970297029702971,28.6465,-14.0675,1.3082101612977337,0.1116868622448979,ZM,2020,3,train,3cl/v2-0-0/labels/ZM1453611_39535_2020-07.tif,3cl/v2-0-0/images/ZM1453611_2020-07.tif
ZM1513004,101026.0,1b,v2.0.0,,,0.6416819012797075,32.5165,-14.2025,1.9501021645582448,0.8385881696428571,ZM,2017,3,train,3cl/v2-0-0/labels/ZM1513004_101026_2017-08.tif,3cl/v2-0-0/images/ZM1513004_2017-08.tif
ZM1757686,102036.0,1b,v2.0.0,,,0.6666666666666666,25.0515,-14.8375,0.2087539586046324,0.038863202,ZM,2018,3,train,3cl/v2-0-0/labels/ZM1757686_102036_2018-08.tif,3cl/v2-0-0/images/ZM1757686_2018-08.tif
ZM1975278,40664.0,1d,v2.0.0,,,0.8117408906882592,28.1265,-15.4875,0.0,0.0,ZM,2022,3,train,3cl/v2-0-0/labels/ZM1975278_40664_2022-06.tif,3cl/v2-0-0/images/ZM1975278_2022-06.tif
ZM1978663,101027.0,1b,v2.0.0,,,0.6416819012797075,28.2565,-15.4975,0.493960852,0.3533761160714285,ZM,2021,3,train,3cl/v2-0-0/labels/ZM1978663_101027_2021-06.tif,3cl/v2-0-0/images/ZM1978663_2021-06.tif
ZM2160547,101202.0,1b,v2.0.0,,,0.7893738140417458,28.4415,-16.1125,0.8977387398056841,0.034478635,ZM,2020,3,train,3cl/v2-0-0/labels/ZM2160547_101202_2020-07.tif,3cl/v2-0-0/images/ZM2160547_2020-07.tif
ZM2229457,40001.0,1d,v2.0.0,,,0.7970297029702971,26.3315,-16.3675,4.726801086,0.6636041135204082,ZM,2020,3,train,3cl/v2-0-0/labels/ZM2229457_40001_2020-07.tif,3cl/v2-0-0/images/ZM2229457_2020-07.tif
ZM2237494,40235.0,1d,v2.0.0,,,0.7970297029702971,26.1865,-16.3975,8.298444217039727,0.7167769451530612,ZM,2017,3,train,3cl/v2-0-0/labels/ZM2237494_40235_2017-08.tif,3cl/v2-0-0/images/ZM2237494_2017-08.tif
ZM2348291,40234.0,1d,v2.0.0,,,0.7970297029702971,26.2215,-16.8425,4.302917046114913,0.3759167729591837,ZM,2019,3,train,3cl/v2-0-0/labels/ZM2348291_40234_2019-08.tif,3cl/v2-0-0/images/ZM2348291_2019-08.tif
ZM2360392,39064.0,1d,v2.0.0,,,0.7970297029702971,26.2215,-16.8975,5.323283159840497,0.6291454081632653,ZM,2018,3,train,3cl/v2-0-0/labels/ZM2360392_39064_2018-08.tif,3cl/v2-0-0/images/ZM2360392_2018-08.tif
ZM2483325,40079.0,1d,v2.0.0,,,0.8043478260869565,26.1465,-17.5525,1.456144677088684,0.3886320153061224,ZM,2022,3,train,3cl/v2-0-0/labels/ZM2483325_40079_2022-06.tif,3cl/v2-0-0/images/ZM2483325_2022-06.tif
ZM0302043,32812.0,4,v2.0.0,,,0.7282051282051282,29.6865,-10.3275,0.326279616,0.3972018494897959,ZM,2022,3,train,3cl/v2-0-0/labels/ZM0302043_32812_2022-06.tif,3cl/v2-0-0/images/ZM0302043_2022-06.tif
ZM0565623,32818.0,4,v2.0.0,,,0.6941747572815534,33.1915,-11.5775,0.5264077903577868,0.5408761160714286,ZM,2022,3,train,3cl/v2-0-0/labels/ZM0565623_32818_2022-09.tif,3cl/v2-0-0/images/ZM0565623_2022-09.tif
ZM0728863,32844.0,4,v2.0.0,,,0.7687224669603524,33.1465,-12.1425,0.6417447452750173,0.4656010841836734,ZM,2021,3,train,3cl/v2-0-0/labels/ZM0728863_32844_2021-09.tif,3cl/v2-0-0/images/ZM0728863_2021-09.tif
ZM0925995,32869.0,4,v2.0.0,,,0.8707482993197279,28.2965,-12.7675,0.988163321,0.4836375956632653,ZM,2017,3,train,3cl/v2-0-0/labels/ZM0925995_32869_2017-08.tif,3cl/v2-0-0/images/ZM0925995_2017-08.tif
ZM1226899,32884.0,4,v2.0.0,,,0.6941747572815534,28.5365,-13.5475,1.0442692007608243,0.034119898,ZM,2022,3,train,3cl/v2-0-0/labels/ZM1226899_32884_2022-06.tif,3cl/v2-0-0/images/ZM1226899_2022-06.tif
ZM1518638,32953.0,4,v2.0.0,,,0.8707482993197279,28.7665,-14.2175,0.8915844397412014,0.5385243941326531,ZM,2017,3,train,3cl/v2-0-0/labels/ZM1518638_32953_2017-08.tif,3cl/v2-0-0/images/ZM1518638_2017-08.tif
ZM1536551,32969.0,4,v2.0.0,,,0.7687224669603524,23.2465,-14.2625,0.4565285344423876,0.1466438137755102,ZM,2019,3,train,3cl/v2-0-0/labels/ZM1536551_32969_2019-08.tif,3cl/v2-0-0/images/ZM1536551_2019-08.tif
ZM1615350,33003.0,4,v2.0.0,,,0.8117408906882592,30.6665,-14.4525,0.9873241714423208,0.8023357780612245,ZM,2021,3,train,3cl/v2-0-0/labels/ZM1615350_33003_2021-01.tif,3cl/v2-0-0/images/ZM1615350_2021-01.tif
ZM1703542,33008.0,4,v2.0.0,,,0.825,31.1415,-14.6825,0.6719413119441963,0.8195352359693877,ZM,2017,3,train,3cl/v2-0-0/labels/ZM1703542_33008_2017-08.tif,3cl/v2-0-0/images/ZM1703542_2017-08.tif
ZM1733538,33050.0,4,v2.0.0,,,0.825,27.1215,-14.7675,0.4879490021293694,0.8218271683673469,ZM,2019,3,train,3cl/v2-0-0/labels/ZM1733538_33050_2019-08.tif,3cl/v2-0-0/images/ZM1733538_2019-08.tif
ZM2244490,33100.0,4,v2.0.0,,,0.825,27.6115,-16.4225,0.3278765527455594,0.266780931,ZM,2020,3,train,3cl/v2-0-0/labels/ZM2244490_33100_2020-07.tif,3cl/v2-0-0/images/ZM2244490_2020-07.tif
ZM2280158,33102.0,4,v2.0.0,,,0.825,26.5265,-16.5575,1.325104791930099,0.9862882653061223,ZM,2018,3,train,3cl/v2-0-0/labels/ZM2280158_33102_2018-08.tif,3cl/v2-0-0/images/ZM2280158_2018-08.tif
ZM2331559,33163.0,4,v2.0.0,,,0.7687224669603524,27.8215,-16.7675,0.9368661279910347,0.5394411670918368,ZM,2019,3,train,3cl/v2-0-0/labels/ZM2331559_33163_2019-08.tif,3cl/v2-0-0/images/ZM2331559_2019-08.tif
ZM2434507,33179.0,4,v2.0.0,,,0.7970297029702971,26.6165,-17.2675,4.051646464422345,0.004922672,ZM,2020,3,train,3cl/v2-0-0/labels/ZM2434507_33179_2020-07.tif,3cl/v2-0-0/images/ZM2434507_2020-07.tif
ZM2473279,33180.0,4,v2.0.0,,,0.7970297029702971,26.9065,-17.4825,2.631433597054578,0.4546795280612244,ZM,2018,3,train,3cl/v2-0-0/labels/ZM2473279_33180_2018-08.tif,3cl/v2-0-0/images/ZM2473279_2018-08.tif
ZM0010673,,,v1.3.0,2.0,1.0,,29.4465,-8.4775,,0.1210140306122449,ZM,2021,3,train,3cl/v1-3/labels/ZM0010673_2021-08.tif,3cl/v1-3/images/ZM0010673_2021-08.tif
ZM0020455,,,v1.3.0,2.0,1.0,,31.2215,-8.5925,,0.0,ZM,2021,3,train,3cl/v1-3/labels/ZM0020455_2021-08.tif,3cl/v1-3/images/ZM0020455_2021-08.tif
ZM0039833,,,v1.3.0,2.0,1.0,,29.1265,-8.7875,,0.2808115433673469,ZM,2021,3,train,3cl/v1-3/labels/ZM0039833_2021-08.tif,3cl/v1-3/images/ZM0039833_2021-08.tif
ZM0049224,,,v1.3.0,2.0,1.0,,29.6965,-8.8725,,0.5183753188775511,ZM,2021,3,train,3cl/v1-3/labels/ZM0049224_2021-08.tif,3cl/v1-3/images/ZM0049224_2021-08.tif
ZM0059545,,,v1.3.0,2.0,1.0,,29.6665,-8.9575,,0.0,ZM,2021,3,train,3cl/v1-3/labels/ZM0059545_2021-08.tif,3cl/v1-3/images/ZM0059545_2021-08.tif
ZM0068195,,,v1.3.0,2.0,1.0,,31.2465,-9.0225,,0.1306202168367347,ZM,2021,3,train,3cl/v1-3/labels/ZM0068195_2021-08.tif,3cl/v1-3/images/ZM0068195_2021-08.tif
ZM0076978,,,v1.3.0,2.0,1.0,,31.0615,-9.0875,,0.021603954,ZM,2021,3,train,3cl/v1-3/labels/ZM0076978_2021-08.tif,3cl/v1-3/images/ZM0076978_2021-08.tif
ZM0080034,,,v1.3.0,2.0,1.0,,31.8965,-9.1075,,0.7316446109693877,ZM,2021,3,train,3cl/v1-3/labels/ZM0080034_2021-08.tif,3cl/v1-3/images/ZM0080034_2021-08.tif
ZM0083246,,,v1.3.0,2.0,1.0,,29.3515,-9.1325,,0.1474808673469387,ZM,2021,3,train,3cl/v1-3/labels/ZM0083246_2021-08.tif,3cl/v1-3/images/ZM0083246_2021-08.tif
ZM0084531,,,v1.3.0,2.0,1.0,,31.8415,-9.1375,,0.4808474170918367,ZM,2021,3,train,3cl/v1-3/labels/ZM0084531_2021-08.tif,3cl/v1-3/images/ZM0084531_2021-08.tif
ZM0094867,,,v1.3.0,2.0,1.0,,31.2915,-9.2025,,0.099988042,ZM,2021,3,train,3cl/v1-3/labels/ZM0094867_2021-08.tif,3cl/v1-3/images/ZM0094867_2021-08.tif
ZM0103206,,,v1.3.0,2.0,1.0,,31.7215,-9.2525,,0.3506058673469387,ZM,2021,3,train,3cl/v1-3/labels/ZM0103206_2021-08.tif,3cl/v1-3/images/ZM0103206_2021-08.tif
ZM0117074,,,v1.3.0,2.0,1.0,,31.2165,-9.3325,,0.3052455357142857,ZM,2021,3,train,3cl/v1-3/labels/ZM0117074_2021-08.tif,3cl/v1-3/images/ZM0117074_2021-08.tif
ZM0118244,,,v1.3.0,2.0,1.0,,32.6165,-9.3375,,0.1985212053571428,ZM,2021,3,train,3cl/v1-3/labels/ZM0118244_2021-08.tif,3cl/v1-3/images/ZM0118244_2021-08.tif
ZM0119902,,,v1.3.0,2.0,1.0,,32.0015,-9.3475,,0.3169842155612244,ZM,2021,3,train,3cl/v1-3/labels/ZM0119902_2021-08.tif,3cl/v1-3/images/ZM0119902_2021-08.tif
ZM0133230,,,v1.3.0,2.0,1.0,,31.3215,-9.4225,,0.03390067,ZM,2021,3,train,3cl/v1-3/labels/ZM0133230_2021-08.tif,3cl/v1-3/images/ZM0133230_2021-08.tif
ZM0144442,,,v1.3.0,2.0,1.0,,29.8915,-9.4875,,0.079659598,ZM,2021,3,train,3cl/v1-3/labels/ZM0144442_2021-08.tif,3cl/v1-3/images/ZM0144442_2021-08.tif
ZM0157588,,,v1.3.0,2.0,1.0,,28.8715,-9.5625,,0.1732302295918367,ZM,2021,3,train,3cl/v1-3/labels/ZM0157588_2021-08.tif,3cl/v1-3/images/ZM0157588_2021-08.tif
ZM0167301,,,v1.3.0,2.0,1.0,,28.7565,-9.6175,,0.077507175,ZM,2021,3,train,3cl/v1-3/labels/ZM0167301_2021-08.tif,3cl/v1-3/images/ZM0167301_2021-08.tif
ZM0177183,,,v1.3.0,2.0,1.0,,32.7315,-9.6675,,0.2937260841836734,ZM,2021,3,train,3cl/v1-3/labels/ZM0177183_2021-08.tif,3cl/v1-3/images/ZM0177183_2021-08.tif
ZM0182256,,,v1.3.0,2.0,1.0,,30.5165,-9.6975,,0.0,ZM,2021,3,train,3cl/v1-3/labels/ZM0182256_2021-08.tif,3cl/v1-3/images/ZM0182256_2021-08.tif
ZM0188424,,,v1.3.0,2.0,1.0,,29.0865,-9.7325,,0.081931601,ZM,2021,3,train,3cl/v1-3/labels/ZM0188424_2021-08.tif,3cl/v1-3/images/ZM0188424_2021-08.tif
ZM0190221,,,v1.3.0,2.0,1.0,,28.8315,-9.7425,,0.04946588,ZM,2021,3,train,3cl/v1-3/labels/ZM0190221_2021-08.tif,3cl/v1-3/images/ZM0190221_2021-08.tif
ZM0191753,,,v1.3.0,2.0,1.0,,31.8665,-9.7475,,0.1626674107142857,ZM,2021,3,train,3cl/v1-3/labels/ZM0191753_2021-08.tif,3cl/v1-3/images/ZM0191753_2021-08.tif
ZM0192859,,,v1.3.0,2.0,1.0,,32.7765,-9.7525,,0.002012915,ZM,2021,3,train,3cl/v1-3/labels/ZM0192859_2021-08.tif,3cl/v1-3/images/ZM0192859_2021-08.tif
ZM0194444,,,v1.3.0,2.0,1.0,,31.4965,-9.7625,,0.2616589604591837,ZM,2021,3,train,3cl/v1-3/labels/ZM0194444_2021-08.tif,3cl/v1-3/images/ZM0194444_2021-08.tif
ZM0198581,,,v1.3.0,2.0,1.0,,29.1615,-9.7875,,0.023995536,ZM,2021,3,train,3cl/v1-3/labels/ZM0198581_2021-08.tif,3cl/v1-3/images/ZM0198581_2021-08.tif
ZM0205011,,,v1.3.0,2.0,1.0,,29.0265,-9.8225,,0.040497449,ZM,2021,3,train,3cl/v1-3/labels/ZM0205011_2021-08.tif,3cl/v1-3/images/ZM0205011_2021-08.tif
ZM0211675,,,v1.3.0,2.0,1.0,,29.5115,-9.8575,,0.1161910076530612,ZM,2021,3,train,3cl/v1-3/labels/ZM0211675_2021-08.tif,3cl/v1-3/images/ZM0211675_2021-08.tif
ZM0235243,,,v1.3.0,2.0,1.0,,29.1415,-9.9825,,0.051618304,ZM,2021,3,train,3cl/v1-3/labels/ZM0235243_2021-08.tif,3cl/v1-3/images/ZM0235243_2021-08.tif
ZM0239580,,,v1.3.0,2.0,1.0,,31.9765,-10.0025,,0.015445631,ZM,2021,3,train,3cl/v1-3/labels/ZM0239580_2021-08.tif,3cl/v1-3/images/ZM0239580_2021-08.tif
ZM0244653,,,v1.3.0,2.0,1.0,,29.1365,-10.0325,,0.277523119,ZM,2021,3,train,3cl/v1-3/labels/ZM0244653_2021-08.tif,3cl/v1-3/images/ZM0244653_2021-08.tif
ZM0258355,,,v1.3.0,2.0,1.0,,31.7465,-10.1025,,0.079998406,ZM,2021,3,train,3cl/v1-3/labels/ZM0258355_2021-08.tif,3cl/v1-3/images/ZM0258355_2021-08.tif
ZM0258466,,,v1.3.0,2.0,1.0,,32.3015,-10.1025,,0.1617705676020408,ZM,2021,3,train,3cl/v1-3/labels/ZM0258466_2021-08.tif,3cl/v1-3/images/ZM0258466_2021-08.tif
ZM0272381,,,v1.3.0,2.0,1.0,,29.6565,-10.1775,,0.018514828,ZM,2021,3,train,3cl/v1-3/labels/ZM0272381_2021-08.tif,3cl/v1-3/images/ZM0272381_2021-08.tif
ZM0293491,,,v1.3.0,2.0,1.0,,31.1865,-10.2825,,0.2726801658163265,ZM,2021,3,train,3cl/v1-3/labels/ZM0293491_2021-08.tif,3cl/v1-3/images/ZM0293491_2021-08.tif
ZM0294573,,,v1.3.0,2.0,1.0,,31.6565,-10.2875,,0.03128986,ZM,2021,3,train,3cl/v1-3/labels/ZM0294573_2021-08.tif,3cl/v1-3/images/ZM0294573_2021-08.tif
ZM0296589,,,v1.3.0,2.0,1.0,,31.8765,-10.2975,,0.072564573,ZM,2021,3,train,3cl/v1-3/labels/ZM0296589_2021-08.tif,3cl/v1-3/images/ZM0296589_2021-08.tif
ZM0305284,,,v1.3.0,2.0,1.0,,31.1515,-10.3425,,0.2108577806122449,ZM,2021,3,train,3cl/v1-3/labels/ZM0305284_2021-08.tif,3cl/v1-3/images/ZM0305284_2021-08.tif
ZM0308869,,,v1.3.0,2.0,1.0,,29.3515,-10.3625,,0.082987883,ZM,2021,3,train,3cl/v1-3/labels/ZM0308869_2021-08.tif,3cl/v1-3/images/ZM0308869_2021-08.tif
ZM0317604,,,v1.3.0,2.0,1.0,,33.5265,-10.4025,,0.3969029017857143,ZM,2021,3,train,3cl/v1-3/labels/ZM0317604_2021-08.tif,3cl/v1-3/images/ZM0317604_2021-08.tif
ZM0321592,,,v1.3.0,2.0,1.0,,28.7715,-10.4275,,0.099509726,ZM,2021,3,train,3cl/v1-3/labels/ZM0321592_2021-08.tif,3cl/v1-3/images/ZM0321592_2021-08.tif
ZM0337605,,,v1.3.0,2.0,1.0,,29.0615,-10.5075,,0.1807238520408163,ZM,2021,3,train,3cl/v1-3/labels/ZM0337605_2021-08.tif,3cl/v1-3/images/ZM0337605_2021-08.tif
ZM0354693,,,v1.3.0,2.0,1.0,,29.0865,-10.5925,,0.003647162,ZM,2021,3,train,3cl/v1-3/labels/ZM0354693_2021-08.tif,3cl/v1-3/images/ZM0354693_2021-08.tif
ZM0358638,,,v1.3.0,2.0,1.0,,28.6865,-10.6125,,0.1945153061224489,ZM,2021,3,train,3cl/v1-3/labels/ZM0358638_2021-08.tif,3cl/v1-3/images/ZM0358638_2021-08.tif
ZM0363820,,,v1.3.0,2.0,1.0,,29.6165,-10.6375,,0.2158402423469387,ZM,2021,3,train,3cl/v1-3/labels/ZM0363820_2021-08.tif,3cl/v1-3/images/ZM0363820_2021-08.tif
ZM0386522,,,v1.3.0,2.0,1.0,,29.6815,-10.7525,,0.2618582589285714,ZM,2021,3,train,3cl/v1-3/labels/ZM0386522_2021-08.tif,3cl/v1-3/images/ZM0386522_2021-08.tif
ZM0399274,,,v1.3.0,2.0,1.0,,29.4115,-10.8175,,0.002690529,ZM,2021,3,train,3cl/v1-3/labels/ZM0399274_2021-08.tif,3cl/v1-3/images/ZM0399274_2021-08.tif
ZM0411747,,,v1.3.0,2.0,1.0,,29.4715,-10.8825,,0.079520089,ZM,2021,3,train,3cl/v1-3/labels/ZM0411747_2021-08.tif,3cl/v1-3/images/ZM0411747_2021-08.tif
ZM0416562,,,v1.3.0,2.0,1.0,,29.4815,-10.9075,,0.1377351721938775,ZM,2021,3,train,3cl/v1-3/labels/ZM0416562_2021-08.tif,3cl/v1-3/images/ZM0416562_2021-08.tif
ZM0416697,,,v1.3.0,2.0,1.0,,30.1565,-10.9075,,0.085538903,ZM,2021,3,train,3cl/v1-3/labels/ZM0416697_2021-08.tif,3cl/v1-3/images/ZM0416697_2021-08.tif
ZM0430188,,,v1.3.0,2.0,1.0,,28.8915,-10.9775,,0.081712372,ZM,2021,3,train,3cl/v1-3/labels/ZM0430188_2021-08.tif,3cl/v1-3/images/ZM0430188_2021-08.tif
ZM0454433,,,v1.3.0,2.0,1.0,,24.3615,-11.0975,,0.050542092,ZM,2021,3,train,3cl/v1-3/labels/ZM0454433_2021-08.tif,3cl/v1-3/images/ZM0454433_2021-08.tif
ZM0455564,,,v1.3.0,2.0,1.0,,28.8265,-11.1025,,0.1087571747448979,ZM,2021,3,train,3cl/v1-3/labels/ZM0455564_2021-08.tif,3cl/v1-3/images/ZM0455564_2021-08.tif
ZM0459994,,,v1.3.0,2.0,1.0,,29.8165,-11.1225,,0.1132214604591836,ZM,2021,3,train,3cl/v1-3/labels/ZM0459994_2021-08.tif,3cl/v1-3/images/ZM0459994_2021-08.tif
ZM0470454,,,v1.3.0,2.0,1.0,,29.4165,-11.1725,,0.017199458,ZM,2021,3,train,3cl/v1-3/labels/ZM0470454_2021-08.tif,3cl/v1-3/images/ZM0470454_2021-08.tif
ZM0491398,,,v1.3.0,2.0,1.0,,30.7165,-11.2675,,0.049764828,ZM,2021,3,train,3cl/v1-3/labels/ZM0491398_2021-08.tif,3cl/v1-3/images/ZM0491398_2021-08.tif
ZM0494548,,,v1.3.0,2.0,1.0,,29.2865,-11.2825,,0.1365991709183673,ZM,2021,3,train,3cl/v1-3/labels/ZM0494548_2021-08.tif,3cl/v1-3/images/ZM0494548_2021-08.tif
ZM0509285,,,v1.3.0,2.0,1.0,,24.3415,-11.3475,,0.2294523278061224,ZM,2021,3,train,3cl/v1-3/labels/ZM0509285_2021-08.tif,3cl/v1-3/images/ZM0509285_2021-08.tif
ZM0509420,,,v1.3.0,2.0,1.0,,28.4715,-11.3475,,0.1695830676020408,ZM,2021,3,train,3cl/v1-3/labels/ZM0509420_2021-08.tif,3cl/v1-3/images/ZM0509420_2021-08.tif
ZM0511830,,,v1.3.0,2.0,1.0,,28.9265,-11.3575,,0.055086097,ZM,2021,3,train,3cl/v1-3/labels/ZM0511830_2021-08.tif,3cl/v1-3/images/ZM0511830_2021-08.tif
ZM0525615,,,v1.3.0,2.0,1.0,,28.4715,-11.4175,,0.1892538265306122,ZM,2021,3,train,3cl/v1-3/labels/ZM0525615_2021-08.tif,3cl/v1-3/images/ZM0525615_2021-08.tif
ZM0540532,,,v1.3.0,2.0,1.0,,30.7365,-11.4775,,0.1227678571428571,ZM,2021,3,train,3cl/v1-3/labels/ZM0540532_2021-08.tif,3cl/v1-3/images/ZM0540532_2021-08.tif
ZM0540533,,,v1.3.0,2.0,1.0,,30.7415,-11.4775,,0.1315170599489795,ZM,2021,3,train,3cl/v1-3/labels/ZM0540533_2021-08.tif,3cl/v1-3/images/ZM0540533_2021-08.tif
ZM0540534,,,v1.3.0,2.0,1.0,,30.7465,-11.4775,,0.1153738839285714,ZM,2021,3,train,3cl/v1-3/labels/ZM0540534_2021-08.tif,3cl/v1-3/images/ZM0540534_2021-08.tif
ZM0540535,,,v1.3.0,2.0,1.0,,30.7515,-11.4775,,0.1257374043367347,ZM,2021,3,train,3cl/v1-3/labels/ZM0540535_2021-08.tif,3cl/v1-3/images/ZM0540535_2021-08.tif
ZM0540537,,,v1.3.0,2.0,1.0,,30.7615,-11.4775,,0.013711735,ZM,2021,3,train,3cl/v1-3/labels/ZM0540537_2021-08.tif,3cl/v1-3/images/ZM0540537_2021-08.tif
ZM0541762,,,v1.3.0,2.0,1.0,,30.7365,-11.4825,,0.1026586415816326,ZM,2021,3,train,3cl/v1-3/labels/ZM0541762_2021-08.tif,3cl/v1-3/images/ZM0541762_2021-08.tif
ZM0541763,,,v1.3.0,2.0,1.0,,30.7415,-11.4825,,0.2563576211734694,ZM,2021,3,train,3cl/v1-3/labels/ZM0541763_2021-08.tif,3cl/v1-3/images/ZM0541763_2021-08.tif
ZM0541764,,,v1.3.0,2.0,1.0,,30.7465,-11.4825,,0.093172034,ZM,2021,3,train,3cl/v1-3/labels/ZM0541764_2021-08.tif,3cl/v1-3/images/ZM0541764_2021-08.tif
ZM0541765,,,v1.3.0,2.0,1.0,,30.7515,-11.4825,,0.138133769,ZM,2021,3,train,3cl/v1-3/labels/ZM0541765_2021-08.tif,3cl/v1-3/images/ZM0541765_2021-08.tif
ZM0541766,,,v1.3.0,2.0,1.0,,30.7565,-11.4825,,0.084522481,ZM,2021,3,train,3cl/v1-3/labels/ZM0541766_2021-08.tif,3cl/v1-3/images/ZM0541766_2021-08.tif
ZM0541767,,,v1.3.0,2.0,1.0,,30.7615,-11.4825,,0.00520169,ZM,2021,3,train,3cl/v1-3/labels/ZM0541767_2021-08.tif,3cl/v1-3/images/ZM0541767_2021-08.tif
ZM0542991,,,v1.3.0,2.0,1.0,,30.7315,-11.4875,,0.045838648,ZM,2021,3,train,3cl/v1-3/labels/ZM0542991_2021-08.tif,3cl/v1-3/images/ZM0542991_2021-08.tif
ZM0542997,,,v1.3.0,2.0,1.0,,30.7615,-11.4875,,0.0,ZM,2021,3,train,3cl/v1-3/labels/ZM0542997_2021-08.tif,3cl/v1-3/images/ZM0542997_2021-08.tif
ZM0544227,,,v1.3.0,2.0,1.0,,30.7615,-11.4925,,0.086077009,ZM,2021,3,train,3cl/v1-3/labels/ZM0544227_2021-08.tif,3cl/v1-3/images/ZM0544227_2021-08.tif
ZM0544228,,,v1.3.0,2.0,1.0,,30.7665,-11.4925,,0.008171237,ZM,2021,3,train,3cl/v1-3/labels/ZM0544228_2021-08.tif,3cl/v1-3/images/ZM0544228_2021-08.tif
ZM0545457,,,v1.3.0,2.0,1.0,,30.7615,-11.4975,,0.3002630739795918,ZM,2021,3,train,3cl/v1-3/labels/ZM0545457_2021-08.tif,3cl/v1-3/images/ZM0545457_2021-08.tif
ZM0545458,,,v1.3.0,2.0,1.0,,30.7665,-11.4975,,0.217235332,ZM,2021,3,train,3cl/v1-3/labels/ZM0545458_2021-08.tif,3cl/v1-3/images/ZM0545458_2021-08.tif
ZM0546689,,,v1.3.0,2.0,1.0,,30.7665,-11.5025,,0.1703404017857142,ZM,2021,3,train,3cl/v1-3/labels/ZM0546689_2021-08.tif,3cl/v1-3/images/ZM0546689_2021-08.tif
ZM0546690,,,v1.3.0,2.0,1.0,,30.7715,-11.5025,,0.2904575892857143,ZM,2021,3,train,3cl/v1-3/labels/ZM0546690_2021-08.tif,3cl/v1-3/images/ZM0546690_2021-08.tif
ZM0549518,,,v1.3.0,2.0,1.0,,32.6415,-11.5125,,0.1988002232142857,ZM,2021,3,train,3cl/v1-3/labels/ZM0549518_2021-08.tif,3cl/v1-3/images/ZM0549518_2021-08.tif
ZM0555338,,,v1.3.0,2.0,1.0,,31.0265,-11.5375,,0.060447226,ZM,2021,3,train,3cl/v1-3/labels/ZM0555338_2021-08.tif,3cl/v1-3/images/ZM0555338_2021-08.tif
ZM0588756,,,v1.3.0,2.0,1.0,,32.7915,-11.6675,,0.5363520408163265,ZM,2021,3,train,3cl/v1-3/labels/ZM0588756_2021-08.tif,3cl/v1-3/images/ZM0588756_2021-08.tif
ZM0602695,,,v1.3.0,2.0,1.0,,30.0565,-11.7225,,0.1437938456632653,ZM,2021,3,train,3cl/v1-3/labels/ZM0602695_2021-08.tif,3cl/v1-3/images/ZM0602695_2021-08.tif
ZM0636553,,,v1.3.0,2.0,1.0,,27.0715,-11.8475,,0.09767618,ZM,2021,3,train,3cl/v1-3/labels/ZM0636553_2021-08.tif,3cl/v1-3/images/ZM0636553_2021-08.tif
ZM0656824,,,v1.3.0,2.0,1.0,,28.6915,-11.9175,,0.2204041772959183,ZM,2021,3,train,3cl/v1-3/labels/ZM0656824_2021-08.tif,3cl/v1-3/images/ZM0656824_2021-08.tif
ZM0676393,,,v1.3.0,2.0,1.0,,25.3165,-11.9825,,0.0,ZM,2021,3,train,3cl/v1-3/labels/ZM0676393_2021-08.tif,3cl/v1-3/images/ZM0676393_2021-08.tif
ZM0715968,,,v1.3.0,2.0,1.0,,32.2915,-12.1025,,0.0,ZM,2021,3,train,3cl/v1-3/labels/ZM0715968_2021-08.tif,3cl/v1-3/images/ZM0715968_2021-08.tif
ZM0724974,,,v1.3.0,2.0,1.0,,29.5865,-12.1325,,0.074597417,ZM,2021,3,train,3cl/v1-3/labels/ZM0724974_2021-08.tif,3cl/v1-3/images/ZM0724974_2021-08.tif
ZM0725553,,,v1.3.0,2.0,1.0,,32.4815,-12.1325,,0.1301817602040816,ZM,2021,3,train,3cl/v1-3/labels/ZM0725553_2021-08.tif,3cl/v1-3/images/ZM0725553_2021-08.tif
ZM0749915,,,v1.3.0,2.0,1.0,,26.7865,-12.2125,,0.129882813,ZM,2021,3,train,3cl/v1-3/labels/ZM0749915_2021-08.tif,3cl/v1-3/images/ZM0749915_2021-08.tif
ZM0771178,,,v1.3.0,2.0,1.0,,25.2415,-12.2825,,0.0,ZM,2021,3,train,3cl/v1-3/labels/ZM0771178_2021-08.tif,3cl/v1-3/images/ZM0771178_2021-08.tif
ZM0772737,,,v1.3.0,2.0,1.0,,25.1915,-12.2875,,0.0,ZM,2021,3,train,3cl/v1-3/labels/ZM0772737_2021-08.tif,3cl/v1-3/images/ZM0772737_2021-08.tif
ZM0777635,,,v1.3.0,2.0,1.0,,26.0265,-12.3025,,0.038624043,ZM,2021,3,train,3cl/v1-3/labels/ZM0777635_2021-08.tif,3cl/v1-3/images/ZM0777635_2021-08.tif
ZM0782839,,,v1.3.0,2.0,1.0,,29.3815,-12.3175,,0.021484375,ZM,2021,3,train,3cl/v1-3/labels/ZM0782839_2021-08.tif,3cl/v1-3/images/ZM0782839_2021-08.tif
ZM0799627,,,v1.3.0,2.0,1.0,,32.8515,-12.3675,,0.3735052614795918,ZM,2021,3,train,3cl/v1-3/labels/ZM0799627_2021-08.tif,3cl/v1-3/images/ZM0799627_2021-08.tif
ZM0808480,,,v1.3.0,2.0,1.0,,27.1315,-12.3975,,0.0,ZM,2021,3,train,3cl/v1-3/labels/ZM0808480_2021-08.tif,3cl/v1-3/images/ZM0808480_2021-08.tif
ZM0812661,,,v1.3.0,2.0,1.0,,33.3365,-12.4075,,0.6098931760204082,ZM,2021,3,train,3cl/v1-3/labels/ZM0812661_2021-08.tif,3cl/v1-3/images/ZM0812661_2021-08.tif
ZM0816896,,,v1.3.0,2.0,1.0,,30.2265,-12.4225,,0.1445511798469387,ZM,2021,3,train,3cl/v1-3/labels/ZM0816896_2021-08.tif,3cl/v1-3/images/ZM0816896_2021-08.tif
ZM0819028,,,v1.3.0,2.0,1.0,,32.8015,-12.4275,,0.3482940051020408,ZM,2021,3,train,3cl/v1-3/labels/ZM0819028_2021-08.tif,3cl/v1-3/images/ZM0819028_2021-08.tif
ZM0822971,,,v1.3.0,2.0,1.0,,26.8565,-12.4425,,0.078862404,ZM,2021,3,train,3cl/v1-3/labels/ZM0822971_2021-08.tif,3cl/v1-3/images/ZM0822971_2021-08.tif
ZM0836708,,,v1.3.0,2.0,1.0,,32.3565,-12.4825,,0.0,ZM,2021,3,train,3cl/v1-3/labels/ZM0836708_2021-08.tif,3cl/v1-3/images/ZM0836708_2021-08.tif
ZM0845960,,,v1.3.0,2.0,1.0,,30.3565,-12.5125,,0.045141103,ZM,2021,3,train,3cl/v1-3/labels/ZM0845960_2021-08.tif,3cl/v1-3/images/ZM0845960_2021-08.tif
ZM0847290,,,v1.3.0,2.0,1.0,,27.5565,-12.5175,,0.093391263,ZM,2021,3,train,3cl/v1-3/labels/ZM0847290_2021-08.tif,3cl/v1-3/images/ZM0847290_2021-08.tif
ZM0850736,,,v1.3.0,2.0,1.0,,29.9565,-12.5275,,0.1929009885204081,ZM,2021,3,train,3cl/v1-3/labels/ZM0850736_2021-08.tif,3cl/v1-3/images/ZM0850736_2021-08.tif
ZM0851330,,,v1.3.0,2.0,1.0,,32.9265,-12.5275,,0.4442761479591837,ZM,2021,3,train,3cl/v1-3/labels/ZM0851330_2021-08.tif,3cl/v1-3/images/ZM0851330_2021-08.tif
ZM0851826,,,v1.3.0,2.0,1.0,,25.9665,-12.5325,,0.076590402,ZM,2021,3,train,3cl/v1-3/labels/ZM0851826_2021-08.tif,3cl/v1-3/images/ZM0851826_2021-08.tif
ZM0853828,,,v1.3.0,2.0,1.0,,27.9065,-12.5375,,0.1347855548469387,ZM,2021,3,train,3cl/v1-3/labels/ZM0853828_2021-08.tif,3cl/v1-3/images/ZM0853828_2021-08.tif
ZM0858501,,,v1.3.0,2.0,1.0,,27.2265,-12.5525,,0.0,ZM,2021,3,train,3cl/v1-3/labels/ZM0858501_2021-08.tif,3cl/v1-3/images/ZM0858501_2021-08.tif
ZM0874586,,,v1.3.0,2.0,1.0,,28.1115,-12.6025,,0.010941486,ZM,2021,3,train,3cl/v1-3/labels/ZM0874586_2021-08.tif,3cl/v1-3/images/ZM0874586_2021-08.tif
ZM0883858,,,v1.3.0,2.0,1.0,,27.2865,-12.6325,,0.1212531887755102,ZM,2021,3,train,3cl/v1-3/labels/ZM0883858_2021-08.tif,3cl/v1-3/images/ZM0883858_2021-08.tif
ZM0887017,,,v1.3.0,2.0,1.0,,27.4115,-12.6425,,0.0,ZM,2021,3,train,3cl/v1-3/labels/ZM0887017_2021-08.tif,3cl/v1-3/images/ZM0887017_2021-08.tif
ZM0901376,,,v1.3.0,2.0,1.0,,30.2865,-12.6875,,0.0,ZM,2021,3,train,3cl/v1-3/labels/ZM0901376_2021-08.tif,3cl/v1-3/images/ZM0901376_2021-08.tif
ZM0904448,,,v1.3.0,2.0,1.0,,30.1615,-12.6975,,0.065230389,ZM,2021,3,train,3cl/v1-3/labels/ZM0904448_2021-08.tif,3cl/v1-3/images/ZM0904448_2021-08.tif
ZM0906126,,,v1.3.0,2.0,1.0,,30.8215,-12.7025,,0.3690011160714285,ZM,2021,3,train,3cl/v1-3/labels/ZM0906126_2021-08.tif,3cl/v1-3/images/ZM0906126_2021-08.tif
ZM0910514,,,v1.3.0,2.0,1.0,,28.2215,-12.7175,,0.9147401147959184,ZM,2021,3,train,3cl/v1-3/labels/ZM0910514_2021-08.tif,3cl/v1-3/images/ZM0910514_2021-08.tif
ZM0918235,,,v1.3.0,2.0,1.0,,28.1665,-12.7425,,0.0,ZM,2021,3,train,3cl/v1-3/labels/ZM0918235_2021-08.tif,3cl/v1-3/images/ZM0918235_2021-08.tif
ZM0918555,,,v1.3.0,2.0,1.0,,31.1015,-12.7425,,0.0,ZM,2021,3,train,3cl/v1-3/labels/ZM0918555_2021-08.tif,3cl/v1-3/images/ZM0918555_2021-08.tif
ZM0919620,,,v1.3.0,2.0,1.0,,27.3565,-12.7475,,0.4850526147959184,ZM,2021,3,train,3cl/v1-3/labels/ZM0919620_2021-08.tif,3cl/v1-3/images/ZM0919620_2021-08.tif
ZM0941032,,,v1.3.0,2.0,1.0,,25.8415,-12.8175,,0.009486607,ZM,2021,3,train,3cl/v1-3/labels/ZM0941032_2021-08.tif,3cl/v1-3/images/ZM0941032_2021-08.tif
ZM0941702,,,v1.3.0,2.0,1.0,,30.4215,-12.8175,,0.002232143,ZM,2021,3,train,3cl/v1-3/labels/ZM0941702_2021-08.tif,3cl/v1-3/images/ZM0941702_2021-08.tif
ZM0949167,,,v1.3.0,2.0,1.0,,27.2665,-12.8425,,0.0,ZM,2021,3,train,3cl/v1-3/labels/ZM0949167_2021-08.tif,3cl/v1-3/images/ZM0949167_2021-08.tif
ZM0960419,,,v1.3.0,2.0,1.0,,28.0665,-12.8775,,0.0,ZM,2021,3,train,3cl/v1-3/labels/ZM0960419_2021-08.tif,3cl/v1-3/images/ZM0960419_2021-08.tif
ZM0965077,,,v1.3.0,2.0,1.0,,27.4015,-12.8925,,0.034398916,ZM,2021,3,train,3cl/v1-3/labels/ZM0965077_2021-08.tif,3cl/v1-3/images/ZM0965077_2021-08.tif
ZM0965128,,,v1.3.0,2.0,1.0,,27.6565,-12.8925,,0.032047194,ZM,2021,3,train,3cl/v1-3/labels/ZM0965128_2021-08.tif,3cl/v1-3/images/ZM0965128_2021-08.tif
ZM0979851,,,v1.3.0,2.0,1.0,,30.5515,-12.9375,,0.082728795,ZM,2021,3,train,3cl/v1-3/labels/ZM0979851_2021-08.tif,3cl/v1-3/images/ZM0979851_2021-08.tif
ZM0992425,,,v1.3.0,2.0,1.0,,28.5915,-12.9775,,0.023098693,ZM,2021,3,train,3cl/v1-3/labels/ZM0992425_2021-08.tif,3cl/v1-3/images/ZM0992425_2021-08.tif
ZM0993697,,,v1.3.0,2.0,1.0,,26.9715,-12.9825,,0.1534598214285714,ZM,2021,3,train,3cl/v1-3/labels/ZM0993697_2021-08.tif,3cl/v1-3/images/ZM0993697_2021-08.tif
ZM1004823,,,v1.3.0,2.0,1.0,,26.9215,-13.0125,,0.025111607,ZM,2021,3,train,3cl/v1-3/labels/ZM1004823_2021-08.tif,3cl/v1-3/images/ZM1004823_2021-08.tif
ZM1005372,,,v1.3.0,2.0,1.0,,30.6465,-13.0125,,0.065768495,ZM,2021,3,train,3cl/v1-3/labels/ZM1005372_2021-08.tif,3cl/v1-3/images/ZM1005372_2021-08.tif
ZM1016253,,,v1.3.0,2.0,1.0,,23.9365,-13.0425,,0.0,ZM,2021,3,train,3cl/v1-3/labels/ZM1016253_2021-08.tif,3cl/v1-3/images/ZM1016253_2021-08.tif
ZM1028317,,,v1.3.0,2.0,1.0,,24.0665,-13.0725,,0.1146564094387755,ZM,2021,3,train,3cl/v1-3/labels/ZM1028317_2021-08.tif,3cl/v1-3/images/ZM1028317_2021-08.tif
ZM1041881,,,v1.3.0,2.0,1.0,,32.7215,-13.1025,,0.2671197385204081,ZM,2021,3,train,3cl/v1-3/labels/ZM1041881_2021-08.tif,3cl/v1-3/images/ZM1041881_2021-08.tif
ZM1053894,,,v1.3.0,2.0,1.0,,32.6265,-13.1325,,0.1349250637755102,ZM,2021,3,train,3cl/v1-3/labels/ZM1053894_2021-08.tif,3cl/v1-3/images/ZM1053894_2021-08.tif
ZM1064799,,,v1.3.0,2.0,1.0,,25.9765,-13.1625,,0.1220304528061224,ZM,2021,3,train,3cl/v1-3/labels/ZM1064799_2021-08.tif,3cl/v1-3/images/ZM1064799_2021-08.tif
ZM1069112,,,v1.3.0,2.0,1.0,,27.3465,-13.1725,,0.3231823979591837,ZM,2021,3,train,3cl/v1-3/labels/ZM1069112_2021-08.tif,3cl/v1-3/images/ZM1069112_2021-08.tif
ZM1069403,,,v1.3.0,2.0,1.0,,28.8015,-13.1725,,0.2912747130102041,ZM,2021,3,train,3cl/v1-3/labels/ZM1069403_2021-08.tif,3cl/v1-3/images/ZM1069403_2021-08.tif
ZM1070614,,,v1.3.0,2.0,1.0,,24.7515,-13.1775,,0.4631497130102041,ZM,2021,3,train,3cl/v1-3/labels/ZM1070614_2021-08.tif,3cl/v1-3/images/ZM1070614_2021-08.tif
ZM1073452,,,v1.3.0,2.0,1.0,,28.8315,-13.1825,,0.6869618941326531,ZM,2021,3,train,3cl/v1-3/labels/ZM1073452_2021-08.tif,3cl/v1-3/images/ZM1073452_2021-08.tif
ZM1075327,,,v1.3.0,2.0,1.0,,28.0915,-13.1875,,0.021145568,ZM,2021,3,train,3cl/v1-3/labels/ZM1075327_2021-08.tif,3cl/v1-3/images/ZM1075327_2021-08.tif
ZM1081272,,,v1.3.0,2.0,1.0,,27.4465,-13.2025,,0.4558354591836734,ZM,2021,3,train,3cl/v1-3/labels/ZM1081272_2021-08.tif,3cl/v1-3/images/ZM1081272_2021-08.tif
ZM1088848,,,v1.3.0,2.0,1.0,,24.7315,-13.2225,,0.2297114158163265,ZM,2021,3,train,3cl/v1-3/labels/ZM1088848_2021-08.tif,3cl/v1-3/images/ZM1088848_2021-08.tif
ZM1092708,,,v1.3.0,2.0,1.0,,23.6365,-13.2325,,0.019292092,ZM,2021,3,train,3cl/v1-3/labels/ZM1092708_2021-08.tif,3cl/v1-3/images/ZM1092708_2021-08.tif
ZM1093708,,,v1.3.0,2.0,1.0,,28.6365,-13.2325,,0.048728476,ZM,2021,3,train,3cl/v1-3/labels/ZM1093708_2021-08.tif,3cl/v1-3/images/ZM1093708_2021-08.tif
ZM1105984,,,v1.3.0,2.0,1.0,,28.3415,-13.2625,,0.054169324,ZM,2021,3,train,3cl/v1-3/labels/ZM1105984_2021-08.tif,3cl/v1-3/images/ZM1105984_2021-08.tif
ZM1117976,,,v1.3.0,2.0,1.0,,26.5915,-13.2925,,0.0,ZM,2021,3,train,3cl/v1-3/labels/ZM1117976_2021-08.tif,3cl/v1-3/images/ZM1117976_2021-08.tif
ZM1120474,,,v1.3.0,2.0,1.0,,28.8015,-13.2975,,0.1062858737244897,ZM,2021,3,train,3cl/v1-3/labels/ZM1120474_2021-08.tif,3cl/v1-3/images/ZM1120474_2021-08.tif
ZM1124490,,,v1.3.0,2.0,1.0,,28.3015,-13.3075,,0.033960459,ZM,2021,3,train,3cl/v1-3/labels/ZM1124490_2021-08.tif,3cl/v1-3/images/ZM1124490_2021-08.tif
ZM1126542,,,v1.3.0,2.0,1.0,,28.2615,-13.3125,,0.025908801,ZM,2021,3,train,3cl/v1-3/labels/ZM1126542_2021-08.tif,3cl/v1-3/images/ZM1126542_2021-08.tif
ZM1141202,,,v1.3.0,2.0,1.0,,28.8765,-13.3475,,0.000478316,ZM,2021,3,train,3cl/v1-3/labels/ZM1141202_2021-08.tif,3cl/v1-3/images/ZM1141202_2021-08.tif
ZM1147447,,,v1.3.0,2.0,1.0,,28.8015,-13.3625,,0.075135523,ZM,2021,3,train,3cl/v1-3/labels/ZM1147447_2021-08.tif,3cl/v1-3/images/ZM1147447_2021-08.tif
ZM1157887,,,v1.3.0,2.0,1.0,,28.6315,-13.3875,,0.2136678890306122,ZM,2021,3,train,3cl/v1-3/labels/ZM1157887_2021-08.tif,3cl/v1-3/images/ZM1157887_2021-08.tif
ZM1180813,,,v1.3.0,2.0,1.0,,25.8565,-13.4425,,0.085339605,ZM,2021,3,train,3cl/v1-3/labels/ZM1180813_2021-08.tif,3cl/v1-3/images/ZM1180813_2021-08.tif
ZM1188654,,,v1.3.0,2.0,1.0,,32.4815,-13.4575,,0.3671077806122449,ZM,2021,3,train,3cl/v1-3/labels/ZM1188654_2021-08.tif,3cl/v1-3/images/ZM1188654_2021-08.tif
ZM1192260,,,v1.3.0,2.0,1.0,,28.7765,-13.4675,,0.037149235,ZM,2021,3,train,3cl/v1-3/labels/ZM1192260_2021-08.tif,3cl/v1-3/images/ZM1192260_2021-08.tif
ZM1198012,,,v1.3.0,2.0,1.0,,25.0015,-13.4825,,0.1394092793367347,ZM,2021,3,train,3cl/v1-3/labels/ZM1198012_2021-08.tif,3cl/v1-3/images/ZM1198012_2021-08.tif
ZM1212524,,,v1.3.0,2.0,1.0,,32.4765,-13.5125,,0.5249322385204082,ZM,2021,3,train,3cl/v1-3/labels/ZM1212524_2021-08.tif,3cl/v1-3/images/ZM1212524_2021-08.tif
ZM1221191,,,v1.3.0,2.0,1.0,,32.4415,-13.5325,,0.7021882971938775,ZM,2021,3,train,3cl/v1-3/labels/ZM1221191_2021-08.tif,3cl/v1-3/images/ZM1221191_2021-08.tif
ZM1226887,,,v1.3.0,2.0,1.0,,28.4765,-13.5475,,0.027802136,ZM,2021,3,train,3cl/v1-3/labels/ZM1226887_2021-08.tif,3cl/v1-3/images/ZM1226887_2021-08.tif
ZM1229358,,,v1.3.0,2.0,1.0,,30.0315,-13.5525,,0.7030452806122449,ZM,2021,3,train,3cl/v1-3/labels/ZM1229358_2021-08.tif,3cl/v1-3/images/ZM1229358_2021-08.tif
ZM1236260,,,v1.3.0,2.0,1.0,,32.2265,-13.5675,,0.2283761160714285,ZM,2021,3,train,3cl/v1-3/labels/ZM1236260_2021-08.tif,3cl/v1-3/images/ZM1236260_2021-08.tif
ZM1249442,,,v1.3.0,2.0,1.0,,23.1715,-13.6025,,0.1234255420918367,ZM,2021,3,train,3cl/v1-3/labels/ZM1249442_2021-08.tif,3cl/v1-3/images/ZM1249442_2021-08.tif
ZM1250834,,,v1.3.0,2.0,1.0,,30.1315,-13.6025,,0.1967673788265306,ZM,2021,3,train,3cl/v1-3/labels/ZM1250834_2021-08.tif,3cl/v1-3/images/ZM1250834_2021-08.tif
ZM1252136,,,v1.3.0,2.0,1.0,,25.9565,-13.6075,,0.070471939,ZM,2021,3,train,3cl/v1-3/labels/ZM1252136_2021-08.tif,3cl/v1-3/images/ZM1252136_2021-08.tif
ZM1256890,,,v1.3.0,2.0,1.0,,28.3665,-13.6175,,0.2590082908163265,ZM,2021,3,train,3cl/v1-3/labels/ZM1256890_2021-08.tif,3cl/v1-3/images/ZM1256890_2021-08.tif
ZM1261965,,,v1.3.0,2.0,1.0,,32.3515,-13.6275,,0.4637476084183674,ZM,2021,3,train,3cl/v1-3/labels/ZM1261965_2021-08.tif,3cl/v1-3/images/ZM1261965_2021-08.tif
ZM1274876,,,v1.3.0,2.0,1.0,,32.3115,-13.6575,,0.5798190369897959,ZM,2021,3,train,3cl/v1-3/labels/ZM1274876_2021-08.tif,3cl/v1-3/images/ZM1274876_2021-08.tif
ZM1285688,,,v1.3.0,2.0,1.0,,32.3265,-13.6825,,0.6021603954081632,ZM,2021,3,train,3cl/v1-3/labels/ZM1285688_2021-08.tif,3cl/v1-3/images/ZM1285688_2021-08.tif
ZM1287796,,,v1.3.0,2.0,1.0,,32.0415,-13.6875,,0.1374960140306122,ZM,2021,3,train,3cl/v1-3/labels/ZM1287796_2021-08.tif,3cl/v1-3/images/ZM1287796_2021-08.tif
ZM1291571,,,v1.3.0,2.0,1.0,,29.2515,-13.6975,,0.7489237882653061,ZM,2021,3,train,3cl/v1-3/labels/ZM1291571_2021-08.tif,3cl/v1-3/images/ZM1291571_2021-08.tif
ZM1294353,,,v1.3.0,2.0,1.0,,32.3215,-13.7025,,0.6555923150510204,ZM,2021,3,train,3cl/v1-3/labels/ZM1294353_2021-08.tif,3cl/v1-3/images/ZM1294353_2021-08.tif
ZM1297875,,,v1.3.0,2.0,1.0,,28.2415,-13.7125,,0.0,ZM,2021,3,train,3cl/v1-3/labels/ZM1297875_2021-08.tif,3cl/v1-3/images/ZM1297875_2021-08.tif
ZM1300326,,,v1.3.0,2.0,1.0,,29.6465,-13.7175,,0.6790298150510204,ZM,2021,3,train,3cl/v1-3/labels/ZM1300326_2021-08.tif,3cl/v1-3/images/ZM1300326_2021-08.tif
ZM1311790,,,v1.3.0,2.0,1.0,,22.0415,-13.7475,,0.2959980867346938,ZM,2021,3,train,3cl/v1-3/labels/ZM1311790_2021-08.tif,3cl/v1-3/images/ZM1311790_2021-08.tif
ZM1311803,,,v1.3.0,2.0,1.0,,22.1065,-13.7475,,0.06644611,ZM,2021,3,train,3cl/v1-3/labels/ZM1311803_2021-08.tif,3cl/v1-3/images/ZM1311803_2021-08.tif
ZM1312976,,,v1.3.0,2.0,1.0,,27.9715,-13.7475,,0.3236607142857143,ZM,2021,3,train,3cl/v1-3/labels/ZM1312976_2021-08.tif,3cl/v1-3/images/ZM1312976_2021-08.tif
ZM1316117,,,v1.3.0,2.0,1.0,,22.0915,-13.7575,,0.005121971,ZM,2021,3,train,3cl/v1-3/labels/ZM1316117_2021-08.tif,3cl/v1-3/images/ZM1316117_2021-08.tif
ZM1320427,,,v1.3.0,2.0,1.0,,22.0765,-13.7675,,0.017458546,ZM,2021,3,train,3cl/v1-3/labels/ZM1320427_2021-08.tif,3cl/v1-3/images/ZM1320427_2021-08.tif
ZM1322592,,,v1.3.0,2.0,1.0,,22.1215,-13.7725,,0.072126116,ZM,2021,3,train,3cl/v1-3/labels/ZM1322592_2021-08.tif,3cl/v1-3/images/ZM1322592_2021-08.tif
ZM1368157,,,v1.3.0,2.0,1.0,,32.3065,-13.8725,,0.3800422512755102,ZM,2021,3,train,3cl/v1-3/labels/ZM1368157_2021-08.tif,3cl/v1-3/images/ZM1368157_2021-08.tif
ZM1398717,,,v1.3.0,2.0,1.0,,31.7215,-13.9425,,0.3978993941326531,ZM,2021,3,train,3cl/v1-3/labels/ZM1398717_2021-08.tif,3cl/v1-3/images/ZM1398717_2021-08.tif
ZM1411969,,,v1.3.0,2.0,1.0,,31.5315,-13.9725,,0.5522560586734694,ZM,2021,3,train,3cl/v1-3/labels/ZM1411969_2021-08.tif,3cl/v1-3/images/ZM1411969_2021-08.tif
ZM1429830,,,v1.3.0,2.0,1.0,,31.7915,-14.0125,,0.7467713647959183,ZM,2021,3,train,3cl/v1-3/labels/ZM1429830_2021-08.tif,3cl/v1-3/images/ZM1429830_2021-08.tif
ZM1431469,,,v1.3.0,2.0,1.0,,28.8615,-14.0175,,0.009406888,ZM,2021,3,train,3cl/v1-3/labels/ZM1431469_2021-08.tif,3cl/v1-3/images/ZM1431469_2021-08.tif
ZM1434169,,,v1.3.0,2.0,1.0,,31.2465,-14.0225,,0.2493024553571428,ZM,2021,3,train,3cl/v1-3/labels/ZM1434169_2021-08.tif,3cl/v1-3/images/ZM1434169_2021-08.tif
ZM1440907,,,v1.3.0,2.0,1.0,,31.6115,-14.0375,,0.1714564732142857,ZM,2021,3,train,3cl/v1-3/labels/ZM1440907_2021-08.tif,3cl/v1-3/images/ZM1440907_2021-08.tif
ZM1441272,,,v1.3.0,2.0,1.0,,22.3365,-14.0425,,0.1757015306122449,ZM,2021,3,train,3cl/v1-3/labels/ZM1441272_2021-08.tif,3cl/v1-3/images/ZM1441272_2021-08.tif
ZM1445262,,,v1.3.0,2.0,1.0,,31.1965,-14.0475,,0.5397999043367347,ZM,2021,3,train,3cl/v1-3/labels/ZM1445262_2021-08.tif,3cl/v1-3/images/ZM1445262_2021-08.tif
ZM1447488,,,v1.3.0,2.0,1.0,,31.2365,-14.0525,,0.5458785076530612,ZM,2021,3,train,3cl/v1-3/labels/ZM1447488_2021-08.tif,3cl/v1-3/images/ZM1447488_2021-08.tif
ZM1453571,,,v1.3.0,2.0,1.0,,28.4465,-14.0675,,0.6853475765306123,ZM,2021,3,train,3cl/v1-3/labels/ZM1453571_2021-08.tif,3cl/v1-3/images/ZM1453571_2021-08.tif
ZM1456489,,,v1.3.0,2.0,1.0,,31.9965,-14.0725,,0.0,ZM,2021,3,train,3cl/v1-3/labels/ZM1456489_2021-08.tif,3cl/v1-3/images/ZM1456489_2021-08.tif
ZM1460780,,,v1.3.0,2.0,1.0,,31.4115,-14.0825,,0.3156289859693877,ZM,2021,3,train,3cl/v1-3/labels/ZM1460780_2021-08.tif,3cl/v1-3/images/ZM1460780_2021-08.tif
ZM1463011,,,v1.3.0,2.0,1.0,,31.5665,-14.0875,,0.8479352678571429,ZM,2021,3,train,3cl/v1-3/labels/ZM1463011_2021-08.tif,3cl/v1-3/images/ZM1463011_2021-08.tif
ZM1469578,,,v1.3.0,2.0,1.0,,31.4815,-14.1025,,0.5704918686224489,ZM,2021,3,train,3cl/v1-3/labels/ZM1469578_2021-08.tif,3cl/v1-3/images/ZM1469578_2021-08.tif
ZM1471707,,,v1.3.0,2.0,1.0,,31.1815,-14.1075,,0.4012077487244898,ZM,2021,3,train,3cl/v1-3/labels/ZM1471707_2021-08.tif,3cl/v1-3/images/ZM1471707_2021-08.tif
ZM1480437,,,v1.3.0,2.0,1.0,,31.2115,-14.1275,,0.5392817283163265,ZM,2021,3,train,3cl/v1-3/labels/ZM1480437_2021-08.tif,3cl/v1-3/images/ZM1480437_2021-08.tif
ZM1484857,,,v1.3.0,2.0,1.0,,31.5865,-14.1375,,0.6949736926020408,ZM,2021,3,train,3cl/v1-3/labels/ZM1484857_2021-08.tif,3cl/v1-3/images/ZM1484857_2021-08.tif
ZM1489183,,,v1.3.0,2.0,1.0,,31.5515,-14.1475,,0.6834143813775511,ZM,2021,3,train,3cl/v1-3/labels/ZM1489183_2021-08.tif,3cl/v1-3/images/ZM1489183_2021-08.tif
ZM1493459,,,v1.3.0,2.0,1.0,,31.3265,-14.1575,,0.4674744897959184,ZM,2021,3,train,3cl/v1-3/labels/ZM1493459_2021-08.tif,3cl/v1-3/images/ZM1493459_2021-08.tif
ZM1495177,,,v1.3.0,2.0,1.0,,29.1365,-14.1625,,0.3340242346938775,ZM,2021,3,train,3cl/v1-3/labels/ZM1495177_2021-08.tif,3cl/v1-3/images/ZM1495177_2021-08.tif
ZM1495642,,,v1.3.0,2.0,1.0,,31.4615,-14.1625,,0.6452487244897959,ZM,2021,3,train,3cl/v1-3/labels/ZM1495642_2021-08.tif,3cl/v1-3/images/ZM1495642_2021-08.tif
ZM1497384,,,v1.3.0,2.0,1.0,,29.4015,-14.1675,,0.7483458227040817,ZM,2021,3,train,3cl/v1-3/labels/ZM1497384_2021-08.tif,3cl/v1-3/images/ZM1497384_2021-08.tif
ZM1499929,,,v1.3.0,2.0,1.0,,31.3715,-14.1725,,0.2761280293367347,ZM,2021,3,train,3cl/v1-3/labels/ZM1499929_2021-08.tif,3cl/v1-3/images/ZM1499929_2021-08.tif
ZM1499950,,,v1.3.0,2.0,1.0,,31.4765,-14.1725,,0.6791693239795918,ZM,2021,3,train,3cl/v1-3/labels/ZM1499950_2021-08.tif,3cl/v1-3/images/ZM1499950_2021-08.tif
ZM1500095,,,v1.3.0,2.0,1.0,,32.2015,-14.1725,,0.6050103635204082,ZM,2021,3,train,3cl/v1-3/labels/ZM1500095_2021-08.tif,3cl/v1-3/images/ZM1500095_2021-08.tif
ZM1501739,,,v1.3.0,2.0,1.0,,29.6815,-14.1775,,0.5016143176020408,ZM,2021,3,train,3cl/v1-3/labels/ZM1501739_2021-08.tif,3cl/v1-3/images/ZM1501739_2021-08.tif
ZM1519181,,,v1.3.0,2.0,1.0,,31.4815,-14.2175,,0.6930604272959183,ZM,2021,3,train,3cl/v1-3/labels/ZM1519181_2021-08.tif,3cl/v1-3/images/ZM1519181_2021-08.tif
ZM1520695,,,v1.3.0,2.0,1.0,,28.4365,-14.2225,,0.223632813,ZM,2021,3,train,3cl/v1-3/labels/ZM1520695_2021-08.tif,3cl/v1-3/images/ZM1520695_2021-08.tif
ZM1520741,,,v1.3.0,2.0,1.0,,28.6665,-14.2225,,0.1409438775510204,ZM,2021,3,train,3cl/v1-3/labels/ZM1520741_2021-08.tif,3cl/v1-3/images/ZM1520741_2021-08.tif
ZM1523434,,,v1.3.0,2.0,1.0,,31.5315,-14.2275,,0.1478794642857142,ZM,2021,3,train,3cl/v1-3/labels/ZM1523434_2021-08.tif,3cl/v1-3/images/ZM1523434_2021-08.tif
ZM1527636,,,v1.3.0,2.0,1.0,,31.3715,-14.2375,,0.1819395727040816,ZM,2021,3,train,3cl/v1-3/labels/ZM1527636_2021-08.tif,3cl/v1-3/images/ZM1527636_2021-08.tif
ZM1531443,,,v1.3.0,2.0,1.0,,29.2865,-14.2475,,0.3897281568877551,ZM,2021,3,train,3cl/v1-3/labels/ZM1531443_2021-08.tif,3cl/v1-3/images/ZM1531443_2021-08.tif
ZM1543173,,,v1.3.0,2.0,1.0,,24.8715,-14.2775,,0.033322704,ZM,2021,3,train,3cl/v1-3/labels/ZM1543173_2021-08.tif,3cl/v1-3/images/ZM1543173_2021-08.tif
ZM1543862,,,v1.3.0,2.0,1.0,,28.3165,-14.2775,,0.2268813775510204,ZM,2021,3,train,3cl/v1-3/labels/ZM1543862_2021-08.tif,3cl/v1-3/images/ZM1543862_2021-08.tif
ZM1544485,,,v1.3.0,2.0,1.0,,31.4315,-14.2775,,0.4218949298469387,ZM,2021,3,train,3cl/v1-3/labels/ZM1544485_2021-08.tif,3cl/v1-3/images/ZM1544485_2021-08.tif
ZM1558692,,,v1.3.0,2.0,1.0,,29.5865,-14.3125,,0.1253188775510204,ZM,2021,3,train,3cl/v1-3/labels/ZM1558692_2021-08.tif,3cl/v1-3/images/ZM1558692_2021-08.tif
ZM1560679,,,v1.3.0,2.0,1.0,,29.2115,-14.3175,,0.5751155931122449,ZM,2021,3,train,3cl/v1-3/labels/ZM1560679_2021-08.tif,3cl/v1-3/images/ZM1560679_2021-08.tif
ZM1564672,,,v1.3.0,2.0,1.0,,28.6315,-14.3275,,0.00910794,ZM,2021,3,train,3cl/v1-3/labels/ZM1564672_2021-08.tif,3cl/v1-3/images/ZM1564672_2021-08.tif
ZM1565264,,,v1.3.0,2.0,1.0,,31.5915,-14.3275,,0.8677256058673469,ZM,2021,3,train,3cl/v1-3/labels/ZM1565264_2021-08.tif,3cl/v1-3/images/ZM1565264_2021-08.tif
ZM1583162,,,v1.3.0,2.0,1.0,,29.4815,-14.3725,,0.3494698660714285,ZM,2021,3,train,3cl/v1-3/labels/ZM1583162_2021-08.tif,3cl/v1-3/images/ZM1583162_2021-08.tif
ZM1585560,,,v1.3.0,2.0,1.0,,31.3715,-14.3775,,0.004882813,ZM,2021,3,train,3cl/v1-3/labels/ZM1585560_2021-08.tif,3cl/v1-3/images/ZM1585560_2021-08.tif
ZM1589117,,,v1.3.0,2.0,1.0,,28.9865,-14.3875,,0.3752790178571428,ZM,2021,3,train,3cl/v1-3/labels/ZM1589117_2021-08.tif,3cl/v1-3/images/ZM1589117_2021-08.tif
ZM1589545,,,v1.3.0,2.0,1.0,,31.1265,-14.3875,,0.3296197385204081,ZM,2021,3,train,3cl/v1-3/labels/ZM1589545_2021-08.tif,3cl/v1-3/images/ZM1589545_2021-08.tif
ZM1595012,,,v1.3.0,2.0,1.0,,28.3165,-14.4025,,0.394172513,ZM,2021,3,train,3cl/v1-3/labels/ZM1595012_2021-08.tif,3cl/v1-3/images/ZM1595012_2021-08.tif
ZM1597026,,,v1.3.0,2.0,1.0,,28.3865,-14.4075,,0.154296875,ZM,2021,3,train,3cl/v1-3/labels/ZM1597026_2021-08.tif,3cl/v1-3/images/ZM1597026_2021-08.tif
ZM1600940,,,v1.3.0,2.0,1.0,,28.0215,-14.4175,,0.3963249362244898,ZM,2021,3,train,3cl/v1-3/labels/ZM1600940_2021-08.tif,3cl/v1-3/images/ZM1600940_2021-08.tif
ZM1603602,,,v1.3.0,2.0,1.0,,31.3865,-14.4225,,0.3064014668367347,ZM,2021,3,train,3cl/v1-3/labels/ZM1603602_2021-08.tif,3cl/v1-3/images/ZM1603602_2021-08.tif
ZM1605600,,,v1.3.0,2.0,1.0,,31.4415,-14.4275,,0.7891222895408163,ZM,2021,3,train,3cl/v1-3/labels/ZM1605600_2021-08.tif,3cl/v1-3/images/ZM1605600_2021-08.tif
ZM1610969,,,v1.3.0,2.0,1.0,,28.5415,-14.4425,,0.1835339604591837,ZM,2021,3,train,3cl/v1-3/labels/ZM1610969_2021-08.tif,3cl/v1-3/images/ZM1610969_2021-08.tif
ZM1612706,,,v1.3.0,2.0,1.0,,27.3315,-14.4475,,0.071289063,ZM,2021,3,train,3cl/v1-3/labels/ZM1612706_2021-08.tif,3cl/v1-3/images/ZM1612706_2021-08.tif
ZM1618952,,,v1.3.0,2.0,1.0,,28.9365,-14.4625,,0.2465919961734693,ZM,2021,3,train,3cl/v1-3/labels/ZM1618952_2021-08.tif,3cl/v1-3/images/ZM1618952_2021-08.tif
ZM1625273,,,v1.3.0,2.0,1.0,,31.0065,-14.4775,,0.9021444515306124,ZM,2021,3,train,3cl/v1-3/labels/ZM1625273_2021-08.tif,3cl/v1-3/images/ZM1625273_2021-08.tif
ZM1626761,,,v1.3.0,2.0,1.0,,28.6215,-14.4825,,0.5123764349489796,ZM,2021,3,train,3cl/v1-3/labels/ZM1626761_2021-08.tif,3cl/v1-3/images/ZM1626761_2021-08.tif
ZM1627271,,,v1.3.0,2.0,1.0,,31.1715,-14.4825,,0.5746572066326531,ZM,2021,3,train,3cl/v1-3/labels/ZM1627271_2021-08.tif,3cl/v1-3/images/ZM1627271_2021-08.tif
ZM1630600,,,v1.3.0,2.0,1.0,,28.2265,-14.4925,,0.4231106505102041,ZM,2021,3,train,3cl/v1-3/labels/ZM1630600_2021-08.tif,3cl/v1-3/images/ZM1630600_2021-08.tif
ZM1633096,,,v1.3.0,2.0,1.0,,30.9415,-14.4975,,0.8246572066326531,ZM,2021,3,train,3cl/v1-3/labels/ZM1633096_2021-08.tif,3cl/v1-3/images/ZM1633096_2021-08.tif
ZM1635039,,,v1.3.0,2.0,1.0,,30.9215,-14.5025,,0.3752590880102041,ZM,2021,3,train,3cl/v1-3/labels/ZM1635039_2021-08.tif,3cl/v1-3/images/ZM1635039_2021-08.tif
ZM1636992,,,v1.3.0,2.0,1.0,,30.9715,-14.5075,,0.5466757015306123,ZM,2021,3,train,3cl/v1-3/labels/ZM1636992_2021-08.tif,3cl/v1-3/images/ZM1636992_2021-08.tif
ZM1638362,,,v1.3.0,2.0,1.0,,28.1265,-14.5125,,0.1950932716836734,ZM,2021,3,train,3cl/v1-3/labels/ZM1638362_2021-08.tif,3cl/v1-3/images/ZM1638362_2021-08.tif
ZM1640884,,,v1.3.0,2.0,1.0,,31.0565,-14.5175,,0.4436981823979591,ZM,2021,3,train,3cl/v1-3/labels/ZM1640884_2021-08.tif,3cl/v1-3/images/ZM1640884_2021-08.tif
ZM1646149,,,v1.3.0,2.0,1.0,,28.4015,-14.5325,,0.876594388,ZM,2021,3,train,3cl/v1-3/labels/ZM1646149_2021-08.tif,3cl/v1-3/images/ZM1646149_2021-08.tif
ZM1646637,,,v1.3.0,2.0,1.0,,30.8415,-14.5325,,0.00775271,ZM,2021,3,train,3cl/v1-3/labels/ZM1646637_2021-08.tif,3cl/v1-3/images/ZM1646637_2021-08.tif
ZM1648626,,,v1.3.0,2.0,1.0,,31.1465,-14.5375,,0.7536471619897959,ZM,2021,3,train,3cl/v1-3/labels/ZM1648626_2021-08.tif,3cl/v1-3/images/ZM1648626_2021-08.tif
ZM1652471,,,v1.3.0,2.0,1.0,,31.1115,-14.5475,,0.6227877869897959,ZM,2021,3,train,3cl/v1-3/labels/ZM1652471_2021-08.tif,3cl/v1-3/images/ZM1652471_2021-08.tif
ZM1652484,,,v1.3.0,2.0,1.0,,31.1765,-14.5475,,0.616569675,ZM,2021,3,train,3cl/v1-3/labels/ZM1652484_2021-08.tif,3cl/v1-3/images/ZM1652484_2021-08.tif
ZM1653938,,,v1.3.0,2.0,1.0,,28.8265,-14.5525,,0.02471301,ZM,2021,3,train,3cl/v1-3/labels/ZM1653938_2021-08.tif,3cl/v1-3/images/ZM1653938_2021-08.tif
ZM1657648,,,v1.3.0,2.0,1.0,,28.1665,-14.5625,,0.4802295918367347,ZM,2021,3,train,3cl/v1-3/labels/ZM1657648_2021-08.tif,3cl/v1-3/images/ZM1657648_2021-08.tif
ZM1665857,,,v1.3.0,2.0,1.0,,30.9115,-14.5825,,0.3713926977040816,ZM,2021,3,train,3cl/v1-3/labels/ZM1665857_2021-08.tif,3cl/v1-3/images/ZM1665857_2021-08.tif
ZM1669266,,,v1.3.0,2.0,1.0,,28.8615,-14.5925,,0.2511360012755102,ZM,2021,3,train,3cl/v1-3/labels/ZM1669266_2021-08.tif,3cl/v1-3/images/ZM1669266_2021-08.tif
ZM1672926,,,v1.3.0,2.0,1.0,,28.1015,-14.6025,,0.2026068239795918,ZM,2021,3,train,3cl/v1-3/labels/ZM1672926_2021-08.tif,3cl/v1-3/images/ZM1672926_2021-08.tif
ZM1674714,,,v1.3.0,2.0,1.0,,27.5265,-14.6075,,0.2311662946428571,ZM,2021,3,train,3cl/v1-3/labels/ZM1674714_2021-08.tif,3cl/v1-3/images/ZM1674714_2021-08.tif
ZM1676793,,,v1.3.0,2.0,1.0,,28.4165,-14.6125,,0.0,ZM,2021,3,train,3cl/v1-3/labels/ZM1676793_2021-08.tif,3cl/v1-3/images/ZM1676793_2021-08.tif
ZM1677401,,,v1.3.0,2.0,1.0,,31.4565,-14.6125,,0.4519491390306122,ZM,2021,3,train,3cl/v1-3/labels/ZM1677401_2021-08.tif,3cl/v1-3/images/ZM1677401_2021-08.tif
ZM1679264,,,v1.3.0,2.0,1.0,,31.2715,-14.6175,,0.0,ZM,2021,3,train,3cl/v1-3/labels/ZM1679264_2021-08.tif,3cl/v1-3/images/ZM1679264_2021-08.tif
ZM1686375,,,v1.3.0,2.0,1.0,,29.0015,-14.6375,,0.463687819,ZM,2021,3,train,3cl/v1-3/labels/ZM1686375_2021-08.tif,3cl/v1-3/images/ZM1686375_2021-08.tif
ZM1688169,,,v1.3.0,2.0,1.0,,28.5765,-14.6425,,0.7521723533163265,ZM,2021,3,train,3cl/v1-3/labels/ZM1688169_2021-08.tif,3cl/v1-3/images/ZM1688169_2021-08.tif
ZM1688624,,,v1.3.0,2.0,1.0,,30.8515,-14.6425,,0.5479113520408163,ZM,2021,3,train,3cl/v1-3/labels/ZM1688624_2021-08.tif,3cl/v1-3/images/ZM1688624_2021-08.tif
ZM1690593,,,v1.3.0,2.0,1.0,,31.3215,-14.6475,,0.8823142538265306,ZM,2021,3,train,3cl/v1-3/labels/ZM1690593_2021-08.tif,3cl/v1-3/images/ZM1690593_2021-08.tif
ZM1691951,,,v1.3.0,2.0,1.0,,28.7615,-14.6525,,0.001454879,ZM,2021,3,train,3cl/v1-3/labels/ZM1691951_2021-08.tif,3cl/v1-3/images/ZM1691951_2021-08.tif
ZM1697438,,,v1.3.0,2.0,1.0,,28.3065,-14.6675,,0.4106146364795918,ZM,2021,3,train,3cl/v1-3/labels/ZM1697438_2021-08.tif,3cl/v1-3/images/ZM1697438_2021-08.tif
ZM1697941,,,v1.3.0,2.0,1.0,,30.8215,-14.6675,,0.4002710459183674,ZM,2021,3,train,3cl/v1-3/labels/ZM1697941_2021-08.tif,3cl/v1-3/images/ZM1697941_2021-08.tif
ZM1697999,,,v1.3.0,2.0,1.0,,31.1115,-14.6675,,0.3827726403061224,ZM,2021,3,train,3cl/v1-3/labels/ZM1697999_2021-08.tif,3cl/v1-3/images/ZM1697999_2021-08.tif
ZM1701277,,,v1.3.0,2.0,1.0,,29.0265,-14.6775,,0.1238241390306122,ZM,2021,3,train,3cl/v1-3/labels/ZM1701277_2021-08.tif,3cl/v1-3/images/ZM1701277_2021-08.tif
ZM1707215,,,v1.3.0,2.0,1.0,,31.1315,-14.6925,,0.6255580357142857,ZM,2021,3,train,3cl/v1-3/labels/ZM1707215_2021-08.tif,3cl/v1-3/images/ZM1707215_2021-08.tif
ZM1710407,,,v1.3.0,2.0,1.0,,28.7765,-14.7025,,0.5104033801020408,ZM,2021,3,train,3cl/v1-3/labels/ZM1710407_2021-08.tif,3cl/v1-3/images/ZM1710407_2021-08.tif
ZM1714522,,,v1.3.0,2.0,1.0,,31.0965,-14.7125,,0.8029735331632653,ZM,2021,3,train,3cl/v1-3/labels/ZM1714522_2021-08.tif,3cl/v1-3/images/ZM1714522_2021-08.tif
ZM1717637,,,v1.3.0,2.0,1.0,,28.4765,-14.7225,,0.6857661033163265,ZM,2021,3,train,3cl/v1-3/labels/ZM1717637_2021-08.tif,3cl/v1-3/images/ZM1717637_2021-08.tif
ZM1717663,,,v1.3.0,2.0,1.0,,28.6065,-14.7225,,0.2939851721938775,ZM,2021,3,train,3cl/v1-3/labels/ZM1717663_2021-08.tif,3cl/v1-3/images/ZM1717663_2021-08.tif
ZM1718104,,,v1.3.0,2.0,1.0,,30.8115,-14.7225,,0.051817602,ZM,2021,3,train,3cl/v1-3/labels/ZM1718104_2021-08.tif,3cl/v1-3/images/ZM1718104_2021-08.tif
ZM1728512,,,v1.3.0,2.0,1.0,,28.7665,-14.7525,,0.3576610331632653,ZM,2021,3,train,3cl/v1-3/labels/ZM1728512_2021-08.tif,3cl/v1-3/images/ZM1728512_2021-08.tif
ZM1734876,,,v1.3.0,2.0,1.0,,24.9315,-14.7725,,0.062041614,ZM,2021,3,train,3cl/v1-3/labels/ZM1734876_2021-08.tif,3cl/v1-3/images/ZM1734876_2021-08.tif
ZM1739101,,,v1.3.0,2.0,1.0,,28.3565,-14.7825,,0.2837611607142857,ZM,2021,3,train,3cl/v1-3/labels/ZM1739101_2021-08.tif,3cl/v1-3/images/ZM1739101_2021-08.tif
ZM1744399,,,v1.3.0,2.0,1.0,,28.4415,-14.7975,,0.5026905293367347,ZM,2021,3,train,3cl/v1-3/labels/ZM1744399_2021-08.tif,3cl/v1-3/images/ZM1744399_2021-08.tif
ZM1749450,,,v1.3.0,2.0,1.0,,27.4115,-14.8125,,0.0,ZM,2021,3,train,3cl/v1-3/labels/ZM1749450_2021-08.tif,3cl/v1-3/images/ZM1749450_2021-08.tif
ZM1750766,,,v1.3.0,2.0,1.0,,25.2565,-14.8175,,0.1815210459183673,ZM,2021,3,train,3cl/v1-3/labels/ZM1750766_2021-08.tif,3cl/v1-3/images/ZM1750766_2021-08.tif
ZM1761816,,,v1.3.0,2.0,1.0,,28.3765,-14.8475,,0.0,ZM,2021,3,train,3cl/v1-3/labels/ZM1761816_2021-08.tif,3cl/v1-3/images/ZM1761816_2021-08.tif
ZM1762821,,,v1.3.0,2.0,1.0,,24.7615,-14.8525,,0.3714524872448979,ZM,2021,3,train,3cl/v1-3/labels/ZM1762821_2021-08.tif,3cl/v1-3/images/ZM1762821_2021-08.tif
ZM1765318,,,v1.3.0,2.0,1.0,,28.6215,-14.8575,,0.1841517857142857,ZM,2021,3,train,3cl/v1-3/labels/ZM1765318_2021-08.tif,3cl/v1-3/images/ZM1765318_2021-08.tif
ZM1789170,,,v1.3.0,2.0,1.0,,28.4565,-14.9275,,0.1482780612244898,ZM,2021,3,train,3cl/v1-3/labels/ZM1789170_2021-08.tif,3cl/v1-3/images/ZM1789170_2021-08.tif
ZM1789200,,,v1.3.0,2.0,1.0,,28.6065,-14.9275,,0.3258529974489796,ZM,2021,3,train,3cl/v1-3/labels/ZM1789200_2021-08.tif,3cl/v1-3/images/ZM1789200_2021-08.tif
ZM1795308,,,v1.3.0,2.0,1.0,,25.4265,-14.9475,,0.277961575,ZM,2021,3,train,3cl/v1-3/labels/ZM1795308_2021-08.tif,3cl/v1-3/images/ZM1795308_2021-08.tif
ZM1800918,,,v1.3.0,2.0,1.0,,28.3015,-14.9625,,0.0,ZM,2021,3,train,3cl/v1-3/labels/ZM1800918_2021-08.tif,3cl/v1-3/images/ZM1800918_2021-08.tif
ZM1801418,,,v1.3.0,2.0,1.0,,22.4365,-14.9675,,0.002849968,ZM,2021,3,train,3cl/v1-3/labels/ZM1801418_2021-08.tif,3cl/v1-3/images/ZM1801418_2021-08.tif
ZM1802323,,,v1.3.0,2.0,1.0,,26.9615,-14.9675,,0.002491231,ZM,2021,3,train,3cl/v1-3/labels/ZM1802323_2021-08.tif,3cl/v1-3/images/ZM1802323_2021-08.tif
ZM1804296,,,v1.3.0,2.0,1.0,,28.4865,-14.9725,,0.1577646683673469,ZM,2021,3,train,3cl/v1-3/labels/ZM1804296_2021-08.tif,3cl/v1-3/images/ZM1804296_2021-08.tif
ZM1805278,,,v1.3.0,2.0,1.0,,25.0715,-14.9775,,0.024653221,ZM,2021,3,train,3cl/v1-3/labels/ZM1805278_2021-08.tif,3cl/v1-3/images/ZM1805278_2021-08.tif
ZM1815778,,,v1.3.0,2.0,1.0,,28.0165,-15.0075,,0.1829161352040816,ZM,2021,3,train,3cl/v1-3/labels/ZM1815778_2021-08.tif,3cl/v1-3/images/ZM1815778_2021-08.tif
ZM1818248,,,v1.3.0,2.0,1.0,,23.9115,-15.0175,,0.087332589,ZM,2021,3,train,3cl/v1-3/labels/ZM1818248_2021-08.tif,3cl/v1-3/images/ZM1818248_2021-08.tif
ZM1823749,,,v1.3.0,2.0,1.0,,26.7165,-15.0325,,0.071488361,ZM,2021,3,train,3cl/v1-3/labels/ZM1823749_2021-08.tif,3cl/v1-3/images/ZM1823749_2021-08.tif
ZM1825444,,,v1.3.0,2.0,1.0,,26.9565,-15.0375,,0.1212133290816326,ZM,2021,3,train,3cl/v1-3/labels/ZM1825444_2021-08.tif,3cl/v1-3/images/ZM1825444_2021-08.tif
ZM1830224,,,v1.3.0,2.0,1.0,,26.1465,-15.0525,,0.0,ZM,2021,3,train,3cl/v1-3/labels/ZM1830224_2021-08.tif,3cl/v1-3/images/ZM1830224_2021-08.tif
ZM1838963,,,v1.3.0,2.0,1.0,,28.7065,-15.0775,,0.025330835,ZM,2021,3,train,3cl/v1-3/labels/ZM1838963_2021-08.tif,3cl/v1-3/images/ZM1838963_2021-08.tif
ZM1838966,,,v1.3.0,2.0,1.0,,28.7215,-15.0775,,0.0,ZM,2021,3,train,3cl/v1-3/labels/ZM1838966_2021-08.tif,3cl/v1-3/images/ZM1838966_2021-08.tif
ZM1842307,,,v1.3.0,2.0,1.0,,28.9715,-15.0875,,0.271663744,ZM,2021,3,train,3cl/v1-3/labels/ZM1842307_2021-08.tif,3cl/v1-3/images/ZM1842307_2021-08.tif
ZM1845729,,,v1.3.0,2.0,1.0,,29.6315,-15.0975,,0.020746971,ZM,2021,3,train,3cl/v1-3/labels/ZM1845729_2021-08.tif,3cl/v1-3/images/ZM1845729_2021-08.tif
ZM1846916,,,v1.3.0,2.0,1.0,,27.3415,-15.1025,,0.1391501913265306,ZM,2021,3,train,3cl/v1-3/labels/ZM1846916_2021-08.tif,3cl/v1-3/images/ZM1846916_2021-08.tif
ZM1847159,,,v1.3.0,2.0,1.0,,28.5565,-15.1025,,0.2895607461734694,ZM,2021,3,train,3cl/v1-3/labels/ZM1847159_2021-08.tif,3cl/v1-3/images/ZM1847159_2021-08.tif
ZM1858563,,,v1.3.0,2.0,1.0,,27.9365,-15.1375,,0.020487883,ZM,2021,3,train,3cl/v1-3/labels/ZM1858563_2021-08.tif,3cl/v1-3/images/ZM1858563_2021-08.tif
ZM1858630,,,v1.3.0,2.0,1.0,,28.2715,-15.1375,,0.1691645408163265,ZM,2021,3,train,3cl/v1-3/labels/ZM1858630_2021-08.tif,3cl/v1-3/images/ZM1858630_2021-08.tif
ZM1859348,,,v1.3.0,2.0,1.0,,23.6265,-15.1425,,0.0,ZM,2021,3,train,3cl/v1-3/labels/ZM1859348_2021-08.tif,3cl/v1-3/images/ZM1859348_2021-08.tif
ZM1863545,,,v1.3.0,2.0,1.0,,28.1265,-15.1525,,0.2245495854591837,ZM,2021,3,train,3cl/v1-3/labels/ZM1863545_2021-08.tif,3cl/v1-3/images/ZM1863545_2021-08.tif
ZM1867721,,,v1.3.0,2.0,1.0,,24.2565,-15.1675,,0.0,ZM,2021,3,train,3cl/v1-3/labels/ZM1867721_2021-08.tif,3cl/v1-3/images/ZM1867721_2021-08.tif
ZM1871886,,,v1.3.0,2.0,1.0,,28.5715,-15.1775,,0.5314293686224489,ZM,2021,3,train,3cl/v1-3/labels/ZM1871886_2021-08.tif,3cl/v1-3/images/ZM1871886_2021-08.tif
ZM1876859,,,v1.3.0,2.0,1.0,,28.6565,-15.1925,,0.4295679209183674,ZM,2021,3,train,3cl/v1-3/labels/ZM1876859_2021-08.tif,3cl/v1-3/images/ZM1876859_2021-08.tif
ZM1881812,,,v1.3.0,2.0,1.0,,28.6315,-15.2075,,0.5300143494897959,ZM,2021,3,train,3cl/v1-3/labels/ZM1881812_2021-08.tif,3cl/v1-3/images/ZM1881812_2021-08.tif
ZM1886462,,,v1.3.0,2.0,1.0,,27.0965,-15.2225,,0.0,ZM,2021,3,train,3cl/v1-3/labels/ZM1886462_2021-08.tif,3cl/v1-3/images/ZM1886462_2021-08.tif
ZM1893435,,,v1.3.0,2.0,1.0,,28.8715,-15.2425,,0.2632732780612244,ZM,2021,3,train,3cl/v1-3/labels/ZM1893435_2021-08.tif,3cl/v1-3/images/ZM1893435_2021-08.tif
ZM1894952,,,v1.3.0,2.0,1.0,,28.1765,-15.2475,,0.274234694,ZM,2021,3,train,3cl/v1-3/labels/ZM1894952_2021-08.tif,3cl/v1-3/images/ZM1894952_2021-08.tif
ZM1896554,,,v1.3.0,2.0,1.0,,27.9015,-15.2525,,0.093590561,ZM,2021,3,train,3cl/v1-3/labels/ZM1896554_2021-08.tif,3cl/v1-3/images/ZM1896554_2021-08.tif
ZM1896595,,,v1.3.0,2.0,1.0,,28.1065,-15.2525,,0.1789899553571428,ZM,2021,3,train,3cl/v1-3/labels/ZM1896595_2021-08.tif,3cl/v1-3/images/ZM1896595_2021-08.tif
ZM1898257,,,v1.3.0,2.0,1.0,,28.1265,-15.2575,,0.1534199617346938,ZM,2021,3,train,3cl/v1-3/labels/ZM1898257_2021-08.tif,3cl/v1-3/images/ZM1898257_2021-08.tif
ZM1900037,,,v1.3.0,2.0,1.0,,28.7315,-15.2625,,0.4339126275510204,ZM,2021,3,train,3cl/v1-3/labels/ZM1900037_2021-08.tif,3cl/v1-3/images/ZM1900037_2021-08.tif
ZM1914914,,,v1.3.0,2.0,1.0,,28.1965,-15.3075,,0.0,ZM,2021,3,train,3cl/v1-3/labels/ZM1914914_2021-08.tif,3cl/v1-3/images/ZM1914914_2021-08.tif
ZM1916680,,,v1.3.0,2.0,1.0,,28.6765,-15.3125,,0.0,ZM,2021,3,train,3cl/v1-3/labels/ZM1916680_2021-08.tif,3cl/v1-3/images/ZM1916680_2021-08.tif
ZM1916728,,,v1.3.0,2.0,1.0,,28.9165,-15.3125,,0.022839605,ZM,2021,3,train,3cl/v1-3/labels/ZM1916728_2021-08.tif,3cl/v1-3/images/ZM1916728_2021-08.tif
ZM1918235,,,v1.3.0,2.0,1.0,,28.0915,-15.3175,,0.5236965880102041,ZM,2021,3,train,3cl/v1-3/labels/ZM1918235_2021-08.tif,3cl/v1-3/images/ZM1918235_2021-08.tif
ZM1920023,,,v1.3.0,2.0,1.0,,28.6665,-15.3225,,0.0,ZM,2021,3,train,3cl/v1-3/labels/ZM1920023_2021-08.tif,3cl/v1-3/images/ZM1920023_2021-08.tif
ZM1924960,,,v1.3.0,2.0,1.0,,28.2415,-15.3375,,0.064532844,ZM,2021,3,train,3cl/v1-3/labels/ZM1924960_2021-08.tif,3cl/v1-3/images/ZM1924960_2021-08.tif
ZM1925045,,,v1.3.0,2.0,1.0,,28.6665,-15.3375,,0.0,ZM,2021,3,train,3cl/v1-3/labels/ZM1925045_2021-08.tif,3cl/v1-3/images/ZM1925045_2021-08.tif
ZM1926536,,,v1.3.0,2.0,1.0,,27.7415,-15.3425,,0.8075972576530612,ZM,2021,3,train,3cl/v1-3/labels/ZM1926536_2021-08.tif,3cl/v1-3/images/ZM1926536_2021-08.tif
ZM1926641,,,v1.3.0,2.0,1.0,,28.2665,-15.3425,,0.0,ZM,2021,3,train,3cl/v1-3/labels/ZM1926641_2021-08.tif,3cl/v1-3/images/ZM1926641_2021-08.tif
ZM1928193,,,v1.3.0,2.0,1.0,,27.6465,-15.3475,,0.458984375,ZM,2021,3,train,3cl/v1-3/labels/ZM1928193_2021-08.tif,3cl/v1-3/images/ZM1928193_2021-08.tif
ZM1928399,,,v1.3.0,2.0,1.0,,28.6765,-15.3475,,0.013532366,ZM,2021,3,train,3cl/v1-3/labels/ZM1928399_2021-08.tif,3cl/v1-3/images/ZM1928399_2021-08.tif
ZM1930769,,,v1.3.0,2.0,1.0,,23.7665,-15.3575,,0.0,ZM,2021,3,train,3cl/v1-3/labels/ZM1930769_2021-08.tif,3cl/v1-3/images/ZM1930769_2021-08.tif
ZM1933233,,,v1.3.0,2.0,1.0,,27.7065,-15.3625,,0.1529416454081632,ZM,2021,3,train,3cl/v1-3/labels/ZM1933233_2021-08.tif,3cl/v1-3/images/ZM1933233_2021-08.tif
ZM1933239,,,v1.3.0,2.0,1.0,,27.7365,-15.3625,,0.113899075,ZM,2021,3,train,3cl/v1-3/labels/ZM1933239_2021-08.tif,3cl/v1-3/images/ZM1933239_2021-08.tif
ZM1937928,,,v1.3.0,2.0,1.0,,26.0265,-15.3775,,0.0,ZM,2021,3,train,3cl/v1-3/labels/ZM1937928_2021-08.tif,3cl/v1-3/images/ZM1937928_2021-08.tif
ZM1939948,,,v1.3.0,2.0,1.0,,27.7365,-15.3825,,0.07814493,ZM,2021,3,train,3cl/v1-3/labels/ZM1939948_2021-08.tif,3cl/v1-3/images/ZM1939948_2021-08.tif
ZM1940034,,,v1.3.0,2.0,1.0,,28.1665,-15.3825,,0.0,ZM,2021,3,train,3cl/v1-3/labels/ZM1940034_2021-08.tif,3cl/v1-3/images/ZM1940034_2021-08.tif
ZM1948356,,,v1.3.0,2.0,1.0,,27.8315,-15.4075,,0.3629025829081632,ZM,2021,3,train,3cl/v1-3/labels/ZM1948356_2021-08.tif,3cl/v1-3/images/ZM1948356_2021-08.tif
ZM1950072,,,v1.3.0,2.0,1.0,,28.0265,-15.4125,,0.2484056122448979,ZM,2021,3,train,3cl/v1-3/labels/ZM1950072_2021-08.tif,3cl/v1-3/images/ZM1950072_2021-08.tif
ZM1958444,,,v1.3.0,2.0,1.0,,27.9515,-15.4375,,0.5052814094387755,ZM,2021,3,train,3cl/v1-3/labels/ZM1958444_2021-08.tif,3cl/v1-3/images/ZM1958444_2021-08.tif
ZM1960373,,,v1.3.0,2.0,1.0,,29.2065,-15.4425,,0.013392857,ZM,2021,3,train,3cl/v1-3/labels/ZM1960373_2021-08.tif,3cl/v1-3/images/ZM1960373_2021-08.tif
ZM1961849,,,v1.3.0,2.0,1.0,,28.1915,-15.4475,,0.6623086734693877,ZM,2021,3,train,3cl/v1-3/labels/ZM1961849_2021-08.tif,3cl/v1-3/images/ZM1961849_2021-08.tif
ZM1966942,,,v1.3.0,2.0,1.0,,28.4665,-15.4625,,0.0,ZM,2021,3,train,3cl/v1-3/labels/ZM1966942_2021-08.tif,3cl/v1-3/images/ZM1966942_2021-08.tif
ZM1971926,,,v1.3.0,2.0,1.0,,28.1765,-15.4775,,0.4465880102040816,ZM,2021,3,train,3cl/v1-3/labels/ZM1971926_2021-08.tif,3cl/v1-3/images/ZM1971926_2021-08.tif
ZM1973524,,,v1.3.0,2.0,1.0,,27.7615,-15.4825,,0.1851283482142857,ZM,2021,3,train,3cl/v1-3/labels/ZM1973524_2021-08.tif,3cl/v1-3/images/ZM1973524_2021-08.tif
ZM1978764,,,v1.3.0,2.0,1.0,,28.7615,-15.4975,,0.8146125637755102,ZM,2021,3,train,3cl/v1-3/labels/ZM1978764_2021-08.tif,3cl/v1-3/images/ZM1978764_2021-08.tif
ZM1978781,,,v1.3.0,2.0,1.0,,28.8465,-15.4975,,0.3069595025510204,ZM,2021,3,train,3cl/v1-3/labels/ZM1978781_2021-08.tif,3cl/v1-3/images/ZM1978781_2021-08.tif
ZM1980300,,,v1.3.0,2.0,1.0,,28.0465,-15.5025,,0.1799864477040816,ZM,2021,3,train,3cl/v1-3/labels/ZM1980300_2021-08.tif,3cl/v1-3/images/ZM1980300_2021-08.tif
ZM1981314,,,v1.3.0,2.0,1.0,,24.7265,-15.5075,,0.1706991390306122,ZM,2021,3,train,3cl/v1-3/labels/ZM1981314_2021-08.tif,3cl/v1-3/images/ZM1981314_2021-08.tif
ZM1981921,,,v1.3.0,2.0,1.0,,27.7615,-15.5075,,0.0,ZM,2021,3,train,3cl/v1-3/labels/ZM1981921_2021-08.tif,3cl/v1-3/images/ZM1981921_2021-08.tif
ZM1987048,,,v1.3.0,2.0,1.0,,28.2365,-15.5225,,0.201969069,ZM,2021,3,train,3cl/v1-3/labels/ZM1987048_2021-08.tif,3cl/v1-3/images/ZM1987048_2021-08.tif
ZM1987654,,,v1.3.0,2.0,1.0,,22.8865,-15.5275,,0.0,ZM,2021,3,train,3cl/v1-3/labels/ZM1987654_2021-08.tif,3cl/v1-3/images/ZM1987654_2021-08.tif
ZM1989547,,,v1.3.0,2.0,1.0,,23.9715,-15.5325,,0.0,ZM,2021,3,train,3cl/v1-3/labels/ZM1989547_2021-08.tif,3cl/v1-3/images/ZM1989547_2021-08.tif
ZM1995423,,,v1.3.0,2.0,1.0,,28.2315,-15.5475,,0.0,ZM,2021,3,train,3cl/v1-3/labels/ZM1995423_2021-08.tif,3cl/v1-3/images/ZM1995423_2021-08.tif
ZM1998763,,,v1.3.0,2.0,1.0,,28.1915,-15.5575,,0.0,ZM,2021,3,train,3cl/v1-3/labels/ZM1998763_2021-08.tif,3cl/v1-3/images/ZM1998763_2021-08.tif
ZM1999388,,,v1.3.0,2.0,1.0,,22.9415,-15.5625,,0.0,ZM,2021,3,train,3cl/v1-3/labels/ZM1999388_2021-08.tif,3cl/v1-3/images/ZM1999388_2021-08.tif
ZM2001442,,,v1.3.0,2.0,1.0,,24.8315,-15.5675,,0.038026148,ZM,2021,3,train,3cl/v1-3/labels/ZM2001442_2021-08.tif,3cl/v1-3/images/ZM2001442_2021-08.tif
ZM2002771,,,v1.3.0,2.0,1.0,,23.0915,-15.5725,,0.0,ZM,2021,3,train,3cl/v1-3/labels/ZM2002771_2021-08.tif,3cl/v1-3/images/ZM2002771_2021-08.tif
ZM2004784,,,v1.3.0,2.0,1.0,,24.7615,-15.5775,,0.3580397,ZM,2021,3,train,3cl/v1-3/labels/ZM2004784_2021-08.tif,3cl/v1-3/images/ZM2004784_2021-08.tif
ZM2006138,,,v1.3.0,2.0,1.0,,23.1365,-15.5825,,0.055285395,ZM,2021,3,train,3cl/v1-3/labels/ZM2006138_2021-08.tif,3cl/v1-3/images/ZM2006138_2021-08.tif
ZM2007818,,,v1.3.0,2.0,1.0,,23.1365,-15.5875,,0.088149713,ZM,2021,3,train,3cl/v1-3/labels/ZM2007818_2021-08.tif,3cl/v1-3/images/ZM2007818_2021-08.tif
ZM2008764,,,v1.3.0,2.0,1.0,,27.8665,-15.5875,,0.0,ZM,2021,3,train,3cl/v1-3/labels/ZM2008764_2021-08.tif,3cl/v1-3/images/ZM2008764_2021-08.tif
ZM2009857,,,v1.3.0,2.0,1.0,,24.9265,-15.5925,,0.0,ZM,2021,3,train,3cl/v1-3/labels/ZM2009857_2021-08.tif,3cl/v1-3/images/ZM2009857_2021-08.tif
ZM2014683,,,v1.3.0,2.0,1.0,,23.8315,-15.6075,,0.046137596,ZM,2021,3,train,3cl/v1-3/labels/ZM2014683_2021-08.tif,3cl/v1-3/images/ZM2014683_2021-08.tif
ZM2015663,,,v1.3.0,2.0,1.0,,28.7315,-15.6075,,0.2394969706632653,ZM,2021,3,train,3cl/v1-3/labels/ZM2015663_2021-08.tif,3cl/v1-3/images/ZM2015663_2021-08.tif
ZM2021518,,,v1.3.0,2.0,1.0,,24.9615,-15.6275,,0.1821189413265306,ZM,2021,3,train,3cl/v1-3/labels/ZM2021518_2021-08.tif,3cl/v1-3/images/ZM2021518_2021-08.tif
ZM2030002,,,v1.3.0,2.0,1.0,,28.0865,-15.6525,,0.3753786670918367,ZM,2021,3,train,3cl/v1-3/labels/ZM2030002_2021-08.tif,3cl/v1-3/images/ZM2030002_2021-08.tif
ZM2034538,,,v1.3.0,2.0,1.0,,28.0665,-15.6675,,0.2622369260204081,ZM,2021,3,train,3cl/v1-3/labels/ZM2034538_2021-08.tif,3cl/v1-3/images/ZM2034538_2021-08.tif
ZM2035143,,,v1.3.0,2.0,1.0,,23.5715,-15.6725,,0.09763632,ZM,2021,3,train,3cl/v1-3/labels/ZM2035143_2021-08.tif,3cl/v1-3/images/ZM2035143_2021-08.tif
ZM2044135,,,v1.3.0,2.0,1.0,,23.7515,-15.7025,,0.053013393,ZM,2021,3,train,3cl/v1-3/labels/ZM2044135_2021-08.tif,3cl/v1-3/images/ZM2044135_2021-08.tif
ZM2044590,,,v1.3.0,2.0,1.0,,26.0265,-15.7025,,0.2503188775510204,ZM,2021,3,train,3cl/v1-3/labels/ZM2044590_2021-08.tif,3cl/v1-3/images/ZM2044590_2021-08.tif
ZM2047053,,,v1.3.0,2.0,1.0,,23.5565,-15.7125,,0.1199178890306122,ZM,2021,3,train,3cl/v1-3/labels/ZM2047053_2021-08.tif,3cl/v1-3/images/ZM2047053_2021-08.tif
ZM2052371,,,v1.3.0,2.0,1.0,,28.1215,-15.7275,,0.079819037,ZM,2021,3,train,3cl/v1-3/labels/ZM2052371_2021-08.tif,3cl/v1-3/images/ZM2052371_2021-08.tif
ZM2055239,,,v1.3.0,2.0,1.0,,27.8365,-15.7375,,0.0,ZM,2021,3,train,3cl/v1-3/labels/ZM2055239_2021-08.tif,3cl/v1-3/images/ZM2055239_2021-08.tif
ZM2055736,,,v1.3.0,2.0,1.0,,23.0265,-15.7425,,0.6960698341836735,ZM,2021,3,train,3cl/v1-3/labels/ZM2055736_2021-08.tif,3cl/v1-3/images/ZM2055736_2021-08.tif
ZM2065453,,,v1.3.0,2.0,1.0,,28.0715,-15.7725,,0.5226004464285714,ZM,2021,3,train,3cl/v1-3/labels/ZM2065453_2021-08.tif,3cl/v1-3/images/ZM2065453_2021-08.tif
ZM2069770,,,v1.3.0,2.0,1.0,,28.0415,-15.7875,,0.4401108099489796,ZM,2021,3,train,3cl/v1-3/labels/ZM2069770_2021-08.tif,3cl/v1-3/images/ZM2069770_2021-08.tif
ZM2073144,,,v1.3.0,2.0,1.0,,23.3465,-15.8025,,0.091856665,ZM,2021,3,train,3cl/v1-3/labels/ZM2073144_2021-08.tif,3cl/v1-3/images/ZM2073144_2021-08.tif
ZM2074598,,,v1.3.0,2.0,1.0,,23.4415,-15.8075,,0.1176458864795918,ZM,2021,3,train,3cl/v1-3/labels/ZM2074598_2021-08.tif,3cl/v1-3/images/ZM2074598_2021-08.tif
ZM2077020,,,v1.3.0,2.0,1.0,,28.3865,-15.8125,,0.0,ZM,2021,3,train,3cl/v1-3/labels/ZM2077020_2021-08.tif,3cl/v1-3/images/ZM2077020_2021-08.tif
ZM2078415,,,v1.3.0,2.0,1.0,,28.2065,-15.8175,,0.0,ZM,2021,3,train,3cl/v1-3/labels/ZM2078415_2021-08.tif,3cl/v1-3/images/ZM2078415_2021-08.tif
ZM2079709,,,v1.3.0,2.0,1.0,,27.5265,-15.8225,,0.019790338,ZM,2021,3,train,3cl/v1-3/labels/ZM2079709_2021-08.tif,3cl/v1-3/images/ZM2079709_2021-08.tif
ZM2079805,,,v1.3.0,2.0,1.0,,28.0065,-15.8225,,0.228156888,ZM,2021,3,train,3cl/v1-3/labels/ZM2079805_2021-08.tif,3cl/v1-3/images/ZM2079805_2021-08.tif
ZM2079880,,,v1.3.0,2.0,1.0,,28.3815,-15.8225,,0.0,ZM,2021,3,train,3cl/v1-3/labels/ZM2079880_2021-08.tif,3cl/v1-3/images/ZM2079880_2021-08.tif
ZM2083195,,,v1.3.0,2.0,1.0,,23.5515,-15.8375,,0.4250837053571428,ZM,2021,3,train,3cl/v1-3/labels/ZM2083195_2021-08.tif,3cl/v1-3/images/ZM2083195_2021-08.tif
ZM2086914,,,v1.3.0,2.0,1.0,,27.9065,-15.8475,,0.2030054209183673,ZM,2021,3,train,3cl/v1-3/labels/ZM2086914_2021-08.tif,3cl/v1-3/images/ZM2086914_2021-08.tif
ZM2093697,,,v1.3.0,2.0,1.0,,26.3515,-15.8725,,0.2518534757653061,ZM,2021,3,train,3cl/v1-3/labels/ZM2093697_2021-08.tif,3cl/v1-3/images/ZM2093697_2021-08.tif
ZM2093739,,,v1.3.0,2.0,1.0,,26.5615,-15.8725,,0.3140146683673469,ZM,2021,3,train,3cl/v1-3/labels/ZM2093739_2021-08.tif,3cl/v1-3/images/ZM2093739_2021-08.tif
ZM2095156,,,v1.3.0,2.0,1.0,,26.5765,-15.8775,,0.3670280612244898,ZM,2021,3,train,3cl/v1-3/labels/ZM2095156_2021-08.tif,3cl/v1-3/images/ZM2095156_2021-08.tif
ZM2096882,,,v1.3.0,2.0,1.0,,28.1415,-15.8825,,0.5931122448979592,ZM,2021,3,train,3cl/v1-3/labels/ZM2096882_2021-08.tif,3cl/v1-3/images/ZM2096882_2021-08.tif
ZM2096903,,,v1.3.0,2.0,1.0,,28.2465,-15.8825,,0.1768973214285714,ZM,2021,3,train,3cl/v1-3/labels/ZM2096903_2021-08.tif,3cl/v1-3/images/ZM2096903_2021-08.tif
ZM2097954,,,v1.3.0,2.0,1.0,,26.4415,-15.8875,,0.2588687818877551,ZM,2021,3,train,3cl/v1-3/labels/ZM2097954_2021-08.tif,3cl/v1-3/images/ZM2097954_2021-08.tif
ZM2103015,,,v1.3.0,2.0,1.0,,23.5515,-15.9075,,0.3324896364795918,ZM,2021,3,train,3cl/v1-3/labels/ZM2103015_2021-08.tif,3cl/v1-3/images/ZM2103015_2021-08.tif
ZM2103521,,,v1.3.0,2.0,1.0,,26.0815,-15.9075,,0.1799067283163265,ZM,2021,3,train,3cl/v1-3/labels/ZM2103521_2021-08.tif,3cl/v1-3/images/ZM2103521_2021-08.tif
ZM2103701,,,v1.3.0,2.0,1.0,,26.9815,-15.9075,,0.3525988520408163,ZM,2021,3,train,3cl/v1-3/labels/ZM2103701_2021-08.tif,3cl/v1-3/images/ZM2103701_2021-08.tif
ZM2104740,,,v1.3.0,2.0,1.0,,25.1365,-15.9125,,0.5085499043367347,ZM,2021,3,train,3cl/v1-3/labels/ZM2104740_2021-08.tif,3cl/v1-3/images/ZM2104740_2021-08.tif
ZM2115150,,,v1.3.0,2.0,1.0,,28.1315,-15.9475,,0.8581393494897959,ZM,2021,3,train,3cl/v1-3/labels/ZM2115150_2021-08.tif,3cl/v1-3/images/ZM2115150_2021-08.tif
ZM2124578,,,v1.3.0,2.0,1.0,,26.9615,-15.9825,,0.2769451530612244,ZM,2021,3,train,3cl/v1-3/labels/ZM2124578_2021-08.tif,3cl/v1-3/images/ZM2124578_2021-08.tif
ZM2127504,,,v1.3.0,2.0,1.0,,27.8165,-15.9925,,0.076251594,ZM,2021,3,train,3cl/v1-3/labels/ZM2127504_2021-08.tif,3cl/v1-3/images/ZM2127504_2021-08.tif
ZM2130315,,,v1.3.0,2.0,1.0,,28.1015,-16.0025,,0.302734375,ZM,2021,3,train,3cl/v1-3/labels/ZM2130315_2021-08.tif,3cl/v1-3/images/ZM2130315_2021-08.tif
ZM2137052,,,v1.3.0,2.0,1.0,,27.4115,-16.0275,,0.5729631696428571,ZM,2021,3,train,3cl/v1-3/labels/ZM2137052_2021-08.tif,3cl/v1-3/images/ZM2137052_2021-08.tif
ZM2141251,,,v1.3.0,2.0,1.0,,27.8265,-16.0425,,0.1711375956632653,ZM,2021,3,train,3cl/v1-3/labels/ZM2141251_2021-08.tif,3cl/v1-3/images/ZM2141251_2021-08.tif
ZM2142442,,,v1.3.0,2.0,1.0,,26.9315,-16.0475,,0.4316206951530612,ZM,2021,3,train,3cl/v1-3/labels/ZM2142442_2021-08.tif,3cl/v1-3/images/ZM2142442_2021-08.tif
ZM2143845,,,v1.3.0,2.0,1.0,,27.1015,-16.0525,,0.0,ZM,2021,3,train,3cl/v1-3/labels/ZM2143845_2021-08.tif,3cl/v1-3/images/ZM2143845_2021-08.tif
ZM2145006,,,v1.3.0,2.0,1.0,,26.0615,-16.0575,,0.9171316964285714,ZM,2021,3,train,3cl/v1-3/labels/ZM2145006_2021-08.tif,3cl/v1-3/images/ZM2145006_2021-08.tif
ZM2145208,,,v1.3.0,2.0,1.0,,27.0715,-16.0575,,0.0,ZM,2021,3,train,3cl/v1-3/labels/ZM2145208_2021-08.tif,3cl/v1-3/images/ZM2145208_2021-08.tif
ZM2145759,,,v1.3.0,2.0,1.0,,22.9815,-16.0625,,0.057756696,ZM,2021,3,train,3cl/v1-3/labels/ZM2145759_2021-08.tif,3cl/v1-3/images/ZM2145759_2021-08.tif
ZM2146791,,,v1.3.0,2.0,1.0,,28.1415,-16.0625,,0.5126355229591837,ZM,2021,3,train,3cl/v1-3/labels/ZM2146791_2021-08.tif,3cl/v1-3/images/ZM2146791_2021-08.tif
ZM2146858,,,v1.3.0,2.0,1.0,,28.4765,-16.0625,,0.0,ZM,2021,3,train,3cl/v1-3/labels/ZM2146858_2021-08.tif,3cl/v1-3/images/ZM2146858_2021-08.tif
ZM2149359,,,v1.3.0,2.0,1.0,,27.2865,-16.0725,,0.5242346938775511,ZM,2021,3,train,3cl/v1-3/labels/ZM2149359_2021-08.tif,3cl/v1-3/images/ZM2149359_2021-08.tif
ZM2149598,,,v1.3.0,2.0,1.0,,28.4815,-16.0725,,0.06377551,ZM,2021,3,train,3cl/v1-3/labels/ZM2149598_2021-08.tif,3cl/v1-3/images/ZM2149598_2021-08.tif
ZM2150519,,,v1.3.0,2.0,1.0,,26.2315,-16.0775,,0.2981305803571428,ZM,2021,3,train,3cl/v1-3/labels/ZM2150519_2021-08.tif,3cl/v1-3/images/ZM2150519_2021-08.tif
ZM2150572,,,v1.3.0,2.0,1.0,,26.4965,-16.0775,,0.8686025191326531,ZM,2021,3,train,3cl/v1-3/labels/ZM2150572_2021-08.tif,3cl/v1-3/images/ZM2150572_2021-08.tif
ZM2152018,,,v1.3.0,2.0,1.0,,26.8765,-16.0825,,0.021265147,ZM,2021,3,train,3cl/v1-3/labels/ZM2152018_2021-08.tif,3cl/v1-3/images/ZM2152018_2021-08.tif
ZM2153300,,,v1.3.0,2.0,1.0,,26.4365,-16.0875,,0.154555963,ZM,2021,3,train,3cl/v1-3/labels/ZM2153300_2021-08.tif,3cl/v1-3/images/ZM2153300_2021-08.tif
ZM2154598,,,v1.3.0,2.0,1.0,,26.0815,-16.0925,,0.0,ZM,2021,3,train,3cl/v1-3/labels/ZM2154598_2021-08.tif,3cl/v1-3/images/ZM2154598_2021-08.tif
ZM2154748,,,v1.3.0,2.0,1.0,,26.8315,-16.0925,,0.5758729272959183,ZM,2021,3,train,3cl/v1-3/labels/ZM2154748_2021-08.tif,3cl/v1-3/images/ZM2154748_2021-08.tif
ZM2158191,,,v1.3.0,2.0,1.0,,23.5115,-16.1075,,0.0,ZM,2021,3,train,3cl/v1-3/labels/ZM2158191_2021-08.tif,3cl/v1-3/images/ZM2158191_2021-08.tif
ZM2160294,,,v1.3.0,2.0,1.0,,27.1765,-16.1125,,0.2229950573979592,ZM,2021,3,train,3cl/v1-3/labels/ZM2160294_2021-08.tif,3cl/v1-3/images/ZM2160294_2021-08.tif
ZM2161618,,,v1.3.0,2.0,1.0,,26.9415,-16.1175,,0.4053132971938775,ZM,2021,3,train,3cl/v1-3/labels/ZM2161618_2021-08.tif,3cl/v1-3/images/ZM2161618_2021-08.tif
ZM2162274,,,v1.3.0,2.0,1.0,,23.3615,-16.1225,,0.3993941326530612,ZM,2021,3,train,3cl/v1-3/labels/ZM2162274_2021-08.tif,3cl/v1-3/images/ZM2162274_2021-08.tif
ZM2162424,,,v1.3.0,2.0,1.0,,24.1115,-16.1225,,0.049685108,ZM,2021,3,train,3cl/v1-3/labels/ZM2162424_2021-08.tif,3cl/v1-3/images/ZM2162424_2021-08.tif
ZM2164235,,,v1.3.0,2.0,1.0,,26.3065,-16.1275,,0.6350247130102041,ZM,2021,3,train,3cl/v1-3/labels/ZM2164235_2021-08.tif,3cl/v1-3/images/ZM2164235_2021-08.tif
ZM2165034,,,v1.3.0,2.0,1.0,,23.4415,-16.1325,,0.054906728,ZM,2021,3,train,3cl/v1-3/labels/ZM2165034_2021-08.tif,3cl/v1-3/images/ZM2165034_2021-08.tif
ZM2165654,,,v1.3.0,2.0,1.0,,26.5415,-16.1325,,0.9277742346938777,ZM,2021,3,train,3cl/v1-3/labels/ZM2165654_2021-08.tif,3cl/v1-3/images/ZM2165654_2021-08.tif
ZM2166031,,,v1.3.0,2.0,1.0,,28.4265,-16.1325,,0.1391900510204081,ZM,2021,3,train,3cl/v1-3/labels/ZM2166031_2021-08.tif,3cl/v1-3/images/ZM2166031_2021-08.tif
ZM2168392,,,v1.3.0,2.0,1.0,,26.5215,-16.1425,,0.921974649,ZM,2021,3,train,3cl/v1-3/labels/ZM2168392_2021-08.tif,3cl/v1-3/images/ZM2168392_2021-08.tif
ZM2170009,,,v1.3.0,2.0,1.0,,27.7565,-16.1475,,0.7334183673469388,ZM,2021,3,train,3cl/v1-3/labels/ZM2170009_2021-08.tif,3cl/v1-3/images/ZM2170009_2021-08.tif
ZM2174023,,,v1.3.0,2.0,1.0,,27.2915,-16.1625,,0.0,ZM,2021,3,train,3cl/v1-3/labels/ZM2174023_2021-08.tif,3cl/v1-3/images/ZM2174023_2021-08.tif
ZM2175528,,,v1.3.0,2.0,1.0,,27.9765,-16.1675,,0.1306202168367347,ZM,2021,3,train,3cl/v1-3/labels/ZM2175528_2021-08.tif,3cl/v1-3/images/ZM2175528_2021-08.tif
ZM2176930,,,v1.3.0,2.0,1.0,,28.1465,-16.1725,,0.905014349,ZM,2021,3,train,3cl/v1-3/labels/ZM2176930_2021-08.tif,3cl/v1-3/images/ZM2176930_2021-08.tif
ZM2179283,,,v1.3.0,2.0,1.0,,26.2315,-16.1825,,0.6526626275510204,ZM,2021,3,train,3cl/v1-3/labels/ZM2179283_2021-08.tif,3cl/v1-3/images/ZM2179283_2021-08.tif
ZM2179424,,,v1.3.0,2.0,1.0,,26.9365,-16.1825,,0.0,ZM,2021,3,train,3cl/v1-3/labels/ZM2179424_2021-08.tif,3cl/v1-3/images/ZM2179424_2021-08.tif
ZM2186263,,,v1.3.0,2.0,1.0,,26.9365,-16.2075,,0.8464006696428571,ZM,2021,3,train,3cl/v1-3/labels/ZM2186263_2021-08.tif,3cl/v1-3/images/ZM2186263_2021-08.tif
ZM2189189,,,v1.3.0,2.0,1.0,,27.9115,-16.2175,,0.099569515,ZM,2021,3,train,3cl/v1-3/labels/ZM2189189_2021-08.tif,3cl/v1-3/images/ZM2189189_2021-08.tif
ZM2190633,,,v1.3.0,2.0,1.0,,28.3115,-16.2225,,0.2739357461734694,ZM,2021,3,train,3cl/v1-3/labels/ZM2190633_2021-08.tif,3cl/v1-3/images/ZM2190633_2021-08.tif
ZM2193480,,,v1.3.0,2.0,1.0,,22.1165,-16.2375,,0.1218710140306122,ZM,2021,3,train,3cl/v1-3/labels/ZM2193480_2021-08.tif,3cl/v1-3/images/ZM2193480_2021-08.tif
ZM2194304,,,v1.3.0,2.0,1.0,,26.2365,-16.2375,,0.3417370854591837,ZM,2021,3,train,3cl/v1-3/labels/ZM2194304_2021-08.tif,3cl/v1-3/images/ZM2194304_2021-08.tif
ZM2194464,,,v1.3.0,2.0,1.0,,27.0365,-16.2375,,0.3560467155612244,ZM,2021,3,train,3cl/v1-3/labels/ZM2194464_2021-08.tif,3cl/v1-3/images/ZM2194464_2021-08.tif
ZM2194817,,,v1.3.0,2.0,1.0,,28.8015,-16.2375,,0.6873405612244898,ZM,2021,3,train,3cl/v1-3/labels/ZM2194817_2021-08.tif,3cl/v1-3/images/ZM2194817_2021-08.tif
ZM2196446,,,v1.3.0,2.0,1.0,,23.3465,-16.2475,,0.2894810267857143,ZM,2021,3,train,3cl/v1-3/labels/ZM2196446_2021-08.tif,3cl/v1-3/images/ZM2196446_2021-08.tif
ZM2198378,,,v1.3.0,2.0,1.0,,26.2015,-16.2525,,0.3172632334183674,ZM,2021,3,train,3cl/v1-3/labels/ZM2198378_2021-08.tif,3cl/v1-3/images/ZM2198378_2021-08.tif
ZM2200041,,,v1.3.0,2.0,1.0,,27.7115,-16.2575,,0.4613759566326531,ZM,2021,3,train,3cl/v1-3/labels/ZM2200041_2021-08.tif,3cl/v1-3/images/ZM2200041_2021-08.tif
ZM2201309,,,v1.3.0,2.0,1.0,,27.2515,-16.2625,,0.089385364,ZM,2021,3,train,3cl/v1-3/labels/ZM2201309_2021-08.tif,3cl/v1-3/images/ZM2201309_2021-08.tif
ZM2202042,,,v1.3.0,2.0,1.0,,24.1315,-16.2675,,0.1486367984693877,ZM,2021,3,train,3cl/v1-3/labels/ZM2202042_2021-08.tif,3cl/v1-3/images/ZM2202042_2021-08.tif
ZM2202572,,,v1.3.0,2.0,1.0,,26.7815,-16.2675,,0.7162388392857143,ZM,2021,3,train,3cl/v1-3/labels/ZM2202572_2021-08.tif,3cl/v1-3/images/ZM2202572_2021-08.tif
ZM2203924,,,v1.3.0,2.0,1.0,,26.7715,-16.2725,,0.9980867346938777,ZM,2021,3,train,3cl/v1-3/labels/ZM2203924_2021-08.tif,3cl/v1-3/images/ZM2203924_2021-08.tif
ZM2204061,,,v1.3.0,2.0,1.0,,27.4565,-16.2725,,0.423469388,ZM,2021,3,train,3cl/v1-3/labels/ZM2204061_2021-08.tif,3cl/v1-3/images/ZM2204061_2021-08.tif
ZM2204663,,,v1.3.0,2.0,1.0,,23.6965,-16.2775,,0.002331792,ZM,2021,3,train,3cl/v1-3/labels/ZM2204663_2021-08.tif,3cl/v1-3/images/ZM2204663_2021-08.tif
ZM2205165,,,v1.3.0,2.0,1.0,,26.2065,-16.2775,,0.3813376913265306,ZM,2021,3,train,3cl/v1-3/labels/ZM2205165_2021-08.tif,3cl/v1-3/images/ZM2205165_2021-08.tif
ZM2208257,,,v1.3.0,2.0,1.0,,28.1365,-16.2875,,0.048927774,ZM,2021,3,train,3cl/v1-3/labels/ZM2208257_2021-08.tif,3cl/v1-3/images/ZM2208257_2021-08.tif
ZM2208954,,,v1.3.0,2.0,1.0,,24.8615,-16.2925,,0.4647042410714285,ZM,2021,3,train,3cl/v1-3/labels/ZM2208954_2021-08.tif,3cl/v1-3/images/ZM2208954_2021-08.tif
ZM2209677,,,v1.3.0,2.0,1.0,,28.4765,-16.2925,,0.0,ZM,2021,3,train,3cl/v1-3/labels/ZM2209677_2021-08.tif,3cl/v1-3/images/ZM2209677_2021-08.tif
ZM2213507,,,v1.3.0,2.0,1.0,,27.3665,-16.3075,,0.5645328443877551,ZM,2021,3,train,3cl/v1-3/labels/ZM2213507_2021-08.tif,3cl/v1-3/images/ZM2213507_2021-08.tif
ZM2213793,,,v1.3.0,2.0,1.0,,28.7965,-16.3075,,0.1316167091836734,ZM,2021,3,train,3cl/v1-3/labels/ZM2213793_2021-08.tif,3cl/v1-3/images/ZM2213793_2021-08.tif
ZM2214195,,,v1.3.0,2.0,1.0,,24.0665,-16.3125,,0.1367984693877551,ZM,2021,3,train,3cl/v1-3/labels/ZM2214195_2021-08.tif,3cl/v1-3/images/ZM2214195_2021-08.tif
ZM2218783,,,v1.3.0,2.0,1.0,,26.8065,-16.3275,,0.5752351721938775,ZM,2021,3,train,3cl/v1-3/labels/ZM2218783_2021-08.tif,3cl/v1-3/images/ZM2218783_2021-08.tif
ZM2220044,,,v1.3.0,2.0,1.0,,26.3815,-16.3325,,0.5687380420918368,ZM,2021,3,train,3cl/v1-3/labels/ZM2220044_2021-08.tif,3cl/v1-3/images/ZM2220044_2021-08.tif
ZM2222940,,,v1.3.0,2.0,1.0,,27.3915,-16.3425,,0.1639030612244898,ZM,2021,3,train,3cl/v1-3/labels/ZM2222940_2021-08.tif,3cl/v1-3/images/ZM2222940_2021-08.tif
ZM2224030,,,v1.3.0,2.0,1.0,,26.1065,-16.3475,,0.0,ZM,2021,3,train,3cl/v1-3/labels/ZM2224030_2021-08.tif,3cl/v1-3/images/ZM2224030_2021-08.tif
ZM2224323,,,v1.3.0,2.0,1.0,,27.5715,-16.3475,,0.2694116709183674,ZM,2021,3,train,3cl/v1-3/labels/ZM2224323_2021-08.tif,3cl/v1-3/images/ZM2224323_2021-08.tif
ZM2226876,,,v1.3.0,2.0,1.0,,26.8765,-16.3575,,0.1811224489795918,ZM,2021,3,train,3cl/v1-3/labels/ZM2226876_2021-08.tif,3cl/v1-3/images/ZM2226876_2021-08.tif
ZM2228130,,,v1.3.0,2.0,1.0,,26.4215,-16.3625,,0.5746970663265306,ZM,2021,3,train,3cl/v1-3/labels/ZM2228130_2021-08.tif,3cl/v1-3/images/ZM2228130_2021-08.tif
ZM2232902,,,v1.3.0,2.0,1.0,,23.3815,-16.3825,,0.1468032525510204,ZM,2021,3,train,3cl/v1-3/labels/ZM2232902_2021-08.tif,3cl/v1-3/images/ZM2232902_2021-08.tif
ZM2233702,,,v1.3.0,2.0,1.0,,27.3815,-16.3825,,0.5149473852040817,ZM,2021,3,train,3cl/v1-3/labels/ZM2233702_2021-08.tif,3cl/v1-3/images/ZM2233702_2021-08.tif
ZM2234868,,,v1.3.0,2.0,1.0,,26.4865,-16.3875,,0.2022281568877551,ZM,2021,3,train,3cl/v1-3/labels/ZM2234868_2021-08.tif,3cl/v1-3/images/ZM2234868_2021-08.tif
ZM2236241,,,v1.3.0,2.0,1.0,,26.6365,-16.3925,,0.9232103,ZM,2021,3,train,3cl/v1-3/labels/ZM2236241_2021-08.tif,3cl/v1-3/images/ZM2236241_2021-08.tif
ZM2237248,,,v1.3.0,2.0,1.0,,24.9565,-16.3975,,0.2552614795918367,ZM,2021,3,train,3cl/v1-3/labels/ZM2237248_2021-08.tif,3cl/v1-3/images/ZM2237248_2021-08.tif
ZM2239044,,,v1.3.0,2.0,1.0,,27.2215,-16.4025,,0.4808274872448979,ZM,2021,3,train,3cl/v1-3/labels/ZM2239044_2021-08.tif,3cl/v1-3/images/ZM2239044_2021-08.tif
ZM2239117,,,v1.3.0,2.0,1.0,,27.5865,-16.4025,,0.6065051020408163,ZM,2021,3,train,3cl/v1-3/labels/ZM2239117_2021-08.tif,3cl/v1-3/images/ZM2239117_2021-08.tif
ZM2239514,,,v1.3.0,2.0,1.0,,22.8565,-16.4075,,0.036112883,ZM,2021,3,train,3cl/v1-3/labels/ZM2239514_2021-08.tif,3cl/v1-3/images/ZM2239514_2021-08.tif
ZM2240957,,,v1.3.0,2.0,1.0,,23.3565,-16.4125,,0.4513911033163265,ZM,2021,3,train,3cl/v1-3/labels/ZM2240957_2021-08.tif,3cl/v1-3/images/ZM2240957_2021-08.tif
ZM2241601,,,v1.3.0,2.0,1.0,,26.5765,-16.4125,,0.5663265306122449,ZM,2021,3,train,3cl/v1-3/labels/ZM2241601_2021-08.tif,3cl/v1-3/images/ZM2241601_2021-08.tif
ZM2241806,,,v1.3.0,2.0,1.0,,27.6015,-16.4125,,0.4501155931122449,ZM,2021,3,train,3cl/v1-3/labels/ZM2241806_2021-08.tif,3cl/v1-3/images/ZM2241806_2021-08.tif
ZM2244427,,,v1.3.0,2.0,1.0,,27.2965,-16.4225,,0.2676977040816326,ZM,2021,3,train,3cl/v1-3/labels/ZM2244427_2021-08.tif,3cl/v1-3/images/ZM2244427_2021-08.tif
ZM2247175,,,v1.3.0,2.0,1.0,,27.6415,-16.4325,,0.090939892,ZM,2021,3,train,3cl/v1-3/labels/ZM2247175_2021-08.tif,3cl/v1-3/images/ZM2247175_2021-08.tif
ZM2247204,,,v1.3.0,2.0,1.0,,27.7865,-16.4325,,0.3428531568877551,ZM,2021,3,train,3cl/v1-3/labels/ZM2247204_2021-08.tif,3cl/v1-3/images/ZM2247204_2021-08.tif
ZM2248308,,,v1.3.0,2.0,1.0,,26.6165,-16.4375,,0.3014987244897959,ZM,2021,3,train,3cl/v1-3/labels/ZM2248308_2021-08.tif,3cl/v1-3/images/ZM2248308_2021-08.tif
ZM2256023,,,v1.3.0,2.0,1.0,,25.0615,-16.4675,,0.0,ZM,2021,3,train,3cl/v1-3/labels/ZM2256023_2021-08.tif,3cl/v1-3/images/ZM2256023_2021-08.tif
ZM2257731,,,v1.3.0,2.0,1.0,,26.9165,-16.4725,,0.063217474,ZM,2021,3,train,3cl/v1-3/labels/ZM2257731_2021-08.tif,3cl/v1-3/images/ZM2257731_2021-08.tif
ZM2261757,,,v1.3.0,2.0,1.0,,26.9965,-16.4875,,0.6628667091836735,ZM,2021,3,train,3cl/v1-3/labels/ZM2261757_2021-08.tif,3cl/v1-3/images/ZM2261757_2021-08.tif
ZM2262048,,,v1.3.0,2.0,1.0,,28.4515,-16.4875,,0.0,ZM,2021,3,train,3cl/v1-3/labels/ZM2262048_2021-08.tif,3cl/v1-3/images/ZM2262048_2021-08.tif
ZM2262935,,,v1.3.0,2.0,1.0,,26.2015,-16.4925,,0.277523119,ZM,2021,3,train,3cl/v1-3/labels/ZM2262935_2021-08.tif,3cl/v1-3/images/ZM2262935_2021-08.tif
ZM2263081,,,v1.3.0,2.0,1.0,,26.9315,-16.4925,,0.0,ZM,2021,3,train,3cl/v1-3/labels/ZM2263081_2021-08.tif,3cl/v1-3/images/ZM2263081_2021-08.tif
ZM2263219,,,v1.3.0,2.0,1.0,,27.6215,-16.4925,,0.2247488839285714,ZM,2021,3,train,3cl/v1-3/labels/ZM2263219_2021-08.tif,3cl/v1-3/images/ZM2263219_2021-08.tif
ZM2268258,,,v1.3.0,2.0,1.0,,26.1865,-16.5125,,0.7215800382653061,ZM,2021,3,train,3cl/v1-3/labels/ZM2268258_2021-08.tif,3cl/v1-3/images/ZM2268258_2021-08.tif
ZM2271878,,,v1.3.0,2.0,1.0,,24.4665,-16.5275,,0.3537747130102041,ZM,2021,3,train,3cl/v1-3/labels/ZM2271878_2021-08.tif,3cl/v1-3/images/ZM2271878_2021-08.tif
ZM2272258,,,v1.3.0,2.0,1.0,,26.3665,-16.5275,,0.6381536989795918,ZM,2021,3,train,3cl/v1-3/labels/ZM2272258_2021-08.tif,3cl/v1-3/images/ZM2272258_2021-08.tif
ZM2272991,,,v1.3.0,2.0,1.0,,23.4415,-16.5325,,0.3003029336734694,ZM,2021,3,train,3cl/v1-3/labels/ZM2272991_2021-08.tif,3cl/v1-3/images/ZM2272991_2021-08.tif
ZM2275101,,,v1.3.0,2.0,1.0,,27.4215,-16.5375,,0.5266661352040817,ZM,2021,3,train,3cl/v1-3/labels/ZM2275101_2021-08.tif,3cl/v1-3/images/ZM2275101_2021-08.tif
ZM2276436,,,v1.3.0,2.0,1.0,,27.5365,-16.5425,,0.388671875,ZM,2021,3,train,3cl/v1-3/labels/ZM2276436_2021-08.tif,3cl/v1-3/images/ZM2276436_2021-08.tif
ZM2276493,,,v1.3.0,2.0,1.0,,27.8215,-16.5425,,0.0,ZM,2021,3,train,3cl/v1-3/labels/ZM2276493_2021-08.tif,3cl/v1-3/images/ZM2276493_2021-08.tif
ZM2276558,,,v1.3.0,2.0,1.0,,28.1465,-16.5425,,0.120735013,ZM,2021,3,train,3cl/v1-3/labels/ZM2276558_2021-08.tif,3cl/v1-3/images/ZM2276558_2021-08.tif
ZM2277924,,,v1.3.0,2.0,1.0,,28.4215,-16.5475,,0.265445631,ZM,2021,3,train,3cl/v1-3/labels/ZM2277924_2021-08.tif,3cl/v1-3/images/ZM2277924_2021-08.tif
ZM2277925,,,v1.3.0,2.0,1.0,,28.4265,-16.5475,,0.4418247767857143,ZM,2021,3,train,3cl/v1-3/labels/ZM2277925_2021-08.tif,3cl/v1-3/images/ZM2277925_2021-08.tif
ZM2278851,,,v1.3.0,2.0,1.0,,26.5165,-16.5525,,0.086953922,ZM,2021,3,train,3cl/v1-3/labels/ZM2278851_2021-08.tif,3cl/v1-3/images/ZM2278851_2021-08.tif
ZM2278949,,,v1.3.0,2.0,1.0,,27.0065,-16.5525,,0.0,ZM,2021,3,train,3cl/v1-3/labels/ZM2278949_2021-08.tif,3cl/v1-3/images/ZM2278949_2021-08.tif
ZM2280219,,,v1.3.0,2.0,1.0,,26.8315,-16.5575,,0.4637874681122449,ZM,2021,3,train,3cl/v1-3/labels/ZM2280219_2021-08.tif,3cl/v1-3/images/ZM2280219_2021-08.tif
ZM2280417,,,v1.3.0,2.0,1.0,,27.8215,-16.5575,,0.1406847895408163,ZM,2021,3,train,3cl/v1-3/labels/ZM2280417_2021-08.tif,3cl/v1-3/images/ZM2280417_2021-08.tif
ZM2283696,,,v1.3.0,2.0,1.0,,24.8365,-16.5725,,0.4954759247448979,ZM,2021,3,train,3cl/v1-3/labels/ZM2283696_2021-08.tif,3cl/v1-3/images/ZM2283696_2021-08.tif
ZM2285264,,,v1.3.0,2.0,1.0,,26.2715,-16.5775,,0.5944874043367347,ZM,2021,3,train,3cl/v1-3/labels/ZM2285264_2021-08.tif,3cl/v1-3/images/ZM2285264_2021-08.tif
ZM2286885,,,v1.3.0,2.0,1.0,,28.0065,-16.5825,,0.2025271045918367,ZM,2021,3,train,3cl/v1-3/labels/ZM2286885_2021-08.tif,3cl/v1-3/images/ZM2286885_2021-08.tif
ZM2291646,,,v1.3.0,2.0,1.0,,26.5265,-16.6025,,0.3185786033163265,ZM,2021,3,train,3cl/v1-3/labels/ZM2291646_2021-08.tif,3cl/v1-3/images/ZM2291646_2021-08.tif
ZM2291709,,,v1.3.0,2.0,1.0,,26.8415,-16.6025,,0.1507493622448979,ZM,2021,3,train,3cl/v1-3/labels/ZM2291709_2021-08.tif,3cl/v1-3/images/ZM2291709_2021-08.tif
ZM2291714,,,v1.3.0,2.0,1.0,,26.8665,-16.6025,,0.1238241390306122,ZM,2021,3,train,3cl/v1-3/labels/ZM2291714_2021-08.tif,3cl/v1-3/images/ZM2291714_2021-08.tif
ZM2292091,,,v1.3.0,2.0,1.0,,22.4665,-16.6075,,0.1354432397959183,ZM,2021,3,train,3cl/v1-3/labels/ZM2292091_2021-08.tif,3cl/v1-3/images/ZM2292091_2021-08.tif
ZM2292945,,,v1.3.0,2.0,1.0,,26.7365,-16.6075,,0.9577088647959184,ZM,2021,3,train,3cl/v1-3/labels/ZM2292945_2021-08.tif,3cl/v1-3/images/ZM2292945_2021-08.tif
ZM2293345,,,v1.3.0,2.0,1.0,,22.4665,-16.6125,,0.2903977997448979,ZM,2021,3,train,3cl/v1-3/labels/ZM2293345_2021-08.tif,3cl/v1-3/images/ZM2293345_2021-08.tif
ZM2293346,,,v1.3.0,2.0,1.0,,22.4715,-16.6125,,0.2816485969387755,ZM,2021,3,train,3cl/v1-3/labels/ZM2293346_2021-08.tif,3cl/v1-3/images/ZM2293346_2021-08.tif
ZM2293347,,,v1.3.0,2.0,1.0,,22.4765,-16.6125,,0.4370017538265306,ZM,2021,3,train,3cl/v1-3/labels/ZM2293347_2021-08.tif,3cl/v1-3/images/ZM2293347_2021-08.tif
ZM2294182,,,v1.3.0,2.0,1.0,,26.6515,-16.6125,,0.6492147640306123,ZM,2021,3,train,3cl/v1-3/labels/ZM2294182_2021-08.tif,3cl/v1-3/images/ZM2294182_2021-08.tif
ZM2294240,,,v1.3.0,2.0,1.0,,26.9415,-16.6125,,0.0,ZM,2021,3,train,3cl/v1-3/labels/ZM2294240_2021-08.tif,3cl/v1-3/images/ZM2294240_2021-08.tif
ZM2294594,,,v1.3.0,2.0,1.0,,22.4565,-16.6175,,0.1648995535714285,ZM,2021,3,train,3cl/v1-3/labels/ZM2294594_2021-08.tif,3cl/v1-3/images/ZM2294594_2021-08.tif
ZM2295377,,,v1.3.0,2.0,1.0,,26.3715,-16.6175,,0.3521603954081632,ZM,2021,3,train,3cl/v1-3/labels/ZM2295377_2021-08.tif,3cl/v1-3/images/ZM2295377_2021-08.tif
ZM2296276,,,v1.3.0,2.0,1.0,,24.6315,-16.6225,,0.0,ZM,2021,3,train,3cl/v1-3/labels/ZM2296276_2021-08.tif,3cl/v1-3/images/ZM2296276_2021-08.tif
ZM2296796,,,v1.3.0,2.0,1.0,,27.2315,-16.6225,,0.060247927,ZM,2021,3,train,3cl/v1-3/labels/ZM2296796_2021-08.tif,3cl/v1-3/images/ZM2296796_2021-08.tif
ZM2297091,,,v1.3.0,2.0,1.0,,22.4865,-16.6275,,0.1999362244897959,ZM,2021,3,train,3cl/v1-3/labels/ZM2297091_2021-08.tif,3cl/v1-3/images/ZM2297091_2021-08.tif
ZM2300582,,,v1.3.0,2.0,1.0,,27.5865,-16.6375,,0.2566366390306122,ZM,2021,3,train,3cl/v1-3/labels/ZM2300582_2021-08.tif,3cl/v1-3/images/ZM2300582_2021-08.tif
ZM2303065,,,v1.3.0,2.0,1.0,,27.7215,-16.6475,,0.3420958227040816,ZM,2021,3,train,3cl/v1-3/labels/ZM2303065_2021-08.tif,3cl/v1-3/images/ZM2303065_2021-08.tif
ZM2309230,,,v1.3.0,2.0,1.0,,28.1215,-16.6725,,0.2102399553571428,ZM,2021,3,train,3cl/v1-3/labels/ZM2309230_2021-08.tif,3cl/v1-3/images/ZM2309230_2021-08.tif
ZM2310153,,,v1.3.0,2.0,1.0,,26.7015,-16.6775,,0.9025031887755102,ZM,2021,3,train,3cl/v1-3/labels/ZM2310153_2021-08.tif,3cl/v1-3/images/ZM2310153_2021-08.tif
ZM2310411,,,v1.3.0,2.0,1.0,,27.9915,-16.6775,,0.3194754464285714,ZM,2021,3,train,3cl/v1-3/labels/ZM2310411_2021-08.tif,3cl/v1-3/images/ZM2310411_2021-08.tif
ZM2311346,,,v1.3.0,2.0,1.0,,26.6515,-16.6825,,0.3490513392857143,ZM,2021,3,train,3cl/v1-3/labels/ZM2311346_2021-08.tif,3cl/v1-3/images/ZM2311346_2021-08.tif
ZM2311376,,,v1.3.0,2.0,1.0,,26.8015,-16.6825,,0.2472496811224489,ZM,2021,3,train,3cl/v1-3/labels/ZM2311376_2021-08.tif,3cl/v1-3/images/ZM2311376_2021-08.tif
ZM2311503,,,v1.3.0,2.0,1.0,,27.4365,-16.6825,,0.3637595663265306,ZM,2021,3,train,3cl/v1-3/labels/ZM2311503_2021-08.tif,3cl/v1-3/images/ZM2311503_2021-08.tif
ZM2313622,,,v1.3.0,2.0,1.0,,26.0515,-16.6925,,0.4992625956632653,ZM,2021,3,train,3cl/v1-3/labels/ZM2313622_2021-08.tif,3cl/v1-3/images/ZM2313622_2021-08.tif
ZM2314024,,,v1.3.0,2.0,1.0,,28.0615,-16.6925,,0.1466836734693877,ZM,2021,3,train,3cl/v1-3/labels/ZM2314024_2021-08.tif,3cl/v1-3/images/ZM2314024_2021-08.tif
ZM2314856,,,v1.3.0,2.0,1.0,,26.2515,-16.6975,,0.683235013,ZM,2021,3,train,3cl/v1-3/labels/ZM2314856_2021-08.tif,3cl/v1-3/images/ZM2314856_2021-08.tif
ZM2315323,,,v1.3.0,2.0,1.0,,22.6265,-16.7025,,0.0,ZM,2021,3,train,3cl/v1-3/labels/ZM2315323_2021-08.tif,3cl/v1-3/images/ZM2315323_2021-08.tif
ZM2315543,,,v1.3.0,2.0,1.0,,23.7265,-16.7025,,0.0,ZM,2021,3,train,3cl/v1-3/labels/ZM2315543_2021-08.tif,3cl/v1-3/images/ZM2315543_2021-08.tif
ZM2316084,,,v1.3.0,2.0,1.0,,26.4315,-16.7025,,0.8972018494897959,ZM,2021,3,train,3cl/v1-3/labels/ZM2316084_2021-08.tif,3cl/v1-3/images/ZM2316084_2021-08.tif
ZM2317678,,,v1.3.0,2.0,1.0,,22.5565,-16.7125,,0.0,ZM,2021,3,train,3cl/v1-3/labels/ZM2317678_2021-08.tif,3cl/v1-3/images/ZM2317678_2021-08.tif
ZM2319345,,,v1.3.0,2.0,1.0,,25.0015,-16.7175,,0.048828125,ZM,2021,3,train,3cl/v1-3/labels/ZM2319345_2021-08.tif,3cl/v1-3/images/ZM2319345_2021-08.tif
ZM2319594,,,v1.3.0,2.0,1.0,,26.2465,-16.7175,,0.537468112,ZM,2021,3,train,3cl/v1-3/labels/ZM2319594_2021-08.tif,3cl/v1-3/images/ZM2319594_2021-08.tif
ZM2319768,,,v1.3.0,2.0,1.0,,27.1165,-16.7175,,0.0,ZM,2021,3,train,3cl/v1-3/labels/ZM2319768_2021-08.tif,3cl/v1-3/images/ZM2319768_2021-08.tif
ZM2321903,,,v1.3.0,2.0,1.0,,26.0515,-16.7275,,0.089186065,ZM,2021,3,train,3cl/v1-3/labels/ZM2321903_2021-08.tif,3cl/v1-3/images/ZM2321903_2021-08.tif
ZM2325554,,,v1.3.0,2.0,1.0,,26.7815,-16.7425,,0.3245575573979591,ZM,2021,3,train,3cl/v1-3/labels/ZM2325554_2021-08.tif,3cl/v1-3/images/ZM2325554_2021-08.tif
ZM2327894,,,v1.3.0,2.0,1.0,,26.8565,-16.7525,,0.8011001275510204,ZM,2021,3,train,3cl/v1-3/labels/ZM2327894_2021-08.tif,3cl/v1-3/images/ZM2327894_2021-08.tif
ZM2330293,,,v1.3.0,2.0,1.0,,27.2715,-16.7625,,0.078922194,ZM,2021,3,train,3cl/v1-3/labels/ZM2330293_2021-08.tif,3cl/v1-3/images/ZM2330293_2021-08.tif
ZM2333602,,,v1.3.0,2.0,1.0,,26.5165,-16.7775,,0.6398875956632653,ZM,2021,3,train,3cl/v1-3/labels/ZM2333602_2021-08.tif,3cl/v1-3/images/ZM2333602_2021-08.tif
ZM2333783,,,v1.3.0,2.0,1.0,,27.4215,-16.7775,,0.3196747448979591,ZM,2021,3,train,3cl/v1-3/labels/ZM2333783_2021-08.tif,3cl/v1-3/images/ZM2333783_2021-08.tif
ZM2334429,,,v1.3.0,2.0,1.0,,24.9065,-16.7825,,0.3358976403061224,ZM,2021,3,train,3cl/v1-3/labels/ZM2334429_2021-08.tif,3cl/v1-3/images/ZM2334429_2021-08.tif
ZM2334773,,,v1.3.0,2.0,1.0,,26.6265,-16.7825,,0.068738042,ZM,2021,3,train,3cl/v1-3/labels/ZM2334773_2021-08.tif,3cl/v1-3/images/ZM2334773_2021-08.tif
ZM2334995,,,v1.3.0,2.0,1.0,,27.7365,-16.7825,,0.2103794642857142,ZM,2021,3,train,3cl/v1-3/labels/ZM2334995_2021-08.tif,3cl/v1-3/images/ZM2334995_2021-08.tif
ZM2335813,,,v1.3.0,2.0,1.0,,26.0915,-16.7875,,0.575813138,ZM,2021,3,train,3cl/v1-3/labels/ZM2335813_2021-08.tif,3cl/v1-3/images/ZM2335813_2021-08.tif
ZM2336045,,,v1.3.0,2.0,1.0,,27.2515,-16.7875,,0.028061224,ZM,2021,3,train,3cl/v1-3/labels/ZM2336045_2021-08.tif,3cl/v1-3/images/ZM2336045_2021-08.tif
ZM2338140,,,v1.3.0,2.0,1.0,,26.2965,-16.7975,,0.1251793686224489,ZM,2021,3,train,3cl/v1-3/labels/ZM2338140_2021-08.tif,3cl/v1-3/images/ZM2338140_2021-08.tif
ZM2340066,,,v1.3.0,2.0,1.0,,24.5465,-16.8075,,0.4762236926020408,ZM,2021,3,train,3cl/v1-3/labels/ZM2340066_2021-08.tif,3cl/v1-3/images/ZM2340066_2021-08.tif
ZM2342850,,,v1.3.0,2.0,1.0,,27.1415,-16.8175,,0.2832429846938775,ZM,2021,3,train,3cl/v1-3/labels/ZM2342850_2021-08.tif,3cl/v1-3/images/ZM2342850_2021-08.tif
ZM2343810,,,v1.3.0,2.0,1.0,,26.2965,-16.8225,,0.7857940051020408,ZM,2021,3,train,3cl/v1-3/labels/ZM2343810_2021-08.tif,3cl/v1-3/images/ZM2343810_2021-08.tif
ZM2348279,,,v1.3.0,2.0,1.0,,26.1615,-16.8425,,0.4395727040816326,ZM,2021,3,train,3cl/v1-3/labels/ZM2348279_2021-08.tif,3cl/v1-3/images/ZM2348279_2021-08.tif
ZM2348316,,,v1.3.0,2.0,1.0,,26.3465,-16.8425,,0.3344626913265306,ZM,2021,3,train,3cl/v1-3/labels/ZM2348316_2021-08.tif,3cl/v1-3/images/ZM2348316_2021-08.tif
ZM2348444,,,v1.3.0,2.0,1.0,,26.9865,-16.8425,,0.0,ZM,2021,3,train,3cl/v1-3/labels/ZM2348444_2021-08.tif,3cl/v1-3/images/ZM2348444_2021-08.tif
ZM2350549,,,v1.3.0,2.0,1.0,,26.3615,-16.8525,,0.3296197385204081,ZM,2021,3,train,3cl/v1-3/labels/ZM2350549_2021-08.tif,3cl/v1-3/images/ZM2350549_2021-08.tif
ZM2350602,,,v1.3.0,2.0,1.0,,26.6265,-16.8525,,0.4738321109693877,ZM,2021,3,train,3cl/v1-3/labels/ZM2350602_2021-08.tif,3cl/v1-3/images/ZM2350602_2021-08.tif
ZM2350657,,,v1.3.0,2.0,1.0,,26.9015,-16.8525,,0.2918526785714285,ZM,2021,3,train,3cl/v1-3/labels/ZM2350657_2021-08.tif,3cl/v1-3/images/ZM2350657_2021-08.tif
ZM2353569,,,v1.3.0,2.0,1.0,,24.8465,-16.8675,,0.1512276785714285,ZM,2021,3,train,3cl/v1-3/labels/ZM2353569_2021-08.tif,3cl/v1-3/images/ZM2353569_2021-08.tif
ZM2354019,,,v1.3.0,2.0,1.0,,27.0965,-16.8675,,0.2663424744897959,ZM,2021,3,train,3cl/v1-3/labels/ZM2354019_2021-08.tif,3cl/v1-3/images/ZM2354019_2021-08.tif
ZM2354934,,,v1.3.0,2.0,1.0,,26.1665,-16.8725,,0.2305683992346938,ZM,2021,3,train,3cl/v1-3/labels/ZM2354934_2021-08.tif,3cl/v1-3/images/ZM2354934_2021-08.tif
ZM2354982,,,v1.3.0,2.0,1.0,,26.4065,-16.8725,,0.023596939,ZM,2021,3,train,3cl/v1-3/labels/ZM2354982_2021-08.tif,3cl/v1-3/images/ZM2354982_2021-08.tif
ZM2355809,,,v1.3.0,2.0,1.0,,25.0565,-16.8775,,0.1201570471938775,ZM,2021,3,train,3cl/v1-3/labels/ZM2355809_2021-08.tif,3cl/v1-3/images/ZM2355809_2021-08.tif
ZM2356246,,,v1.3.0,2.0,1.0,,27.2415,-16.8775,,0.6011838329081632,ZM,2021,3,train,3cl/v1-3/labels/ZM2356246_2021-08.tif,3cl/v1-3/images/ZM2356246_2021-08.tif
ZM2357578,,,v1.3.0,2.0,1.0,,22.9915,-16.8875,,0.1749840561224489,ZM,2021,3,train,3cl/v1-3/labels/ZM2357578_2021-08.tif,3cl/v1-3/images/ZM2357578_2021-08.tif
ZM2357581,,,v1.3.0,2.0,1.0,,23.0065,-16.8875,,0.049864477,ZM,2021,3,train,3cl/v1-3/labels/ZM2357581_2021-08.tif,3cl/v1-3/images/ZM2357581_2021-08.tif
ZM2357582,,,v1.3.0,2.0,1.0,,23.0115,-16.8875,,0.064473055,ZM,2021,3,train,3cl/v1-3/labels/ZM2357582_2021-08.tif,3cl/v1-3/images/ZM2357582_2021-08.tif
ZM2358665,,,v1.3.0,2.0,1.0,,22.9965,-16.8925,,0.3534159757653061,ZM,2021,3,train,3cl/v1-3/labels/ZM2358665_2021-08.tif,3cl/v1-3/images/ZM2358665_2021-08.tif
ZM2359746,,,v1.3.0,2.0,1.0,,22.9915,-16.8975,,0.1279695471938775,ZM,2021,3,train,3cl/v1-3/labels/ZM2359746_2021-08.tif,3cl/v1-3/images/ZM2359746_2021-08.tif
ZM2359747,,,v1.3.0,2.0,1.0,,22.9965,-16.8975,,0.1223692602040816,ZM,2021,3,train,3cl/v1-3/labels/ZM2359747_2021-08.tif,3cl/v1-3/images/ZM2359747_2021-08.tif
ZM2360346,,,v1.3.0,2.0,1.0,,25.9915,-16.8975,,0.1228077168367346,ZM,2021,3,train,3cl/v1-3/labels/ZM2360346_2021-08.tif,3cl/v1-3/images/ZM2360346_2021-08.tif
ZM2360452,,,v1.3.0,2.0,1.0,,26.5215,-16.8975,,0.5740393813775511,ZM,2021,3,train,3cl/v1-3/labels/ZM2360452_2021-08.tif,3cl/v1-3/images/ZM2360452_2021-08.tif
ZM2360563,,,v1.3.0,2.0,1.0,,27.0765,-16.8975,,0.7590880102040817,ZM,2021,3,train,3cl/v1-3/labels/ZM2360563_2021-08.tif,3cl/v1-3/images/ZM2360563_2021-08.tif
ZM2360597,,,v1.3.0,2.0,1.0,,27.2465,-16.8975,,0.2462731186224489,ZM,2021,3,train,3cl/v1-3/labels/ZM2360597_2021-08.tif,3cl/v1-3/images/ZM2360597_2021-08.tif
ZM2360823,,,v1.3.0,2.0,1.0,,22.9865,-16.9025,,0.1675302933673469,ZM,2021,3,train,3cl/v1-3/labels/ZM2360823_2021-08.tif,3cl/v1-3/images/ZM2360823_2021-08.tif
ZM2360824,,,v1.3.0,2.0,1.0,,22.9915,-16.9025,,0.1472616390306122,ZM,2021,3,train,3cl/v1-3/labels/ZM2360824_2021-08.tif,3cl/v1-3/images/ZM2360824_2021-08.tif
ZM2361560,,,v1.3.0,2.0,1.0,,26.6715,-16.9025,,0.2727399553571428,ZM,2021,3,train,3cl/v1-3/labels/ZM2361560_2021-08.tif,3cl/v1-3/images/ZM2361560_2021-08.tif
ZM2361639,,,v1.3.0,2.0,1.0,,27.0665,-16.9025,,0.117984694,ZM,2021,3,train,3cl/v1-3/labels/ZM2361639_2021-08.tif,3cl/v1-3/images/ZM2361639_2021-08.tif
ZM2363689,,,v1.3.0,2.0,1.0,,26.5815,-16.9125,,0.228954082,ZM,2021,3,train,3cl/v1-3/labels/ZM2363689_2021-08.tif,3cl/v1-3/images/ZM2363689_2021-08.tif
ZM2363784,,,v1.3.0,2.0,1.0,,27.0565,-16.9125,,0.00125558,ZM,2021,3,train,3cl/v1-3/labels/ZM2363784_2021-08.tif,3cl/v1-3/images/ZM2363784_2021-08.tif
ZM2364582,,,v1.3.0,2.0,1.0,,25.7015,-16.9175,,0.0,ZM,2021,3,train,3cl/v1-3/labels/ZM2364582_2021-08.tif,3cl/v1-3/images/ZM2364582_2021-08.tif
ZM2364625,,,v1.3.0,2.0,1.0,,25.9165,-16.9175,,0.0,ZM,2021,3,train,3cl/v1-3/labels/ZM2364625_2021-08.tif,3cl/v1-3/images/ZM2364625_2021-08.tif
ZM2368588,,,v1.3.0,2.0,1.0,,24.5015,-16.9375,,0.05725845,ZM,2021,3,train,3cl/v1-3/labels/ZM2368588_2021-08.tif,3cl/v1-3/images/ZM2368588_2021-08.tif
ZM2368939,,,v1.3.0,2.0,1.0,,26.2565,-16.9375,,0.0,ZM,2021,3,train,3cl/v1-3/labels/ZM2368939_2021-08.tif,3cl/v1-3/images/ZM2368939_2021-08.tif
ZM2369001,,,v1.3.0,2.0,1.0,,26.5665,-16.9375,,0.6851283482142857,ZM,2021,3,train,3cl/v1-3/labels/ZM2369001_2021-08.tif,3cl/v1-3/images/ZM2369001_2021-08.tif
ZM2369160,,,v1.3.0,2.0,1.0,,27.3615,-16.9375,,0.3545918367346938,ZM,2021,3,train,3cl/v1-3/labels/ZM2369160_2021-08.tif,3cl/v1-3/images/ZM2369160_2021-08.tif
ZM2369963,,,v1.3.0,2.0,1.0,,26.1065,-16.9425,,0.6527622767857143,ZM,2021,3,train,3cl/v1-3/labels/ZM2369963_2021-08.tif,3cl/v1-3/images/ZM2369963_2021-08.tif
ZM2371238,,,v1.3.0,2.0,1.0,,27.2315,-16.9475,,0.058713329,ZM,2021,3,train,3cl/v1-3/labels/ZM2371238_2021-08.tif,3cl/v1-3/images/ZM2371238_2021-08.tif
ZM2373149,,,v1.3.0,2.0,1.0,,26.3215,-16.9575,,0.2313257334183673,ZM,2021,3,train,3cl/v1-3/labels/ZM2373149_2021-08.tif,3cl/v1-3/images/ZM2373149_2021-08.tif
ZM2374410,,,v1.3.0,2.0,1.0,,27.4115,-16.9625,,0.0,ZM,2021,3,train,3cl/v1-3/labels/ZM2374410_2021-08.tif,3cl/v1-3/images/ZM2374410_2021-08.tif
ZM2378356,,,v1.3.0,2.0,1.0,,26.4065,-16.9825,,0.498844069,ZM,2021,3,train,3cl/v1-3/labels/ZM2378356_2021-08.tif,3cl/v1-3/images/ZM2378356_2021-08.tif
ZM2380613,,,v1.3.0,2.0,1.0,,27.3715,-16.9925,,0.3093311543367347,ZM,2021,3,train,3cl/v1-3/labels/ZM2380613_2021-08.tif,3cl/v1-3/images/ZM2380613_2021-08.tif
ZM2383665,,,v1.3.0,2.0,1.0,,27.2215,-17.0075,,0.3160674426020408,ZM,2021,3,train,3cl/v1-3/labels/ZM2383665_2021-08.tif,3cl/v1-3/images/ZM2383665_2021-08.tif
ZM2384629,,,v1.3.0,2.0,1.0,,26.9265,-17.0125,,0.2152423469387755,ZM,2021,3,train,3cl/v1-3/labels/ZM2384629_2021-08.tif,3cl/v1-3/images/ZM2384629_2021-08.tif
ZM2387675,,,v1.3.0,2.0,1.0,,26.8565,-17.0275,,0.117446588,ZM,2021,3,train,3cl/v1-3/labels/ZM2387675_2021-08.tif,3cl/v1-3/images/ZM2387675_2021-08.tif
ZM2389705,,,v1.3.0,2.0,1.0,,26.8215,-17.0375,,0.1498724489795918,ZM,2021,3,train,3cl/v1-3/labels/ZM2389705_2021-08.tif,3cl/v1-3/images/ZM2389705_2021-08.tif
ZM2390548,,,v1.3.0,2.0,1.0,,25.9565,-17.0425,,0.6858458227040817,ZM,2021,3,train,3cl/v1-3/labels/ZM2390548_2021-08.tif,3cl/v1-3/images/ZM2390548_2021-08.tif
ZM2392686,,,v1.3.0,2.0,1.0,,26.5415,-17.0525,,0.22132095,ZM,2021,3,train,3cl/v1-3/labels/ZM2392686_2021-08.tif,3cl/v1-3/images/ZM2392686_2021-08.tif
ZM2393676,,,v1.3.0,2.0,1.0,,26.4465,-17.0575,,0.076151945,ZM,2021,3,train,3cl/v1-3/labels/ZM2393676_2021-08.tif,3cl/v1-3/images/ZM2393676_2021-08.tif
ZM2396036,,,v1.3.0,2.0,1.0,,23.1565,-17.0725,,0.0,ZM,2021,3,train,3cl/v1-3/labels/ZM2396036_2021-08.tif,3cl/v1-3/images/ZM2396036_2021-08.tif
ZM2398047,,,v1.3.0,2.0,1.0,,23.1865,-17.0825,,0.0,ZM,2021,3,train,3cl/v1-3/labels/ZM2398047_2021-08.tif,3cl/v1-3/images/ZM2398047_2021-08.tif
ZM2399883,,,v1.3.0,2.0,1.0,,27.3665,-17.0875,,0.0,ZM,2021,3,train,3cl/v1-3/labels/ZM2399883_2021-08.tif,3cl/v1-3/images/ZM2399883_2021-08.tif
ZM2403057,,,v1.3.0,2.0,1.0,,23.3315,-17.1075,,0.0,ZM,2021,3,train,3cl/v1-3/labels/ZM2403057_2021-08.tif,3cl/v1-3/images/ZM2403057_2021-08.tif
ZM2405746,,,v1.3.0,2.0,1.0,,26.8865,-17.1175,,0.4191645408163265,ZM,2021,3,train,3cl/v1-3/labels/ZM2405746_2021-08.tif,3cl/v1-3/images/ZM2405746_2021-08.tif
ZM2405789,,,v1.3.0,2.0,1.0,,27.1015,-17.1175,,0.1640824298469387,ZM,2021,3,train,3cl/v1-3/labels/ZM2405789_2021-08.tif,3cl/v1-3/images/ZM2405789_2021-08.tif
ZM2408133,,,v1.3.0,2.0,1.0,,24.0465,-17.1325,,0.2709462691326531,ZM,2021,3,train,3cl/v1-3/labels/ZM2408133_2021-08.tif,3cl/v1-3/images/ZM2408133_2021-08.tif
ZM2408730,,,v1.3.0,2.0,1.0,,27.0315,-17.1325,,0.3426339285714285,ZM,2021,3,train,3cl/v1-3/labels/ZM2408730_2021-08.tif,3cl/v1-3/images/ZM2408730_2021-08.tif
ZM2408964,,,v1.3.0,2.0,1.0,,23.2965,-17.1375,,0.0,ZM,2021,3,train,3cl/v1-3/labels/ZM2408964_2021-08.tif,3cl/v1-3/images/ZM2408964_2021-08.tif
ZM2410666,,,v1.3.0,2.0,1.0,,26.9015,-17.1425,,0.6138592155612245,ZM,2021,3,train,3cl/v1-3/labels/ZM2410666_2021-08.tif,3cl/v1-3/images/ZM2410666_2021-08.tif
ZM2412878,,,v1.3.0,2.0,1.0,,23.2865,-17.1575,,0.0,ZM,2021,3,train,3cl/v1-3/labels/ZM2412878_2021-08.tif,3cl/v1-3/images/ZM2412878_2021-08.tif
ZM2414596,,,v1.3.0,2.0,1.0,,26.9865,-17.1625,,0.4893176020408163,ZM,2021,3,train,3cl/v1-3/labels/ZM2414596_2021-08.tif,3cl/v1-3/images/ZM2414596_2021-08.tif
ZM2415673,,,v1.3.0,2.0,1.0,,27.4865,-17.1675,,0.025729432,ZM,2021,3,train,3cl/v1-3/labels/ZM2415673_2021-08.tif,3cl/v1-3/images/ZM2415673_2021-08.tif
ZM2417475,,,v1.3.0,2.0,1.0,,26.7515,-17.1775,,0.5583346619897959,ZM,2021,3,train,3cl/v1-3/labels/ZM2417475_2021-08.tif,3cl/v1-3/images/ZM2417475_2021-08.tif
ZM2417515,,,v1.3.0,2.0,1.0,,26.9515,-17.1775,,0.022480867,ZM,2021,3,train,3cl/v1-3/labels/ZM2417515_2021-08.tif,3cl/v1-3/images/ZM2417515_2021-08.tif
ZM2418414,,,v1.3.0,2.0,1.0,,26.5915,-17.1825,,0.0,ZM,2021,3,train,3cl/v1-3/labels/ZM2418414_2021-08.tif,3cl/v1-3/images/ZM2418414_2021-08.tif
ZM2422295,,,v1.3.0,2.0,1.0,,26.7465,-17.2025,,0.84117905,ZM,2021,3,train,3cl/v1-3/labels/ZM2422295_2021-08.tif,3cl/v1-3/images/ZM2422295_2021-08.tif
ZM2425169,,,v1.3.0,2.0,1.0,,26.8515,-17.2175,,0.366828763,ZM,2021,3,train,3cl/v1-3/labels/ZM2425169_2021-08.tif,3cl/v1-3/images/ZM2425169_2021-08.tif
ZM2432544,,,v1.3.0,2.0,1.0,,26.1065,-17.2575,,0.7475884885204082,ZM,2021,3,train,3cl/v1-3/labels/ZM2432544_2021-08.tif,3cl/v1-3/images/ZM2432544_2021-08.tif
ZM2434369,,,v1.3.0,2.0,1.0,,25.9265,-17.2675,,0.3481146364795918,ZM,2021,3,train,3cl/v1-3/labels/ZM2434369_2021-08.tif,3cl/v1-3/images/ZM2434369_2021-08.tif
ZM2434546,,,v1.3.0,2.0,1.0,,26.8115,-17.2675,,0.1967075892857142,ZM,2021,3,train,3cl/v1-3/labels/ZM2434546_2021-08.tif,3cl/v1-3/images/ZM2434546_2021-08.tif
ZM2437696,,,v1.3.0,2.0,1.0,,24.0315,-17.2875,,0.0,ZM,2021,3,train,3cl/v1-3/labels/ZM2437696_2021-08.tif,3cl/v1-3/images/ZM2437696_2021-08.tif
ZM2439228,,,v1.3.0,2.0,1.0,,27.0765,-17.2925,,0.28125,ZM,2021,3,train,3cl/v1-3/labels/ZM2439228_2021-08.tif,3cl/v1-3/images/ZM2439228_2021-08.tif
ZM2440097,,,v1.3.0,2.0,1.0,,26.8065,-17.2975,,0.5638552295918368,ZM,2021,3,train,3cl/v1-3/labels/ZM2440097_2021-08.tif,3cl/v1-3/images/ZM2440097_2021-08.tif
ZM2442876,,,v1.3.0,2.0,1.0,,26.8765,-17.3125,,0.4525071747448979,ZM,2021,3,train,3cl/v1-3/labels/ZM2442876_2021-08.tif,3cl/v1-3/images/ZM2442876_2021-08.tif
ZM2443831,,,v1.3.0,2.0,1.0,,27.0515,-17.3175,,0.124820631,ZM,2021,3,train,3cl/v1-3/labels/ZM2443831_2021-08.tif,3cl/v1-3/images/ZM2443831_2021-08.tif
ZM2447303,,,v1.3.0,2.0,1.0,,26.0665,-17.3375,,0.4193040497448979,ZM,2021,3,train,3cl/v1-3/labels/ZM2447303_2021-08.tif,3cl/v1-3/images/ZM2447303_2021-08.tif
ZM2449943,,,v1.3.0,2.0,1.0,,25.5915,-17.3525,,0.5763313137755102,ZM,2021,3,train,3cl/v1-3/labels/ZM2449943_2021-08.tif,3cl/v1-3/images/ZM2449943_2021-08.tif
ZM2450824,,,v1.3.0,2.0,1.0,,25.4515,-17.3575,,0.6385522959183674,ZM,2021,3,train,3cl/v1-3/labels/ZM2450824_2021-08.tif,3cl/v1-3/images/ZM2450824_2021-08.tif
ZM2453806,,,v1.3.0,2.0,1.0,,26.7715,-17.3725,,0.2613400829081632,ZM,2021,3,train,3cl/v1-3/labels/ZM2453806_2021-08.tif,3cl/v1-3/images/ZM2453806_2021-08.tif
ZM2457225,,,v1.3.0,2.0,1.0,,25.8215,-17.3925,,0.1943160076530612,ZM,2021,3,train,3cl/v1-3/labels/ZM2457225_2021-08.tif,3cl/v1-3/images/ZM2457225_2021-08.tif
ZM2458418,,,v1.3.0,2.0,1.0,,27.2915,-17.3975,,0.3581194196428571,ZM,2021,3,train,3cl/v1-3/labels/ZM2458418_2021-08.tif,3cl/v1-3/images/ZM2458418_2021-08.tif
ZM2459912,,,v1.3.0,2.0,1.0,,25.7965,-17.4075,,0.331672513,ZM,2021,3,train,3cl/v1-3/labels/ZM2459912_2021-08.tif,3cl/v1-3/images/ZM2459912_2021-08.tif
ZM2461706,,,v1.3.0,2.0,1.0,,25.8365,-17.4175,,0.3196348852040816,ZM,2021,3,train,3cl/v1-3/labels/ZM2461706_2021-08.tif,3cl/v1-3/images/ZM2461706_2021-08.tif
ZM2461868,,,v1.3.0,2.0,1.0,,26.6465,-17.4175,,0.4292490433673469,ZM,2021,3,train,3cl/v1-3/labels/ZM2461868_2021-08.tif,3cl/v1-3/images/ZM2461868_2021-08.tif
ZM2462272,,,v1.3.0,2.0,1.0,,24.2165,-17.4225,,0.0,ZM,2021,3,train,3cl/v1-3/labels/ZM2462272_2021-08.tif,3cl/v1-3/images/ZM2462272_2021-08.tif
ZM2465798,,,v1.3.0,2.0,1.0,,24.2115,-17.4425,,0.2759287308673469,ZM,2021,3,train,3cl/v1-3/labels/ZM2465798_2021-08.tif,3cl/v1-3/images/ZM2465798_2021-08.tif
ZM2466162,,,v1.3.0,2.0,1.0,,26.0315,-17.4425,,0.8150310905612245,ZM,2021,3,train,3cl/v1-3/labels/ZM2466162_2021-08.tif,3cl/v1-3/images/ZM2466162_2021-08.tif
ZM2468026,,,v1.3.0,2.0,1.0,,26.5915,-17.4525,,0.6742267219387755,ZM,2021,3,train,3cl/v1-3/labels/ZM2468026_2021-08.tif,3cl/v1-3/images/ZM2468026_2021-08.tif
ZM2471897,,,v1.3.0,2.0,1.0,,24.2415,-17.4775,,0.0,ZM,2021,3,train,3cl/v1-3/labels/ZM2471897_2021-08.tif,3cl/v1-3/images/ZM2471897_2021-08.tif
ZM2476300,,,v1.3.0,2.0,1.0,,25.9265,-17.5025,,0.4852519132653061,ZM,2021,3,train,3cl/v1-3/labels/ZM2476300_2021-08.tif,3cl/v1-3/images/ZM2476300_2021-08.tif
ZM2476572,,,v1.3.0,2.0,1.0,,27.2865,-17.5025,,0.1663544323979592,ZM,2021,3,train,3cl/v1-3/labels/ZM2476572_2021-08.tif,3cl/v1-3/images/ZM2476572_2021-08.tif
ZM2482177,,,v1.3.0,2.0,1.0,,26.6815,-17.5425,,0.381656569,ZM,2021,3,train,3cl/v1-3/labels/ZM2482177_2021-08.tif,3cl/v1-3/images/ZM2482177_2021-08.tif
ZM2482759,,,v1.3.0,2.0,1.0,,26.3965,-17.5475,,0.1495735012755102,ZM,2021,3,train,3cl/v1-3/labels/ZM2482759_2021-08.tif,3cl/v1-3/images/ZM2482759_2021-08.tif
ZM2482789,,,v1.3.0,2.0,1.0,,26.5465,-17.5475,,0.6278300382653061,ZM,2021,3,train,3cl/v1-3/labels/ZM2482789_2021-08.tif,3cl/v1-3/images/ZM2482789_2021-08.tif
ZM2485137,,,v1.3.0,2.0,1.0,,26.4515,-17.5675,,0.3694794323979591,ZM,2021,3,train,3cl/v1-3/labels/ZM2485137_2021-08.tif,3cl/v1-3/images/ZM2485137_2021-08.tif
ZM2485200,,,v1.3.0,2.0,1.0,,26.7665,-17.5675,,0.5362523915816326,ZM,2021,3,train,3cl/v1-3/labels/ZM2485200_2021-08.tif,3cl/v1-3/images/ZM2485200_2021-08.tif
ZM2485715,,,v1.3.0,2.0,1.0,,26.5415,-17.5725,,0.4623724489795918,ZM,2021,3,train,3cl/v1-3/labels/ZM2485715_2021-08.tif,3cl/v1-3/images/ZM2485715_2021-08.tif
ZM2486095,,,v1.3.0,2.0,1.0,,25.6915,-17.5775,,0.9239676339285714,ZM,2021,3,train,3cl/v1-3/labels/ZM2486095_2021-08.tif,3cl/v1-3/images/ZM2486095_2021-08.tif
ZM2488231,,,v1.3.0,2.0,1.0,,25.9215,-17.5975,,0.4408482142857143,ZM,2021,3,train,3cl/v1-3/labels/ZM2488231_2021-08.tif,3cl/v1-3/images/ZM2488231_2021-08.tif
ZM2489332,,,v1.3.0,2.0,1.0,,26.5015,-17.6075,,0.4297472895408163,ZM,2021,3,train,3cl/v1-3/labels/ZM2489332_2021-08.tif,3cl/v1-3/images/ZM2489332_2021-08.tif
ZM2489376,,,v1.3.0,2.0,1.0,,26.7215,-17.6075,,0.4005500637755102,ZM,2021,3,train,3cl/v1-3/labels/ZM2489376_2021-08.tif,3cl/v1-3/images/ZM2489376_2021-08.tif
ZM2490168,,,v1.3.0,2.0,1.0,,25.8865,-17.6175,,0.3010204081632653,ZM,2021,3,train,3cl/v1-3/labels/ZM2490168_2021-08.tif,3cl/v1-3/images/ZM2490168_2021-08.tif
ZM2490263,,,v1.3.0,2.0,1.0,,26.3615,-17.6175,,0.5111607142857143,ZM,2021,3,train,3cl/v1-3/labels/ZM2490263_2021-08.tif,3cl/v1-3/images/ZM2490263_2021-08.tif
ZM2491710,,,v1.3.0,2.0,1.0,,26.6715,-17.6325,,0.6894730548469388,ZM,2021,3,train,3cl/v1-3/labels/ZM2491710_2021-08.tif,3cl/v1-3/images/ZM2491710_2021-08.tif
ZM2492241,,,v1.3.0,2.0,1.0,,27.0815,-17.6375,,0.2133490114795918,ZM,2021,3,train,3cl/v1-3/labels/ZM2492241_2021-08.tif,3cl/v1-3/images/ZM2492241_2021-08.tif
ZM2494865,,,v1.3.0,2.0,1.0,,27.0915,-17.6675,,0.0,ZM,2021,3,train,3cl/v1-3/labels/ZM2494865_2021-08.tif,3cl/v1-3/images/ZM2494865_2021-08.tif
ZM2496920,,,v1.3.0,2.0,1.0,,26.6265,-17.6925,,0.1878388073979592,ZM,2021,3,train,3cl/v1-3/labels/ZM2496920_2021-08.tif,3cl/v1-3/images/ZM2496920_2021-08.tif
ZM2497424,,,v1.3.0,2.0,1.0,,27.0065,-17.6975,,0.016023597,ZM,2021,3,train,3cl/v1-3/labels/ZM2497424_2021-08.tif,3cl/v1-3/images/ZM2497424_2021-08.tif
ZM2501136,,,v1.3.0,2.0,1.0,,26.8765,-17.7425,,0.0,ZM,2021,3,train,3cl/v1-3/labels/ZM2501136_2021-08.tif,3cl/v1-3/images/ZM2501136_2021-08.tif
ZM2501957,,,v1.3.0,2.0,1.0,,26.9215,-17.7525,,0.0,ZM,2021,3,train,3cl/v1-3/labels/ZM2501957_2021-08.tif,3cl/v1-3/images/ZM2501957_2021-08.tif
ZM2504938,,,v1.3.0,2.0,1.0,,26.1465,-17.7925,,0.0,ZM,2021,3,train,3cl/v1-3/labels/ZM2504938_2021-08.tif,3cl/v1-3/images/ZM2504938_2021-08.tif
ZM2505580,,,v1.3.0,2.0,1.0,,25.6165,-17.8025,,0.3044682716836734,ZM,2021,3,train,3cl/v1-3/labels/ZM2505580_2021-08.tif,3cl/v1-3/images/ZM2505580_2021-08.tif
ZM2507094,,,v1.3.0,2.0,1.0,,25.8815,-17.8225,,0.0,ZM,2021,3,train,3cl/v1-3/labels/ZM2507094_2021-08.tif,3cl/v1-3/images/ZM2507094_2021-08.tif
ZM2507293,,,v1.3.0,2.0,1.0,,26.8765,-17.8225,,0.051299426,ZM,2021,3,train,3cl/v1-3/labels/ZM2507293_2021-08.tif,3cl/v1-3/images/ZM2507293_2021-08.tif
ZM0651923,1306.0,2,v2.0.0,2.0,1.0,0.6625,33.2665,-11.8975,1.3657516346752274,0.7996851084183674,ZM,2019,3,validate,3cl/v2-0-0/labels/ZM0651923_1306_2019-08.tif,3cl/v2-0-0/images/ZM0651923_2019-08.tif
ZM1460310,3242.0,2,v2.0.0,2.0,1.0,0.6302521008403361,29.0615,-14.0825,0.2462889701604877,0.5493064413265306,ZM,2017,3,validate,3cl/v2-0-0/labels/ZM1460310_3242_2017-08.tif,3cl/v2-0-0/images/ZM1460310_2017-08.tif
ZM2224102,3823.0,2,v2.0.0,3.0,1.0,0.7687224669603524,26.4665,-16.3475,1.1376107780304074,0.5122169961734694,ZM,2019,3,validate,3cl/v2-0-0/labels/ZM2224102_3823_2019-08.tif,3cl/v2-0-0/images/ZM2224102_2019-08.tif
ZM1735320,4965.0,2,v2.0.0,2.0,1.0,0.825,27.1515,-14.7725,2.231639420057315,0.2555404974489796,ZM,2022,3,validate,3cl/v2-0-0/labels/ZM1735320_4965_2022-06.tif,3cl/v2-0-0/images/ZM1735320_2022-06.tif
ZM1741967,4967.0,2,v2.0.0,2.0,1.0,0.825,25.0665,-14.7925,0.6010433673908371,0.5018136160714286,ZM,2017,3,validate,3cl/v2-0-0/labels/ZM1741967_4967_2017-08.tif,3cl/v2-0-0/images/ZM1741967_2017-08.tif
ZM1273972,6042.0,2,v2.0.0,3.0,1.0,0.8356164383561644,27.7915,-13.6575,54.63830610661565,0.5436862244897959,ZM,2017,3,validate,3cl/v2-0-0/labels/ZM1273972_6042_2017-08.tif,3cl/v2-0-0/images/ZM1273972_2017-08.tif
ZM1866969,6058.0,2,v2.0.0,3.0,1.0,0.825,28.7465,-15.1625,1.7503948461658203,0.4392538265306122,ZM,2018,3,validate,3cl/v2-0-0/labels/ZM1866969_6058_2018-08.tif,3cl/v2-0-0/images/ZM1866969_2018-08.tif
ZM1005398,7100.0,2,v2.0.0,2.0,1.0,0.706386293,30.7765,-13.0125,4.541223700137281,0.5482302295918368,ZM,2022,3,validate,3cl/v2-0-0/labels/ZM1005398_7100_2022-09.tif,3cl/v2-0-0/images/ZM1005398_2022-09.tif
ZM1154919,7102.0,2,v2.0.0,3.0,1.0,0.706386293,24.3415,-13.3825,0.6123413290373935,0.3663105867346938,ZM,2018,3,validate,3cl/v2-0-0/labels/ZM1154919_7102_2018-08.tif,3cl/v2-0-0/images/ZM1154919_2018-08.tif
ZM0758555,8132.0,2,v2.0.0,3.0,1.0,0.6625,33.2215,-12.2375,0.7650806732106437,0.8382692920918368,ZM,2019,3,validate,3cl/v2-0-0/labels/ZM0758555_8132_2019-08.tif,3cl/v2-0-0/images/ZM0758555_2019-08.tif
ZM1945144,8160.0,2,v2.0.0,3.0,1.0,0.7687224669603524,28.5465,-15.3975,16.18655964168408,0.9757453762755102,ZM,2022,3,validate,3cl/v2-0-0/labels/ZM1945144_8160_2022-06.tif,3cl/v2-0-0/images/ZM1945144_2022-06.tif
ZM2285461,8172.0,2,v2.0.0,3.0,1.0,0.6941747572815534,27.2565,-16.5775,0.3544742515789844,0.5742586096938775,ZM,2021,3,validate,3cl/v2-0-0/labels/ZM2285461_8172_2021-06.tif,3cl/v2-0-0/images/ZM2285461_2021-06.tif
ZM1476300,9242.0,2,v2.0.0,3.0,1.0,0.8303108808290155,32.3065,-14.1175,0.626942545,0.8194355867346939,ZM,2019,3,validate,3cl/v2-0-0/labels/ZM1476300_9242_2019-08.tif,3cl/v2-0-0/images/ZM1476300_2019-08.tif
ZM0992301,11383.0,2,v2.0.0,3.0,1.0,0.691747573,27.9715,-12.9775,1.2395699181103916,0.1829958545918367,ZM,2021,3,validate,3cl/v2-0-0/labels/ZM0992301_11383_2021-06.tif,3cl/v2-0-0/images/ZM0992301_2021-06.tif
ZM1431500,11388.0,2,v2.0.0,3.0,1.0,0.7970297029702971,29.0165,-14.0175,0.8486548226990874,0.4914700255102041,ZM,2021,3,validate,3cl/v2-0-0/labels/ZM1431500_11388_2021-06.tif,3cl/v2-0-0/images/ZM1431500_2021-06.tif
ZM1215471,11384.0,2,v2.0.0,3.0,1.0,0.8043478260869565,25.5165,-13.5225,0.8265347273036546,0.071269133,ZM,2018,3,validate,3cl/v2-0-0/labels/ZM1215471_11384_2018-08.tif,3cl/v2-0-0/images/ZM1215471_2018-08.tif
ZM2120554,11402.0,2,v2.0.0,3.0,1.0,0.7970297029702971,27.5315,-15.9675,2.8782046440339526,0.7824258609693877,ZM,2018,3,validate,3cl/v2-0-0/labels/ZM2120554_11402_2018-08.tif,3cl/v2-0-0/images/ZM2120554_2018-08.tif
ZM0842551,12588.0,2,v2.0.0,2.0,1.0,0.8356164383561644,28.0515,-12.5025,18.78450109,0.399055325,ZM,2019,3,validate,3cl/v2-0-0/labels/ZM0842551_12588_2019-08.tif,3cl/v2-0-0/images/ZM0842551_2019-08.tif
ZM0930636,12590.0,2,v2.0.0,3.0,1.0,0.8356164383561644,28.2565,-12.7825,0.4212906546850241,0.1842713647959183,ZM,2022,3,validate,3cl/v2-0-0/labels/ZM0930636_12590_2022-06.tif,3cl/v2-0-0/images/ZM0930636_2022-06.tif
ZM1517135,12599.0,2,v2.0.0,2.5,1.0,0.4598930481283422,31.8765,-14.2125,2.415631591143278,0.6505102040816326,ZM,2017,3,validate,3cl/v2-0-0/labels/ZM1517135_12599_2017-08.tif,3cl/v2-0-0/images/ZM1517135_2017-08.tif
ZM1733855,12605.0,2,v2.0.0,2.0,1.0,0.4598930481283422,28.7065,-14.7675,4.525936852418138,0.5221022,ZM,2022,3,validate,3cl/v2-0-0/labels/ZM1733855_12605_2022-06.tif,3cl/v2-0-0/images/ZM1733855_2022-06.tif
ZM2232295,12616.0,2,v2.0.0,2.0,1.0,0.8356164383561644,27.0715,-16.3775,1.379990796905364,0.8618463010204082,ZM,2021,3,validate,3cl/v2-0-0/labels/ZM2232295_12616_2021-06.tif,3cl/v2-0-0/images/ZM2232295_2021-06.tif
ZM0299846,13651.0,2,v2.0.0,3.0,1.0,0.6480446927374302,33.4265,-10.3125,1.567485284817829,0.2885243941326531,ZM,2020,3,validate,3cl/v2-0-0/labels/ZM0299846_13651_2020-09.tif,3cl/v2-0-0/images/ZM0299846_2020-09.tif
ZM2494757,14723.0,2,v2.0.0,2.0,1.0,0.825,26.5515,-17.6675,0.4850674802845027,0.3995137117346938,ZM,2021,3,validate,3cl/v2-0-0/labels/ZM2494757_14723_2021-06.tif,3cl/v2-0-0/images/ZM2494757_2021-06.tif
ZM1602927,15720.0,2,v2.0.0,2.0,1.0,0.7687224669603524,28.0115,-14.4225,1.056686803807906,0.62109375,ZM,2022,3,validate,3cl/v2-0-0/labels/ZM1602927_15720_2022-06.tif,3cl/v2-0-0/images/ZM1602927_2022-06.tif
ZM1704107,16158.0,2,v2.0.0,2.0,1.0,0.6480446927374302,24.7765,-14.6875,3.3298128634455866,0.7215800382653061,ZM,2017,3,validate,3cl/v2-0-0/labels/ZM1704107_16158_2017-08.tif,3cl/v2-0-0/images/ZM1704107_2017-08.tif
ZM1469069,16723.0,2,v2.0.0,2.0,1.0,0.691747573,28.9365,-14.1025,1.4524484810231464,0.7190489477040817,ZM,2017,3,validate,3cl/v2-0-0/labels/ZM1469069_16723_2017-08.tif,3cl/v2-0-0/images/ZM1469069_2017-08.tif
ZM1857276,16730.0,2,v2.0.0,3.0,1.0,0.7239819004524887,29.7365,-15.1325,0.6196620920177427,0.2912946428571428,ZM,2020,3,validate,3cl/v2-0-0/labels/ZM1857276_16730_2020-09.tif,3cl/v2-0-0/images/ZM1857276_2020-09.tif
ZM0647539,16715.0,2,v2.0.0,3.0,1.0,0.8043478260869565,33.0765,-11.8825,0.9285691390927402,0.8724091198979592,ZM,2022,3,validate,3cl/v2-0-0/labels/ZM0647539_16715_2022-09.tif,3cl/v2-0-0/images/ZM0647539_2022-09.tif
ZM0937506,17666.0,2,v2.0.0,3.0,1.0,0.7239819004524887,32.8315,-12.8025,3.818230463966876,0.7813297193877551,ZM,2020,3,validate,3cl/v2-0-0/labels/ZM0937506_17666_2020-07.tif,3cl/v2-0-0/images/ZM0937506_2020-07.tif
ZM2165740,17695.0,2,v2.0.0,3.0,1.0,0.691747573,26.9715,-16.1325,0.8663217117512187,0.3387077487244898,ZM,2020,3,validate,3cl/v2-0-0/labels/ZM2165740_17695_2020-07.tif,3cl/v2-0-0/images/ZM2165740_2020-07.tif
ZM1777266,18640.0,2,v2.0.0,3.0,1.0,0.5787037037037037,28.3365,-14.8925,2.534410338101784,0.3401825573979591,ZM,2017,3,validate,3cl/v2-0-0/labels/ZM1777266_18640_2017-08.tif,3cl/v2-0-0/images/ZM1777266_2017-08.tif
ZM2403750,18656.0,2,v2.0.0,3.0,1.0,0.6305841924398625,26.7965,-17.1075,1.129041075952213,0.2192283163265306,ZM,2020,3,validate,3cl/v2-0-0/labels/ZM2403750_18656_2020-07.tif,3cl/v2-0-0/images/ZM2403750_2020-07.tif
ZM2256516,19750.0,2,v2.0.0,3.0,1.0,0.8356164383561644,27.5265,-16.4675,0.6628868128842695,0.5722058354591837,ZM,2019,3,validate,3cl/v2-0-0/labels/ZM2256516_19750_2019-08.tif,3cl/v2-0-0/images/ZM2256516_2019-08.tif
ZM1884745,20582.0,2,v2.0.0,3.0,1.0,0.4598930481283422,26.7765,-15.2175,3.2003564074382216,0.9117904974489796,ZM,2019,3,validate,3cl/v2-0-0/labels/ZM1884745_20582_2019-08.tif,3cl/v2-0-0/images/ZM1884745_2019-08.tif
ZM1240022,26418.0,2,v2.0.0,2.0,1.0,0.8117408906882592,29.5465,-13.5775,0.4190409263005861,0.3301179846938775,ZM,2020,3,validate,3cl/v2-0-0/labels/ZM1240022_26418_2020-07.tif,3cl/v2-0-0/images/ZM1240022_2020-07.tif
ZM1480609,26453.0,2,v2.0.0,3.0,1.0,0.8303108808290155,32.0715,-14.1275,0.5649894705651186,0.4623525191326531,ZM,2019,3,validate,3cl/v2-0-0/labels/ZM1480609_26453_2019-08.tif,3cl/v2-0-0/images/ZM1480609_2019-08.tif
ZM1773588,26484.0,2,v2.0.0,3.0,1.0,0.825,27.0265,-14.8825,0.4174666696207238,0.5076132015306123,ZM,2017,3,validate,3cl/v2-0-0/labels/ZM1773588_26484_2017-08.tif,3cl/v2-0-0/images/ZM1773588_2017-08.tif
ZM2281382,26530.0,2,v2.0.0,3.0,1.0,0.6480446927374302,26.1565,-16.5625,3.080895555351803,0.5449019451530612,ZM,2022,3,validate,3cl/v2-0-0/labels/ZM2281382_26530_2022-06.tif,3cl/v2-0-0/images/ZM2281382_2022-06.tif
ZM0075697,27989.0,2,v2.0.0,2.0,1.0,0.7282051282051282,31.8015,-9.0775,2.0144496633106352,0.9282326211734694,ZM,2022,3,validate,3cl/v2-0-0/labels/ZM0075697_27989_2022-09.tif,3cl/v2-0-0/images/ZM0075697_2022-09.tif
ZM2201428,28015.0,2,v2.0.0,2.0,1.0,0.5787037037037037,27.8465,-16.2625,0.7764183887261531,0.3174625318877551,ZM,2019,3,validate,3cl/v2-0-0/labels/ZM2201428_28015_2019-08.tif,3cl/v2-0-0/images/ZM2201428_2019-08.tif
ZM2439933,28023.0,2,v2.0.0,2.0,1.0,0.8356164383561644,25.9865,-17.2975,1.034588571034586,0.4020846619897959,ZM,2017,3,validate,3cl/v2-0-0/labels/ZM2439933_28023_2017-08.tif,3cl/v2-0-0/images/ZM2439933_2017-08.tif
ZM1735440,28599.0,2,v2.0.0,3.0,1.0,0.7970297029702971,27.7515,-14.7725,5.909032801464448,0.7576132015306123,ZM,2023,3,validate,3cl/v2-0-0/labels/ZM1735440_28599_2023-06.tif,3cl/v2-0-0/images/ZM1735440_2023-06.tif
ZM1276473,29345.0,2,v2.0.0,3.0,1.0,0.6480446927374302,29.4915,-13.6625,12.55309289253056,0.05337213,ZM,2023,3,validate,3cl/v2-0-0/labels/ZM1276473_29345_2023-06.tif,3cl/v2-0-0/images/ZM1276473_2023-06.tif
ZM1802455,29340.0,2,v2.0.0,3.0,1.0,0.7239819004524887,27.6215,-14.9675,6.668256880512036,0.9734135841836736,ZM,2023,3,validate,3cl/v2-0-0/labels/ZM1802455_29340_2023-06.tif,3cl/v2-0-0/images/ZM1802455_2023-06.tif
ZM0591062,29812.0,2,v2.0.0,2.0,1.0,0.7282051282051282,31.2065,-11.6775,2.4742221871730115,0.5310307716836735,ZM,2020,3,validate,3cl/v2-0-0/labels/ZM0591062_29812_2020-07.tif,3cl/v2-0-0/images/ZM0591062_2020-07.tif
ZM2153351,29934.0,2,v2.0.0,3.0,1.0,0.8356164383561644,26.6915,-16.0875,1.0623984570598026,0.9412866709183674,ZM,2020,3,validate,3cl/v2-0-0/labels/ZM2153351_29934_2020-07.tif,3cl/v2-0-0/images/ZM2153351_2020-07.tif
ZM1425499,31233.0,2,v2.0.0,3.0,1.0,0.6480446927374302,32.4215,-14.0025,1.0943550642074609,0.556999362,ZM,2023,3,validate,3cl/v2-0-0/labels/ZM1425499_31233_2023-09.tif,3cl/v2-0-0/images/ZM1425499_2023-09.tif
ZM0883952,32136.0,2,v2.0.0,2.0,1.0,0.6625,27.7565,-12.6325,1.533814215729956,0.9858896683673468,ZM,2022,3,validate,3cl/v2-0-0/labels/ZM0883952_32136_2022-06.tif,3cl/v2-0-0/images/ZM0883952_2022-06.tif
ZM2076600,34130.0,2,v2.0.0,4.0,1.0,0.8707482993197279,26.2865,-15.8125,0.0,0.0,ZM,2022,3,validate,3cl/v2-0-0/labels/ZM2076600_34130_2022-06.tif,3cl/v2-0-0/images/ZM2076600_2022-06.tif
ZM1874811,34180.0,2,v2.0.0,2.0,1.0,0.4598930481283422,26.6765,-15.1875,2.900964815511077,0.6763392857142857,ZM,2023,3,validate,3cl/v2-0-0/labels/ZM1874811_34180_2023-06.tif,3cl/v2-0-0/images/ZM1874811_2023-06.tif
ZM0630498,34199.0,2,v2.0.0,2.0,1.0,0.6305841924398625,33.3265,-11.8225,0.8095818471847835,0.5114198022959183,ZM,2023,3,validate,3cl/v2-0-0/labels/ZM0630498_34199_2023-09.tif,3cl/v2-0-0/images/ZM0630498_2023-09.tif
ZM0068958,34298.0,2,v2.0.0,2.0,1.0,0.5787037037037037,31.8165,-9.0275,0.6065858641618863,0.1159319196428571,ZM,2017,3,validate,3cl/v2-0-0/labels/ZM0068958_34298_2017-08.tif,3cl/v2-0-0/images/ZM0068958_2017-08.tif
ZM2439148,35098.0,2,v2.0.0,2.0,1.0,0.6302521008403361,26.6765,-17.2925,0.4899095325854177,0.2823660714285714,ZM,2022,3,validate,3cl/v2-0-0/labels/ZM2439148_35098_2022-06.tif,3cl/v2-0-0/images/ZM2439148_2022-06.tif
ZM1446868,35319.0,2,v2.0.0,2.0,1.0,0.7970297029702971,28.1365,-14.0525,5.803945646,0.9234494579081632,ZM,2023,3,validate,3cl/v2-0-0/labels/ZM1446868_35319_2023-06.tif,3cl/v2-0-0/images/ZM1446868_2023-06.tif
ZM1274079,36351.0,2,v2.0.0,3.0,1.0,0.7970297029702971,28.3265,-13.6575,5.648866733671197,0.7367067920918368,ZM,2023,3,validate,3cl/v2-0-0/labels/ZM1274079_36351_2023-06.tif,3cl/v2-0-0/images/ZM1274079_2023-06.tif
ZM2446388,36860.0,2,v2.0.0,3.0,1.0,0.5401376146788991,26.0715,-17.3325,4.054149183122706,0.7692123724489796,ZM,2023,3,validate,3cl/v2-0-0/labels/ZM2446388_36860_2023-06.tif,3cl/v2-0-0/images/ZM2446388_2023-06.tif
ZM0415566,,,v1.3.0,2.0,1.0,,29.3815,-10.9025,,0.1133609693877551,ZM,2021,3,validate,3cl/v1-3/labels/ZM0415566_2021-08.tif,3cl/v1-3/images/ZM0415566_2021-08.tif
ZM0123051,,,v1.3.0,2.0,1.0,,29.8565,-9.3675,,0.071388712,ZM,2021,3,validate,3cl/v1-3/labels/ZM0123051_2021-08.tif,3cl/v1-3/images/ZM0123051_2021-08.tif
ZM0946384,,,v1.3.0,2.0,1.0,,30.2765,-12.8325,,0.004225128,ZM,2021,3,validate,3cl/v1-3/labels/ZM0946384_2021-08.tif,3cl/v1-3/images/ZM0946384_2021-08.tif
ZM2052442,,,v1.3.0,2.0,1.0,,28.4765,-15.7275,,0.000976563,ZM,2021,3,validate,3cl/v1-3/labels/ZM2052442_2021-08.tif,3cl/v1-3/images/ZM2052442_2021-08.tif
ZM1101968,,,v1.3.0,2.0,1.0,,28.8465,-13.2525,,0.078981983,ZM,2021,3,validate,3cl/v1-3/labels/ZM1101968_2021-08.tif,3cl/v1-3/images/ZM1101968_2021-08.tif
ZM0142070,,,v1.3.0,2.0,1.0,,31.2465,-9.4725,,0.1094945790816326,ZM,2021,3,validate,3cl/v1-3/labels/ZM0142070_2021-08.tif,3cl/v1-3/images/ZM0142070_2021-08.tif
ZM2355061,,,v1.3.0,2.0,1.0,,26.8015,-16.8725,,0.3213887117346938,ZM,2021,3,validate,3cl/v1-3/labels/ZM2355061_2021-08.tif,3cl/v1-3/images/ZM2355061_2021-08.tif
ZM2398049,,,v1.3.0,2.0,1.0,,23.1965,-17.0825,,0.0,ZM,2021,3,validate,3cl/v1-3/labels/ZM2398049_2021-08.tif,3cl/v1-3/images/ZM2398049_2021-08.tif
ZM2408141,,,v1.3.0,2.0,1.0,,24.0865,-17.1325,,0.0,ZM,2021,3,validate,3cl/v1-3/labels/ZM2408141_2021-08.tif,3cl/v1-3/images/ZM2408141_2021-08.tif
ZM1945243,,,v1.3.0,2.0,1.0,,29.0415,-15.3975,,0.2702885841836734,ZM,2021,3,validate,3cl/v1-3/labels/ZM1945243_2021-08.tif,3cl/v1-3/images/ZM1945243_2021-08.tif
ZM2295956,,,v1.3.0,2.0,1.0,,23.0315,-16.6225,,0.3537946428571428,ZM,2021,3,validate,3cl/v1-3/labels/ZM2295956_2021-08.tif,3cl/v1-3/images/ZM2295956_2021-08.tif
ZM1648644,,,v1.3.0,2.0,1.0,,31.2365,-14.5375,,0.4106744260204081,ZM,2021,3,validate,3cl/v1-3/labels/ZM1648644_2021-08.tif,3cl/v1-3/images/ZM1648644_2021-08.tif
ZM2303452,,,v1.3.0,2.0,1.0,,23.5415,-16.6525,,0.1022999043367346,ZM,2021,3,validate,3cl/v1-3/labels/ZM2303452_2021-08.tif,3cl/v1-3/images/ZM2303452_2021-08.tif
ZM2330199,,,v1.3.0,2.0,1.0,,26.8015,-16.7625,,0.2625956632653061,ZM,2021,3,validate,3cl/v1-3/labels/ZM2330199_2021-08.tif,3cl/v1-3/images/ZM2330199_2021-08.tif
ZM2485131,,,v1.3.0,2.0,1.0,,26.4215,-17.5675,,0.4199816645408163,ZM,2021,3,validate,3cl/v1-3/labels/ZM2485131_2021-08.tif,3cl/v1-3/images/ZM2485131_2021-08.tif
ZM1061074,,,v1.3.0,2.0,1.0,,27.4765,-13.1525,,0.1231066645408163,ZM,2021,3,validate,3cl/v1-3/labels/ZM1061074_2021-08.tif,3cl/v1-3/images/ZM1061074_2021-08.tif
ZM2362820,,,v1.3.0,2.0,1.0,,27.5965,-16.9075,,0.023955676,ZM,2021,3,validate,3cl/v1-3/labels/ZM2362820_2021-08.tif,3cl/v1-3/images/ZM2362820_2021-08.tif
ZM1216836,,,v1.3.0,2.0,1.0,,32.3415,-13.5225,,0.3256935586734694,ZM,2021,3,validate,3cl/v1-3/labels/ZM1216836_2021-08.tif,3cl/v1-3/images/ZM1216836_2021-08.tif
ZM1603031,,,v1.3.0,2.0,1.0,,28.5315,-14.4225,,0.2876873405612244,ZM,2021,3,validate,3cl/v1-3/labels/ZM1603031_2021-08.tif,3cl/v1-3/images/ZM1603031_2021-08.tif
ZM2128808,,,v1.3.0,2.0,1.0,,27.4515,-15.9975,,0.1180245535714285,ZM,2021,3,validate,3cl/v1-3/labels/ZM2128808_2021-08.tif,3cl/v1-3/images/ZM2128808_2021-08.tif
ZM2096039,,,v1.3.0,2.0,1.0,,23.9265,-15.8825,,0.304328763,ZM,2021,3,validate,3cl/v1-3/labels/ZM2096039_2021-08.tif,3cl/v1-3/images/ZM2096039_2021-08.tif
ZM2321961,,,v1.3.0,2.0,1.0,,26.3415,-16.7275,,0.5071348852040817,ZM,2021,3,validate,3cl/v1-3/labels/ZM2321961_2021-08.tif,3cl/v1-3/images/ZM2321961_2021-08.tif
ZM0649563,,,v1.3.0,2.0,1.0,,28.7165,-11.8925,,0.1124641262755102,ZM,2021,3,validate,3cl/v1-3/labels/ZM0649563_2021-08.tif,3cl/v1-3/images/ZM0649563_2021-08.tif
ZM2170530,,,v1.3.0,2.0,1.0,,23.5115,-16.1525,,0.3591557716836734,ZM,2021,3,validate,3cl/v1-3/labels/ZM2170530_2021-08.tif,3cl/v1-3/images/ZM2170530_2021-08.tif
ZM0223024,,,v1.3.0,2.0,1.0,,29.5365,-9.9175,,0.086136798,ZM,2021,3,validate,3cl/v1-3/labels/ZM0223024_2021-08.tif,3cl/v1-3/images/ZM0223024_2021-08.tif
ZM2139723,,,v1.3.0,2.0,1.0,,27.0415,-16.0375,,0.0,ZM,2021,3,validate,3cl/v1-3/labels/ZM2139723_2021-08.tif,3cl/v1-3/images/ZM2139723_2021-08.tif
ZM0988959,,,v1.3.0,2.0,1.0,,27.2065,-12.9675,,0.099051339,ZM,2021,3,validate,3cl/v1-3/labels/ZM0988959_2021-08.tif,3cl/v1-3/images/ZM0988959_2021-08.tif
ZM2508414,,,v1.3.0,2.0,1.0,,25.4715,-17.8425,,0.1266342474489795,ZM,2021,3,validate,3cl/v1-3/labels/ZM2508414_2021-08.tif,3cl/v1-3/images/ZM2508414_2021-08.tif
ZM2230990,,,v1.3.0,2.0,1.0,,27.2715,-16.3725,,0.5636559311224489,ZM,2021,3,validate,3cl/v1-3/labels/ZM2230990_2021-08.tif,3cl/v1-3/images/ZM2230990_2021-08.tif
ZM1229849,,,v1.3.0,2.0,1.0,,32.4865,-13.5525,,0.001195791,ZM,2021,3,validate,3cl/v1-3/labels/ZM1229849_2021-08.tif,3cl/v1-3/images/ZM1229849_2021-08.tif
ZM1613013,,,v1.3.0,2.0,1.0,,28.8665,-14.4475,,0.7516940369897959,ZM,2021,3,validate,3cl/v1-3/labels/ZM1613013_2021-08.tif,3cl/v1-3/images/ZM1613013_2021-08.tif
ZM2294597,,,v1.3.0,2.0,1.0,,22.4715,-16.6175,,0.3385283801020408,ZM,2021,3,validate,3cl/v1-3/labels/ZM2294597_2021-08.tif,3cl/v1-3/images/ZM2294597_2021-08.tif
ZM1667779,,,v1.3.0,2.0,1.0,,30.9715,-14.5875,,0.0,ZM,2021,3,validate,3cl/v1-3/labels/ZM1667779_2021-08.tif,3cl/v1-3/images/ZM1667779_2021-08.tif
ZM2187954,,,v1.3.0,2.0,1.0,,28.5615,-16.2125,,0.6053691007653061,ZM,2021,3,validate,3cl/v1-3/labels/ZM2187954_2021-08.tif,3cl/v1-3/images/ZM2187954_2021-08.tif
ZM1701202,,,v1.3.0,2.0,1.0,,28.6515,-14.6775,,0.0,ZM,2021,3,validate,3cl/v1-3/labels/ZM1701202_2021-08.tif,3cl/v1-3/images/ZM1701202_2021-08.tif
ZM1988654,,,v1.3.0,2.0,1.0,,27.8865,-15.5275,,0.9060905612244898,ZM,2021,3,validate,3cl/v1-3/labels/ZM1988654_2021-08.tif,3cl/v1-3/images/ZM1988654_2021-08.tif
ZM1926676,,,v1.3.0,2.0,1.0,,28.4415,-15.3425,,0.3474968112244898,ZM,2021,3,validate,3cl/v1-3/labels/ZM1926676_2021-08.tif,3cl/v1-3/images/ZM1926676_2021-08.tif
ZM0615367,,,v1.3.0,2.0,1.0,,33.2765,-11.7675,,0.1006656568877551,ZM,2021,3,validate,3cl/v1-3/labels/ZM0615367_2021-08.tif,3cl/v1-3/images/ZM0615367_2021-08.tif
ZM1499966,,,v1.3.0,2.0,1.0,,31.5565,-14.1725,,0.8017777423469388,ZM,2021,3,validate,3cl/v1-3/labels/ZM1499966_2021-08.tif,3cl/v1-3/images/ZM1499966_2021-08.tif
ZM2207861,,,v1.3.0,2.0,1.0,,26.1565,-16.2875,,0.6346061862244898,ZM,2021,3,validate,3cl/v1-3/labels/ZM2207861_2021-08.tif,3cl/v1-3/images/ZM2207861_2021-08.tif
ZM2288016,,,v1.3.0,2.0,1.0,,27.3165,-16.5875,,0.3155492665816326,ZM,2021,3,validate,3cl/v1-3/labels/ZM2288016_2021-08.tif,3cl/v1-3/images/ZM2288016_2021-08.tif
ZM0743946,,,v1.3.0,2.0,1.0,,29.4915,-12.1925,,0.012735172,ZM,2021,3,validate,3cl/v1-3/labels/ZM0743946_2021-08.tif,3cl/v1-3/images/ZM0743946_2021-08.tif
ZM2202859,,,v1.3.0,2.0,1.0,,28.2165,-16.2675,,0.0,ZM,2021,3,validate,3cl/v1-3/labels/ZM2202859_2021-08.tif,3cl/v1-3/images/ZM2202859_2021-08.tif
ZM2391570,,,v1.3.0,2.0,1.0,,26.0065,-17.0475,,0.3172233737244898,ZM,2021,3,validate,3cl/v1-3/labels/ZM2391570_2021-08.tif,3cl/v1-3/images/ZM2391570_2021-08.tif
ZM2232777,,,v1.3.0,2.0,1.0,,22.7565,-16.3825,,0.0,ZM,2021,3,validate,3cl/v1-3/labels/ZM2232777_2021-08.tif,3cl/v1-3/images/ZM2232777_2021-08.tif
ZM0455607,,,v1.3.0,2.0,1.0,,29.0415,-11.1025,,0.1411232461734693,ZM,2021,3,validate,3cl/v1-3/labels/ZM0455607_2021-08.tif,3cl/v1-3/images/ZM0455607_2021-08.tif
ZM1684447,,,v1.3.0,2.0,1.0,,28.7815,-14.6325,,0.015864158,ZM,2021,3,validate,3cl/v1-3/labels/ZM1684447_2021-08.tif,3cl/v1-3/images/ZM1684447_2021-08.tif
ZM2288315,,,v1.3.0,2.0,1.0,,22.4865,-16.5925,,0.2449776785714285,ZM,2021,3,validate,3cl/v1-3/labels/ZM2288315_2021-08.tif,3cl/v1-3/images/ZM2288315_2021-08.tif
ZM2187873,,,v1.3.0,2.0,1.0,,28.1565,-16.2125,,0.4403101084183674,ZM,2021,3,validate,3cl/v1-3/labels/ZM2187873_2021-08.tif,3cl/v1-3/images/ZM2187873_2021-08.tif
ZM2241633,,,v1.3.0,2.0,1.0,,26.7365,-16.4125,,0.5185945471938775,ZM,2021,3,validate,3cl/v1-3/labels/ZM2241633_2021-08.tif,3cl/v1-3/images/ZM2241633_2021-08.tif
ZM2467155,,,v1.3.0,2.0,1.0,,26.6115,-17.4475,,0.6849091198979592,ZM,2021,3,validate,3cl/v1-3/labels/ZM2467155_2021-08.tif,3cl/v1-3/images/ZM2467155_2021-08.tif
ZM2427044,,,v1.3.0,2.0,1.0,,26.7615,-17.2275,,0.106445313,ZM,2021,3,validate,3cl/v1-3/labels/ZM2427044_2021-08.tif,3cl/v1-3/images/ZM2427044_2021-08.tif
ZM2230341,,,v1.3.0,2.0,1.0,,24.0265,-16.3725,,0.09371014,ZM,2021,3,validate,3cl/v1-3/labels/ZM2230341_2021-08.tif,3cl/v1-3/images/ZM2230341_2021-08.tif
ZM2173962,,,v1.3.0,2.0,1.0,,26.9865,-16.1625,,0.7448780293367347,ZM,2021,3,validate,3cl/v1-3/labels/ZM2173962_2021-08.tif,3cl/v1-3/images/ZM2173962_2021-08.tif
ZM2137630,,,v1.3.0,2.0,1.0,,23.4365,-16.0325,,0.2437021683673469,ZM,2021,3,validate,3cl/v1-3/labels/ZM2137630_2021-08.tif,3cl/v1-3/images/ZM2137630_2021-08.tif
ZM2357096,,,v1.3.0,2.0,1.0,,26.0265,-16.8825,,0.7953404017857143,ZM,2021,3,validate,3cl/v1-3/labels/ZM2357096_2021-08.tif,3cl/v1-3/images/ZM2357096_2021-08.tif
ZM0033897,,,v1.3.0,2.0,1.0,,31.4915,-8.7275,,0.1122847576530612,ZM,2021,3,validate,3cl/v1-3/labels/ZM0033897_2021-08.tif,3cl/v1-3/images/ZM0033897_2021-08.tif
ZM2361899,,,v1.3.0,2.0,1.0,,22.9915,-16.9075,,0.1561702806122449,ZM,2021,3,validate,3cl/v1-3/labels/ZM2361899_2021-08.tif,3cl/v1-3/images/ZM2361899_2021-08.tif
ZM0260147,,,v1.3.0,2.0,1.0,,31.1665,-10.1125,,0.1423588966836734,ZM,2021,3,validate,3cl/v1-3/labels/ZM0260147_2021-08.tif,3cl/v1-3/images/ZM0260147_2021-08.tif
ZM1465220,,,v1.3.0,2.0,1.0,,31.6265,-14.0925,,0.4065688775510204,ZM,2021,3,validate,3cl/v1-3/labels/ZM1465220_2021-08.tif,3cl/v1-3/images/ZM1465220_2021-08.tif
ZM2074040,,,v1.3.0,2.0,1.0,,27.8265,-15.8025,,0.9265186543367347,ZM,2021,3,validate,3cl/v1-3/labels/ZM2074040_2021-08.tif,3cl/v1-3/images/ZM2074040_2021-08.tif
ZM2480220,,,v1.3.0,2.0,1.0,,27.0715,-17.5275,,0.1138193558673469,ZM,2021,3,validate,3cl/v1-3/labels/ZM2480220_2021-08.tif,3cl/v1-3/images/ZM2480220_2021-08.tif
ZM2208946,,,v1.3.0,2.0,1.0,,24.8215,-16.2925,,0.352539063,ZM,2021,3,validate,3cl/v1-3/labels/ZM2208946_2021-08.tif,3cl/v1-3/images/ZM2208946_2021-08.tif
ZM0756112,,,v1.3.0,2.0,1.0,,27.0615,-12.2325,,0.061065051,ZM,2021,3,validate,3cl/v1-3/labels/ZM0756112_2021-08.tif,3cl/v1-3/images/ZM0756112_2021-08.tif
ZM2043527,,,v1.3.0,2.0,1.0,,28.1215,-15.6975,,0.3720105229591837,ZM,2021,3,validate,3cl/v1-3/labels/ZM2043527_2021-08.tif,3cl/v1-3/images/ZM2043527_2021-08.tif
ZM2513809,,,v1.3.0,2.0,1.0,,26.8665,-17.9525,,0.1773357780612245,ZM,2021,3,validate,3cl/v1-3/labels/ZM2513809_2021-08.tif,3cl/v1-3/images/ZM2513809_2021-08.tif
ZM1095525,,,v1.3.0,2.0,1.0,,27.4765,-13.2375,,0.280891263,ZM,2021,3,validate,3cl/v1-3/labels/ZM1095525_2021-08.tif,3cl/v1-3/images/ZM1095525_2021-08.tif
ZM2248251,,,v1.3.0,2.0,1.0,,26.3315,-16.4375,,0.8721500318877551,ZM,2021,3,validate,3cl/v1-3/labels/ZM2248251_2021-08.tif,3cl/v1-3/images/ZM2248251_2021-08.tif
ZM0778723,,,v1.3.0,2.0,1.0,,32.8615,-12.3025,,0.1677495216836734,ZM,2021,3,validate,3cl/v1-3/labels/ZM0778723_2021-08.tif,3cl/v1-3/images/ZM0778723_2021-08.tif
ZM1995430,,,v1.3.0,2.0,1.0,,28.2665,-15.5475,,0.0,ZM,2021,3,validate,3cl/v1-3/labels/ZM1995430_2021-08.tif,3cl/v1-3/images/ZM1995430_2021-08.tif
ZM2382535,,,v1.3.0,2.0,1.0,,26.6965,-17.0025,,0.2042610012755102,ZM,2021,3,validate,3cl/v1-3/labels/ZM2382535_2021-08.tif,3cl/v1-3/images/ZM2382535_2021-08.tif
ZM2385709,,,v1.3.0,2.0,1.0,,27.2215,-17.0175,,0.5338010204081632,ZM,2021,3,validate,3cl/v1-3/labels/ZM2385709_2021-08.tif,3cl/v1-3/images/ZM2385709_2021-08.tif
ZM0203269,,,v1.3.0,2.0,1.0,,29.6115,-9.8125,,0.031030772,ZM,2021,3,validate,3cl/v1-3/labels/ZM0203269_2021-08.tif,3cl/v1-3/images/ZM0203269_2021-08.tif
ZM2324374,,,v1.3.0,2.0,1.0,,26.7115,-16.7375,,0.6299027423469388,ZM,2021,3,validate,3cl/v1-3/labels/ZM2324374_2021-08.tif,3cl/v1-3/images/ZM2324374_2021-08.tif
ZM2455457,,,v1.3.0,2.0,1.0,,25.9915,-17.3825,,0.3751195790816326,ZM,2021,3,validate,3cl/v1-3/labels/ZM2455457_2021-08.tif,3cl/v1-3/images/ZM2455457_2021-08.tif
ZM2240313,,,v1.3.0,2.0,1.0,,26.8515,-16.4075,,0.1232860331632653,ZM,2021,3,validate,3cl/v1-3/labels/ZM2240313_2021-08.tif,3cl/v1-3/images/ZM2240313_2021-08.tif
ZM1987037,,,v1.3.0,2.0,1.0,,28.1815,-15.5225,,0.046416614,ZM,2021,3,validate,3cl/v1-3/labels/ZM1987037_2021-08.tif,3cl/v1-3/images/ZM1987037_2021-08.tif
ZM0910513,,,v1.3.0,2.0,1.0,,28.2165,-12.7175,,0.5618423150510204,ZM,2021,3,validate,3cl/v1-3/labels/ZM0910513_2021-08.tif,3cl/v1-3/images/ZM0910513_2021-08.tif
ZM0840935,,,v1.3.0,2.0,1.0,,28.0015,-12.4975,,0.031548948,ZM,2021,3,validate,3cl/v1-3/labels/ZM0840935_2021-08.tif,3cl/v1-3/images/ZM0840935_2021-08.tif
ZM0027602,,,v1.3.0,2.0,1.0,,31.2015,-8.6675,,0.026725925,ZM,2021,3,validate,3cl/v1-3/labels/ZM0027602_2021-08.tif,3cl/v1-3/images/ZM0027602_2021-08.tif
ZM1410422,,,v1.3.0,2.0,1.0,,23.7965,-13.9725,,0.035794005,ZM,2021,3,validate,3cl/v1-3/labels/ZM1410422_2021-08.tif,3cl/v1-3/images/ZM1410422_2021-08.tif
ZM1589577,,,v1.3.0,2.0,1.0,,31.2865,-14.3875,,0.8449059311224489,ZM,2021,3,validate,3cl/v1-3/labels/ZM1589577_2021-08.tif,3cl/v1-3/images/ZM1589577_2021-08.tif
ZM2260365,,,v1.3.0,2.0,1.0,,26.7165,-16.4825,,0.023636798,ZM,2021,3,validate,3cl/v1-3/labels/ZM2260365_2021-08.tif,3cl/v1-3/images/ZM2260365_2021-08.tif
ZM0231571,,,v1.3.0,2.0,1.0,,29.6715,-9.9625,,0.043148119,ZM,2021,3,validate,3cl/v1-3/labels/ZM0231571_2021-08.tif,3cl/v1-3/images/ZM0231571_2021-08.tif
ZM1082828,,,v1.3.0,2.0,1.0,,25.0915,-13.2075,,0.050123565,ZM,2021,3,validate,3cl/v1-3/labels/ZM1082828_2021-08.tif,3cl/v1-3/images/ZM1082828_2021-08.tif
ZM2322375,,,v1.3.0,2.0,1.0,,22.5565,-16.7325,,0.0,ZM,2021,3,validate,3cl/v1-3/labels/ZM2322375_2021-08.tif,3cl/v1-3/images/ZM2322375_2021-08.tif
ZM2430007,,,v1.3.0,2.0,1.0,,27.4465,-17.2425,,0.0,ZM,2021,3,validate,3cl/v1-3/labels/ZM2430007_2021-08.tif,3cl/v1-3/images/ZM2430007_2021-08.tif
ZM0107632,,,v1.3.0,2.0,1.0,,32.5015,-9.2775,,0.309570313,ZM,2021,3,validate,3cl/v1-3/labels/ZM0107632_2021-08.tif,3cl/v1-3/images/ZM0107632_2021-08.tif
ZM2441679,,,v1.3.0,2.0,1.0,,25.4965,-17.3075,,0.045479911,ZM,2021,3,validate,3cl/v1-3/labels/ZM2441679_2021-08.tif,3cl/v1-3/images/ZM2441679_2021-08.tif
ZM1639007,,,v1.3.0,2.0,1.0,,31.3515,-14.5125,,0.5790019132653061,ZM,2021,3,validate,3cl/v1-3/labels/ZM1639007_2021-08.tif,3cl/v1-3/images/ZM1639007_2021-08.tif
ZM1727612,,,v1.3.0,2.0,1.0,,24.2665,-14.7525,,0.020149075,ZM,2021,3,validate,3cl/v1-3/labels/ZM1727612_2021-08.tif,3cl/v1-3/images/ZM1727612_2021-08.tif
ZM2157672,,,v1.3.0,2.0,1.0,,27.7615,-16.1025,,0.1610331632653061,ZM,2021,3,validate,3cl/v1-3/labels/ZM2157672_2021-08.tif,3cl/v1-3/images/ZM2157672_2021-08.tif
ZM2111493,,,v1.3.0,2.0,1.0,,23.7365,-15.9375,,0.3123604910714285,ZM,2021,3,validate,3cl/v1-3/labels/ZM2111493_2021-08.tif,3cl/v1-3/images/ZM2111493_2021-08.tif
ZM2257799,,,v1.3.0,2.0,1.0,,27.2565,-16.4725,,0.089385364,ZM,2021,3,validate,3cl/v1-3/labels/ZM2257799_2021-08.tif,3cl/v1-3/images/ZM2257799_2021-08.tif
ZM1681161,,,v1.3.0,2.0,1.0,,31.2715,-14.6225,,0.0,ZM,2021,3,validate,3cl/v1-3/labels/ZM1681161_2021-08.tif,3cl/v1-3/images/ZM1681161_2021-08.tif
ZM2322884,,,v1.3.0,2.0,1.0,,25.1015,-16.7325,,0.6832748724489796,ZM,2021,3,validate,3cl/v1-3/labels/ZM2322884_2021-08.tif,3cl/v1-3/images/ZM2322884_2021-08.tif
ZM2300275,,,v1.3.0,2.0,1.0,,26.0515,-16.6375,,0.1800661670918367,ZM,2021,3,validate,3cl/v1-3/labels/ZM2300275_2021-08.tif,3cl/v1-3/images/ZM2300275_2021-08.tif
ZM2257634,,,v1.3.0,2.0,1.0,,26.4315,-16.4725,,0.2421077806122449,ZM,2021,3,validate,3cl/v1-3/labels/ZM2257634_2021-08.tif,3cl/v1-3/images/ZM2257634_2021-08.tif
ZM1874199,,,v1.3.0,2.0,1.0,,23.6165,-15.1875,,0.2471101721938775,ZM,2021,3,validate,3cl/v1-3/labels/ZM1874199_2021-08.tif,3cl/v1-3/images/ZM1874199_2021-08.tif
ZM1688688,,,v1.3.0,2.0,1.0,,31.1715,-14.6425,,0.0,ZM,2021,3,validate,3cl/v1-3/labels/ZM1688688_2021-08.tif,3cl/v1-3/images/ZM1688688_2021-08.tif
ZM2150611,,,v1.3.0,2.0,1.0,,26.6915,-16.0775,,0.8539939413265306,ZM,2021,3,validate,3cl/v1-3/labels/ZM2150611_2021-08.tif,3cl/v1-3/images/ZM2150611_2021-08.tif
ZM1767014,,,v1.3.0,2.0,1.0,,28.4865,-14.8625,,0.4221739477040816,ZM,2021,3,validate,3cl/v1-3/labels/ZM1767014_2021-08.tif,3cl/v1-3/images/ZM1767014_2021-08.tif
ZM0984060,,,v1.3.0,2.0,1.0,,26.6315,-12.9525,,0.2176737882653061,ZM,2021,3,validate,3cl/v1-3/labels/ZM0984060_2021-08.tif,3cl/v1-3/images/ZM0984060_2021-08.tif
ZM2366887,,,v1.3.0,2.0,1.0,,26.5815,-16.9275,,0.2308474170918367,ZM,2021,3,validate,3cl/v1-3/labels/ZM2366887_2021-08.tif,3cl/v1-3/images/ZM2366887_2021-08.tif
ZM2414018,,,v1.3.0,2.0,1.0,,24.0965,-17.1625,,0.164500957,ZM,2021,3,validate,3cl/v1-3/labels/ZM2414018_2021-08.tif,3cl/v1-3/images/ZM2414018_2021-08.tif
ZM0055352,,,v1.3.0,2.0,1.0,,30.8665,-8.9225,,0.026785714,ZM,2021,3,validate,3cl/v1-3/labels/ZM0055352_2021-08.tif,3cl/v1-3/images/ZM0055352_2021-08.tif
ZM0944258,,,v1.3.0,2.0,1.0,,26.3015,-12.8275,,0.0,ZM,2021,3,validate,3cl/v1-3/labels/ZM0944258_2021-08.tif,3cl/v1-3/images/ZM0944258_2021-08.tif
ZM1691974,,,v1.3.0,2.0,1.0,,28.8765,-14.6525,,0.286930006,ZM,2021,3,validate,3cl/v1-3/labels/ZM1691974_2021-08.tif,3cl/v1-3/images/ZM1691974_2021-08.tif
ZM1329034,,,v1.3.0,2.0,1.0,,32.7515,-13.7825,,0.2334582270408163,ZM,2021,3,validate,3cl/v1-3/labels/ZM1329034_2021-08.tif,3cl/v1-3/images/ZM1329034_2021-08.tif
ZM2317205,,,v1.3.0,2.0,1.0,,26.1015,-16.7075,,0.3034518494897959,ZM,2021,3,validate,3cl/v1-3/labels/ZM2317205_2021-08.tif,3cl/v1-3/images/ZM2317205_2021-08.tif
ZM0933410,,,v1.3.0,2.0,1.0,,26.6115,-12.7925,,0.0,ZM,2021,3,validate,3cl/v1-3/labels/ZM0933410_2021-08.tif,3cl/v1-3/images/ZM0933410_2021-08.tif
ZM1538155,,,v1.3.0,2.0,1.0,,31.2665,-14.2625,,0.3718510841836734,ZM,2021,3,validate,3cl/v1-3/labels/ZM1538155_2021-08.tif,3cl/v1-3/images/ZM1538155_2021-08.tif
ZM1758407,,,v1.3.0,2.0,1.0,,28.6565,-14.8375,,0.5137316645408163,ZM,2021,3,validate,3cl/v1-3/labels/ZM1758407_2021-08.tif,3cl/v1-3/images/ZM1758407_2021-08.tif
ZM1229280,,,v1.3.0,2.0,1.0,,29.6415,-13.5525,,0.7253467793367347,ZM,2021,3,validate,3cl/v1-3/labels/ZM1229280_2021-08.tif,3cl/v1-3/images/ZM1229280_2021-08.tif
ZM1618822,,,v1.3.0,2.0,1.0,,28.2865,-14.4625,,0.4299864477040816,ZM,2021,3,validate,3cl/v1-3/labels/ZM1618822_2021-08.tif,3cl/v1-3/images/ZM1618822_2021-08.tif
ZM1860173,,,v1.3.0,2.0,1.0,,27.7515,-15.1425,,0.0,ZM,2021,3,validate,3cl/v1-3/labels/ZM1860173_2021-08.tif,3cl/v1-3/images/ZM1860173_2021-08.tif
ZM2009491,,,v1.3.0,2.0,1.0,,23.0965,-15.5925,,0.1346659757653061,ZM,2021,3,validate,3cl/v1-3/labels/ZM2009491_2021-08.tif,3cl/v1-3/images/ZM2009491_2021-08.tif
ZM2315790,,,v1.3.0,2.0,1.0,,24.9615,-16.7025,,0.3307557397959184,ZM,2021,3,validate,3cl/v1-3/labels/ZM2315790_2021-08.tif,3cl/v1-3/images/ZM2315790_2021-08.tif
ZM2280234,,,v1.3.0,2.0,1.0,,26.9065,-16.5575,,0.058992347,ZM,2021,3,validate,3cl/v1-3/labels/ZM2280234_2021-08.tif,3cl/v1-3/images/ZM2280234_2021-08.tif
ZM2216022,,,v1.3.0,2.0,1.0,,26.4665,-16.3175,,0.6637834821428571,ZM,2021,3,validate,3cl/v1-3/labels/ZM2216022_2021-08.tif,3cl/v1-3/images/ZM2216022_2021-08.tif
ZM2216168,,,v1.3.0,2.0,1.0,,27.1965,-16.3175,,0.6637834821428571,ZM,2021,3,validate,3cl/v1-3/labels/ZM2216168_2021-08.tif,3cl/v1-3/images/ZM2216168_2021-08.tif
ZM1963577,,,v1.3.0,2.0,1.0,,28.4365,-15.4525,,0.037009726,ZM,2021,3,validate,3cl/v1-3/labels/ZM1963577_2021-08.tif,3cl/v1-3/images/ZM1963577_2021-08.tif
ZM1434606,,,v1.3.0,2.0,1.0,,22.3215,-14.0275,,0.1061662946428571,ZM,2021,3,validate,3cl/v1-3/labels/ZM1434606_2021-08.tif,3cl/v1-3/images/ZM1434606_2021-08.tif
ZM1514893,,,v1.3.0,2.0,1.0,,31.3065,-14.2075,,0.1789899553571428,ZM,2021,3,validate,3cl/v1-3/labels/ZM1514893_2021-08.tif,3cl/v1-3/images/ZM1514893_2021-08.tif
ZM2303969,,,v1.3.0,2.0,1.0,,26.1265,-16.6525,,0.3142338966836734,ZM,2021,3,validate,3cl/v1-3/labels/ZM2303969_2021-08.tif,3cl/v1-3/images/ZM2303969_2021-08.tif
ZM1975352,,,v1.3.0,2.0,1.0,,28.4965,-15.4875,,0.0,ZM,2021,3,validate,3cl/v1-3/labels/ZM1975352_2021-08.tif,3cl/v1-3/images/ZM1975352_2021-08.tif
ZM0331644,,,v1.3.0,2.0,1.0,,29.2565,-10.4775,,0.056700415,ZM,2021,3,validate,3cl/v1-3/labels/ZM0331644_2021-08.tif,3cl/v1-3/images/ZM0331644_2021-08.tif
ZM2282773,,,v1.3.0,2.0,1.0,,26.6515,-16.5675,,0.367984694,ZM,2021,3,validate,3cl/v1-3/labels/ZM2282773_2021-08.tif,3cl/v1-3/images/ZM2282773_2021-08.tif
ZM2411900,,,v1.3.0,2.0,1.0,,23.2865,-17.1525,,0.0,ZM,2021,3,validate,3cl/v1-3/labels/ZM2411900_2021-08.tif,3cl/v1-3/images/ZM2411900_2021-08.tif
ZM1817292,26489.0,2,v2.0.0,,,0.8303108808290155,27.3615,-15.0125,0.4146609605408249,0.3135562818877551,ZM,2019,3,validate,3cl/v2-0-0/labels/ZM1817292_26489_2019-08.tif,3cl/v2-0-0/images/ZM1817292_2019-08.tif
ZM0736752,27992.0,2,v2.0.0,,,0.8303108808290155,32.9615,-12.1675,0.4587771585611191,0.33850845,ZM,2021,3,validate,3cl/v2-0-0/labels/ZM0736752_27992_2021-09.tif,3cl/v2-0-0/images/ZM0736752_2021-09.tif
ZM1300179,10317.0,2,v2.0.0,,,0.8356164383561644,28.9115,-13.7175,1.0040158234033876,0.8960857780612245,ZM,2019,3,validate,3cl/v2-0-0/labels/ZM1300179_10317_2019-08.tif,3cl/v2-0-0/images/ZM1300179_2019-08.tif
ZM1020831,34536.0,2,v2.0.0,,,0.8043478260869565,26.7665,-13.0525,1.2367632077501505,0.2803332270408163,ZM,2023,3,validate,3cl/v2-0-0/labels/ZM1020831_34536_2023-06.tif,3cl/v2-0-0/images/ZM1020831_2023-06.tif
ZM1421041,32930.0,4,v2.0.0,,,0.8707482993197279,32.4065,-13.9925,0.936684927,0.7031050701530612,ZM,2020,3,validate,3cl/v2-0-0/labels/ZM1421041_32930_2020-09.tif,3cl/v2-0-0/images/ZM1421041_2020-09.tif
ZM2419252,28022.0,2,v2.0.0,,,0.8303108808290155,25.9415,-17.1875,0.6509247262968509,0.1330317283163265,ZM,2018,3,validate,3cl/v2-0-0/labels/ZM2419252_28022_2018-08.tif,3cl/v2-0-0/images/ZM2419252_2018-08.tif
ZM0575857,32842.0,4,v2.0.0,,,0.8117408906882592,33.3165,-11.6175,0.8321094679687413,0.7056162308673469,ZM,2022,3,validate,3cl/v2-0-0/labels/ZM0575857_32842_2022-09.tif,3cl/v2-0-0/images/ZM0575857_2022-09.tif
ZM1414501,9239.0,2,v2.0.0,,,0.8303108808290155,33.1465,-13.9775,0.745594038,0.8574816645408163,ZM,2019,3,validate,3cl/v2-0-0/labels/ZM1414501_9239_2019-08.tif,3cl/v2-0-0/images/ZM1414501_2019-08.tif
ZM0470096,1302.0,2,v2.0.0,,,0.8117408906882592,32.8965,-11.1675,0.362414486,0.3899673150510204,ZM,2022,3,validate,3cl/v2-0-0/labels/ZM0470096_1302_2022-09.tif,3cl/v2-0-0/images/ZM0470096_2022-09.tif
ZM1382851,13664.0,2,v2.0.0,,,0.8356164383561644,29.1365,-13.9075,4.7944624832551925,0.3856026785714285,ZM,2021,3,validate,3cl/v2-0-0/labels/ZM1382851_13664_2021-06.tif,3cl/v2-0-0/images/ZM1382851_2021-06.tif
ZM1968156,33794.0,2,v2.0.0,,,0.8707482993197279,26.1365,-15.4675,1.725933564393597,0.6909677933673469,ZM,2023,3,validate,3cl/v2-0-0/labels/ZM1968156_33794_2023-06.tif,3cl/v2-0-0/images/ZM1968156_2023-06.tif
ZM1653915,4963.0,2,v2.0.0,,,0.825,28.7115,-14.5525,1.528726936188585,0.3689213966836734,ZM,2018,3,validate,3cl/v2-0-0/labels/ZM1653915_4963_2018-08.tif,3cl/v2-0-0/images/ZM1653915_2018-08.tif
ZM2180960,3273.0,2,v2.0.0,,,0.8117408906882592,27.7765,-16.1875,1.2058149215067806,0.9377790178571428,ZM,2022,3,validate,3cl/v2-0-0/labels/ZM2180960_3273_2022-06.tif,3cl/v2-0-0/images/ZM2180960_2022-06.tif
ZM1906420,35527.0,2,v2.0.0,,,0.825,27.4015,-15.2825,0.8279418353783009,0.4956552933673469,ZM,2019,3,validate,3cl/v2-0-0/labels/ZM1906420_35527_2019-08.tif,3cl/v2-0-0/images/ZM1906420_2019-08.tif
ZM1579498,35775.0,2,v2.0.0,,,0.825,31.4065,-14.3625,0.623902859,0.8408402423469388,ZM,2017,3,validate,3cl/v2-0-0/labels/ZM1579498_35775_2017-08.tif,3cl/v2-0-0/images/ZM1579498_2017-08.tif
ZM1188703,13662.0,2,v2.0.0,,,0.8356164383561644,32.7265,-13.4575,0.6956495324163232,0.036830357,ZM,2022,3,validate,3cl/v2-0-0/labels/ZM1188703_13662_2022-07.tif,3cl/v2-0-0/images/ZM1188703_2022-07.tif
ZM2216429,20586.0,2,v2.0.0,,,0.8303108808290155,28.5015,-16.3175,0.6409525597477869,0.1887755102040816,ZM,2021,3,validate,3cl/v2-0-0/labels/ZM2216429_20586_2021-06.tif,3cl/v2-0-0/images/ZM2216429_2021-06.tif
ZM0869778,40866.0,1d,v2.0.0,,,0.825,27.9515,-12.5875,0.0,0.0,ZM,2021,3,validate,3cl/v2-0-0/labels/ZM0869778_40866_2021-06.tif,3cl/v2-0-0/images/ZM0869778_2021-06.tif
ZM1501541,13665.0,2,v2.0.0,,,0.8356164383561644,28.6915,-14.1775,1.3952320845983457,0.1360411352040816,ZM,2022,3,validate,3cl/v2-0-0/labels/ZM1501541_13665_2022-06.tif,3cl/v2-0-0/images/ZM1501541_2022-06.tif
ZM1841865,1407.0,2,v2.0.0,,,0.8117408906882592,26.7615,-15.0875,0.7947725068435368,0.6924625318877551,ZM,2018,3,validate,3cl/v2-0-0/labels/ZM1841865_1407_2018-08.tif,3cl/v2-0-0/images/ZM1841865_2018-08.tif
ZM1975239,14716.0,2,v2.0.0,,,0.825,27.9315,-15.4875,0.7917286515731372,0.8156688456632653,ZM,2021,3,validate,3cl/v2-0-0/labels/ZM1975239_14716_2021-06.tif,3cl/v2-0-0/images/ZM1975239_2021-06.tif
ZM1713752,26478.0,2,v2.0.0,,,0.8303108808290155,27.2465,-14.7125,1.4109015212966638,0.3222855548469387,ZM,2018,3,validate,3cl/v2-0-0/labels/ZM1713752_26478_2018-08.tif,3cl/v2-0-0/images/ZM1713752_2018-08.tif
ZM1453648,28005.0,2,v2.0.0,,,0.8303108808290155,28.8315,-14.0675,0.8933592491876212,0.5376275510204082,ZM,2021,3,validate,3cl/v2-0-0/labels/ZM1453648_28005_2021-06.tif,3cl/v2-0-0/images/ZM1453648_2021-06.tif
ZM1192587,13663.0,2,v2.0.0,,,0.8356164383561644,30.4115,-13.4675,0.369862971,0.323242188,ZM,2018,3,validate,3cl/v2-0-0/labels/ZM1192587_13663_2018-08.tif,3cl/v2-0-0/images/ZM1192587_2018-08.tif
ZM0618446,4950.0,2,v2.0.0,,,0.825,27.1865,-11.7825,0.4740279452233233,0.2298907844387755,ZM,2018,3,validate,3cl/v2-0-0/labels/ZM0618446_4950_2018-08.tif,3cl/v2-0-0/images/ZM0618446_2018-08.tif
ZM1406960,6045.0,2,v2.0.0,,,0.825,28.6965,-13.9625,0.1321632485280372,0.019312022,ZM,2018,3,validate,3cl/v2-0-0/labels/ZM1406960_6045_2018-08.tif,3cl/v2-0-0/images/ZM1406960_2018-08.tif
ZM1280609,20567.0,2,v2.0.0,,,0.8356164383561644,28.5615,-13.6725,0.8524596823618301,0.4215561224489796,ZM,2020,3,validate,3cl/v2-0-0/labels/ZM1280609_20567_2020-07.tif,3cl/v2-0-0/images/ZM1280609_2020-07.tif
ZM1680325,11392.0,2,v2.0.0,,,0.8356164383561644,27.0915,-14.6225,2.4910343572625178,0.6298429528061225,ZM,2017,3,validate,3cl/v2-0-0/labels/ZM1680325_11392_2017-08.tif,3cl/v2-0-0/images/ZM1680325_2017-08.tif
ZM1623415,3798.0,2,v2.0.0,,,0.8117408906882592,31.5515,-14.4725,1.319711712749532,0.8280253507653061,ZM,2021,3,validate,3cl/v2-0-0/labels/ZM1623415_3798_2021-09.tif,3cl/v2-0-0/images/ZM1623415_2021-09.tif
ZM0862364,13657.0,2,v2.0.0,,,0.8356164383561644,31.9815,-12.5625,0.7000796621097252,0.049884407,ZM,2022,3,validate,3cl/v2-0-0/labels/ZM0862364_13657_2022-07.tif,3cl/v2-0-0/images/ZM0862364_2022-07.tif
ZM0976408,21070.0,2,v2.0.0,,,0.8117408906882592,28.2265,-12.9275,0.6674183195286447,0.5634167729591837,ZM,2018,3,validate,3cl/v2-0-0/labels/ZM0976408_21070_2018-08.tif,3cl/v2-0-0/images/ZM0976408_2018-08.tif
ZM2076602,19748.0,2,v2.0.0,,,0.8356164383561644,26.2965,-15.8125,0.8201538742466673,0.3863799426020408,ZM,2018,3,validate,3cl/v2-0-0/labels/ZM2076602_19748_2018-08.tif,3cl/v2-0-0/images/ZM2076602_2018-08.tif
ZM1946666,33654.0,2,v2.0.0,,,0.825,27.7665,-15.4025,0.4932237939698327,0.8944714604591837,ZM,2017,3,validate,3cl/v2-0-0/labels/ZM1946666_33654_2017-08.tif,3cl/v2-0-0/images/ZM1946666_2017-08.tif
ZM2194576,33099.0,4,v2.0.0,,,0.825,27.5965,-16.2375,0.3432479705050428,0.8646564094387755,ZM,2018,3,validate,3cl/v2-0-0/labels/ZM2194576_33099_2018-08.tif,3cl/v2-0-0/images/ZM2194576_2018-08.tif
ZM2329248,19751.0,2,v2.0.0,,,0.8356164383561644,27.8315,-16.7575,1.2137475990524809,0.7472297512755102,ZM,2018,3,validate,3cl/v2-0-0/labels/ZM2329248_19751_2018-08.tif,3cl/v2-0-0/images/ZM2329248_2018-08.tif
ZM1621496,37926.0,2,v2.0.0,,,0.8043478260869565,31.8015,-14.4675,1.7647918066959274,0.6140983737244898,ZM,2019,3,validate,3cl/v2-0-0/labels/ZM1621496_37926_2019-08.tif,3cl/v2-0-0/images/ZM1621496_2019-08.tif
ZM1407021,35838.0,2,v2.0.0,,,0.8043478260869565,29.0015,-13.9625,2.8147015752910605,0.6850087691326531,ZM,2021,3,validate,3cl/v2-0-0/labels/ZM1407021_35838_2021-06.tif,3cl/v2-0-0/images/ZM1407021_2021-06.tif
ZM1795713,33056.0,4,v2.0.0,,,0.8707482993197279,27.4515,-14.9475,1.570480858937484,0.9217155612244898,ZM,2022,3,validate,3cl/v2-0-0/labels/ZM1795713_33056_2022-06.tif,3cl/v2-0-0/images/ZM1795713_2022-06.tif
ZM1823702,19747.0,2,v2.0.0,,,0.8356164383561644,26.4815,-15.0325,1.4116621641557665,0.041394292,ZM,2021,3,validate,3cl/v2-0-0/labels/ZM1823702_19747_2021-06.tif,3cl/v2-0-0/images/ZM1823702_2021-06.tif
ZM1436452,15717.0,2,v2.0.0,,,0.8707482993197279,31.5515,-14.0275,0.6721902715032925,0.7345742984693877,ZM,2017,3,validate,3cl/v2-0-0/labels/ZM1436452_15717_2017-02.tif,3cl/v2-0-0/images/ZM1436452_2017-02.tif
ZM1502177,13666.0,2,v2.0.0,,,0.8356164383561644,31.8715,-14.1775,0.707491644,0.8367546237244898,ZM,2020,3,validate,3cl/v2-0-0/labels/ZM1502177_13666_2020-09.tif,3cl/v2-0-0/images/ZM1502177_2020-09.tif
ZM0806248,7097.0,2,v2.0.0,,,0.8707482993197279,33.4415,-12.3875,0.9344802599649338,0.5355947066326531,ZM,2019,3,validate,3cl/v2-0-0/labels/ZM0806248_7097_2019-08.tif,3cl/v2-0-0/images/ZM0806248_2019-08.tif
ZM1440884,37107.0,2,v2.0.0,,,0.8043478260869565,31.4965,-14.0375,2.148794977660488,0.7083864795918368,ZM,2023,3,validate,3cl/v2-0-0/labels/ZM1440884_37107_2023-01.tif,3cl/v2-0-0/images/ZM1440884_2023-01.tif
ZM1198195,27999.0,2,v2.0.0,,,0.8117408906882592,25.9165,-13.4825,0.925962875,0.3499481823979591,ZM,2023,3,validate,3cl/v2-0-0/labels/ZM1198195_27999_2023-06.tif,3cl/v2-0-0/images/ZM1198195_2023-06.tif
ZM1822239,6056.0,2,v2.0.0,,,0.8117408906882592,27.4015,-15.0275,1.8306771936488329,0.7227359693877551,ZM,2019,3,validate,3cl/v2-0-0/labels/ZM1822239_6056_2019-08.tif,3cl/v2-0-0/images/ZM1822239_2019-08.tif
ZM2430849,30244.0,2,v2.0.0,,,0.8303108808290155,26.9715,-17.2475,0.9794055794887416,0.7005141900510204,ZM,2023,3,validate,3cl/v2-0-0/labels/ZM2430849_30244_2023-06.tif,3cl/v2-0-0/images/ZM2430849_2023-06.tif
ZM0399465,10308.0,2,v2.0.0,,,0.8303108808290155,30.3665,-10.8175,0.2645092574231621,0.2396364795918367,ZM,2018,3,validate,3cl/v2-0-0/labels/ZM0399465_10308_2018-08.tif,3cl/v2-0-0/images/ZM0399465_2018-08.tif
ZM1385711,26431.0,2,v2.0.0,,,0.8117408906882592,32.4815,-13.9125,0.8227380427209954,0.6962292729591837,ZM,2019,3,validate,3cl/v2-0-0/labels/ZM1385711_26431_2019-08.tif,3cl/v2-0-0/images/ZM1385711_2019-08.tif
ZM1792494,28011.0,2,v2.0.0,,,0.8356164383561644,28.1965,-14.9375,6.979119231940744,0.6381138392857143,ZM,2019,3,validate,3cl/v2-0-0/labels/ZM1792494_28011_2019-08.tif,3cl/v2-0-0/images/ZM1792494_2019-08.tif
ZM1167144,10315.0,2,v2.0.0,,,0.8303108808290155,32.8165,-13.4075,0.8581675102129923,0.6733697385204082,ZM,2020,3,validate,3cl/v2-0-0/labels/ZM1167144_10315_2020-07.tif,3cl/v2-0-0/images/ZM1167144_2020-07.tif
ZM1744093,32283.0,2,v2.0.0,,,0.8117408906882592,26.9115,-14.7975,2.4725310346982976,0.4657007334183674,ZM,2022,3,validate,3cl/v2-0-0/labels/ZM1744093_32283_2022-06.tif,3cl/v2-0-0/images/ZM1744093_2022-06.tif
ZM0750827,27994.0,2,v2.0.0,,,0.8356164383561644,32.9665,-12.2125,2.4158120521452164,0.6038544323979592,ZM,2017,3,validate,3cl/v2-0-0/labels/ZM0750827_27994_2017-08.tif,3cl/v2-0-0/images/ZM0750827_2017-08.tif
ZM0330256,9233.0,2,v2.0.0,,,0.8117408906882592,32.3165,-10.4675,1.5495477203911887,0.4887197066326531,ZM,2021,3,validate,3cl/v2-0-0/labels/ZM0330256_9233_2021-06.tif,3cl/v2-0-0/images/ZM0330256_2021-06.tif
ZM0352281,15701.0,2,v2.0.0,,,0.8117408906882592,32.1515,-10.5775,0.974765693,0.4594826211734694,ZM,2019,3,validate,3cl/v2-0-0/labels/ZM0352281_15701_2019-08.tif,3cl/v2-0-0/images/ZM0352281_2019-08.tif
ZM1596342,9247.0,2,v2.0.0,,,0.8303108808290155,24.9665,-14.4075,1.3072862244908725,0.2495416135204081,ZM,2022,3,validate,3cl/v2-0-0/labels/ZM1596342_9247_2022-06.tif,3cl/v2-0-0/images/ZM1596342_2022-06.tif
ZM2169848,4971.0,2,v2.0.0,,,0.8356164383561644,26.9515,-16.1475,0.5355119908176564,0.3486726721938775,ZM,2020,3,validate,3cl/v2-0-0/labels/ZM2169848_4971_2020-07.tif,3cl/v2-0-0/images/ZM2169848_2020-07.tif
ZM0564385,34258.0,2,v2.0.0,,,0.8117408906882592,33.1965,-11.5725,1.2851281166587956,0.1989795918367347,ZM,2023,3,validate,3cl/v2-0-0/labels/ZM0564385_34258_2023-09.tif,3cl/v2-0-0/images/ZM0564385_2023-09.tif
ZM1695350,37075.0,2,v2.0.0,,,0.8043478260869565,27.1315,-14.6625,3.8405225823393887,0.8110251913265306,ZM,2023,3,validate,3cl/v2-0-0/labels/ZM1695350_37075_2023-06.tif,3cl/v2-0-0/images/ZM1695350_2023-06.tif
ZM1860179,33060.0,4,v2.0.0,,,0.8117408906882592,27.7815,-15.1425,1.0017602192452857,0.066784917,ZM,2019,3,validate,3cl/v2-0-0/labels/ZM1860179_33060_2019-08.tif,3cl/v2-0-0/images/ZM1860179_2019-08.tif
ZM1593089,36378.0,2,v2.0.0,,,0.8117408906882592,28.7265,-14.3975,1.5168403164711728,0.5756138392857143,ZM,2017,3,validate,3cl/v2-0-0/labels/ZM1593089_36378_2017-08.tif,3cl/v2-0-0/images/ZM1593089_2017-08.tif
ZM2172514,26523.0,2,v2.0.0,,,0.8303108808290155,26.5865,-16.1575,0.8755000247261162,0.8431521045918368,ZM,2017,3,validate,3cl/v2-0-0/labels/ZM2172514_26523_2017-08.tif,3cl/v2-0-0/images/ZM2172514_2017-08.tif
ZM2265771,13677.0,2,v2.0.0,,,0.8356164383561644,27.0265,-16.5025,0.7853025729253643,0.6126036352040817,ZM,2021,3,validate,3cl/v2-0-0/labels/ZM2265771_13677_2021-06.tif,3cl/v2-0-0/images/ZM2265771_2021-06.tif
ZM1366022,15712.0,2,v2.0.0,,,0.8707482993197279,32.5665,-13.8675,0.9534770987017736,0.8045280612244898,ZM,2020,3,validate,3cl/v2-0-0/labels/ZM1366022_15712_2020-09.tif,3cl/v2-0-0/images/ZM1366022_2020-09.tif
ZM0779553,10310.0,2,v2.0.0,,,0.8303108808290155,27.7215,-12.3075,0.6616950766815309,0.5989118303571429,ZM,2019,3,validate,3cl/v2-0-0/labels/ZM0779553_10310_2019-08.tif,3cl/v2-0-0/images/ZM0779553_2019-08.tif
ZM1689334,15722.0,2,v2.0.0,,,0.8707482993197279,25.0265,-14.6475,0.7328975049195088,0.2563177614795918,ZM,2019,3,validate,3cl/v2-0-0/labels/ZM1689334_15722_2019-08.tif,3cl/v2-0-0/images/ZM1689334_2019-08.tif
ZM2412386,26540.0,2,v2.0.0,,,0.8303108808290155,25.7165,-17.1525,0.6150032541549647,0.274414063,ZM,2018,3,validate,3cl/v2-0-0/labels/ZM2412386_26540_2018-08.tif,3cl/v2-0-0/images/ZM2412386_2018-08.tif
ZM1371954,9237.0,2,v2.0.0,,,0.8303108808290155,29.4065,-13.8825,5.332697837,0.2970344387755102,ZM,2018,3,validate,3cl/v2-0-0/labels/ZM1371954_9237_2018-08.tif,3cl/v2-0-0/images/ZM1371954_2018-08.tif
ZM1227136,2672.0,2,v2.0.0,2.0,1.0,0.7282051282051282,29.7215,-13.5475,0.3037089854148891,0.5064971301020408,ZM,2017,3,test,3cl/v2-0-0/labels/ZM1227136_2672_2017-08.tif,3cl/v2-0-0/images/ZM1227136_2017-08.tif
ZM2424240,2711.0,2,v2.0.0,2.5,1.0,0.6941747572815534,26.9515,-17.2125,0.5888573862721884,0.7734175701530612,ZM,2018,3,test,3cl/v2-0-0/labels/ZM2424240_2711_2018-08.tif,3cl/v2-0-0/images/ZM2424240_2018-08.tif
ZM1229160,3233.0,2,v2.0.0,3.0,1.0,0.6302521008403361,29.0415,-13.5525,0.1751442800201769,0.122867506,ZM,2018,3,test,3cl/v2-0-0/labels/ZM1229160_3233_2018-08.tif,3cl/v2-0-0/images/ZM1229160_2018-08.tif
ZM1404640,4957.0,2,v2.0.0,3.0,1.0,0.706386293,28.1865,-13.9575,13.09965518,0.9370615433673468,ZM,2018,3,test,3cl/v2-0-0/labels/ZM1404640_4957_2018-08.tif,3cl/v2-0-0/images/ZM1404640_2018-08.tif
ZM1687974,4964.0,2,v2.0.0,2.0,1.0,0.706386293,27.6015,-14.6425,3.496585069,0.4193239795918367,ZM,2017,3,test,3cl/v2-0-0/labels/ZM1687974_4964_2017-08.tif,3cl/v2-0-0/images/ZM1687974_2017-08.tif
ZM2500695,4978.0,2,v2.0.0,2.0,1.0,0.825,26.7165,-17.7375,0.9029663569742749,0.7224968112244898,ZM,2019,3,test,3cl/v2-0-0/labels/ZM2500695_4978_2019-08.tif,3cl/v2-0-0/images/ZM2500695_2019-08.tif
ZM0854608,6037.0,2,v2.0.0,2.0,1.0,0.825,33.1665,-12.5375,1.1097357362243538,0.4644451530612244,ZM,2018,3,test,3cl/v2-0-0/labels/ZM0854608_6037_2018-08.tif,3cl/v2-0-0/images/ZM0854608_2018-08.tif
ZM1765017,6055.0,2,v2.0.0,3.0,1.0,0.825,27.1165,-14.8575,1.9874057913019487,0.5735212053571429,ZM,2017,3,test,3cl/v2-0-0/labels/ZM1765017_6055_2017-08.tif,3cl/v2-0-0/images/ZM1765017_2017-08.tif
ZM1342034,7105.0,2,v2.0.0,3.0,1.0,0.706386293,32.5815,-13.8125,1.031910859247173,0.8868582589285714,ZM,2022,3,test,3cl/v2-0-0/labels/ZM1342034_7105_2022-07.tif,3cl/v2-0-0/images/ZM1342034_2022-07.tif
ZM1888422,7114.0,2,v2.0.0,3.0,1.0,0.706386293,28.6265,-15.2275,1.857370306248456,0.3530970982142857,ZM,2020,3,test,3cl/v2-0-0/labels/ZM1888422_7114_2020-07.tif,3cl/v2-0-0/images/ZM1888422_2020-07.tif
ZM1650642,8150.0,2,v2.0.0,3.0,1.0,0.706386293,31.5915,-14.5425,1.8202399108221847,0.4125876913265306,ZM,2019,3,test,3cl/v2-0-0/labels/ZM1650642_8150_2019-08.tif,3cl/v2-0-0/images/ZM1650642_2019-08.tif
ZM1522110,9246.0,2,v2.0.0,3.0,1.0,0.8117408906882592,24.9115,-14.2275,0.5367125640276699,0.7044603,ZM,2018,3,test,3cl/v2-0-0/labels/ZM1522110_9246_2018-08.tif,3cl/v2-0-0/images/ZM1522110_2018-08.tif
ZM2164253,9261.0,2,v2.0.0,2.5,1.0,0.8356164383561644,26.3965,-16.1275,3.4753777834823705,0.4651626275510204,ZM,2017,3,test,3cl/v2-0-0/labels/ZM2164253_9261_2017-08.tif,3cl/v2-0-0/images/ZM2164253_2017-08.tif
ZM1365411,10318.0,2,v2.0.0,3.0,1.0,0.8303108808290155,29.5115,-13.8675,0.977837936,0.7252272,ZM,2022,3,test,3cl/v2-0-0/labels/ZM1365411_10318_2022-06.tif,3cl/v2-0-0/images/ZM1365411_2022-06.tif
ZM1719534,10327.0,2,v2.0.0,3.0,1.0,0.8303108808290155,28.8965,-14.7275,3.6604462985059056,0.8029336734693877,ZM,2019,3,test,3cl/v2-0-0/labels/ZM1719534_10327_2019-08.tif,3cl/v2-0-0/images/ZM1719534_2019-08.tif
ZM0952811,11382.0,2,v2.0.0,3.0,1.0,0.5787037037037037,30.8665,-12.8525,1.0702647007811907,0.3744818239795918,ZM,2020,3,test,3cl/v2-0-0/labels/ZM0952811_11382_2020-09.tif,3cl/v2-0-0/images/ZM0952811_2020-09.tif
ZM1456474,11389.0,2,v2.0.0,2.0,1.0,0.5787037037037037,31.9215,-14.0725,0.7023797939816141,0.1148557079081632,ZM,2019,3,test,3cl/v2-0-0/labels/ZM1456474_11389_2019-08.tif,3cl/v2-0-0/images/ZM1456474_2019-08.tif
ZM2149436,11403.0,2,v2.0.0,3.0,1.0,0.5787037037037037,27.6715,-16.0725,4.494937438560761,0.7150629783163265,ZM,2017,3,test,3cl/v2-0-0/labels/ZM2149436_11403_2017-08.tif,3cl/v2-0-0/images/ZM2149436_2017-08.tif
ZM1835604,11397.0,2,v2.0.0,2.0,1.0,0.8356164383561644,28.3665,-15.0675,1.2866081881032043,0.3277064732142857,ZM,2021,3,test,3cl/v2-0-0/labels/ZM1835604_11397_2021-06.tif,3cl/v2-0-0/images/ZM1835604_2021-06.tif
ZM1330620,12595.0,2,v2.0.0,2.0,1.0,0.4598930481283422,29.8515,-13.7875,8.426913490489497,0.2954599808673469,ZM,2021,3,test,3cl/v2-0-0/labels/ZM1330620_12595_2021-06.tif,3cl/v2-0-0/images/ZM1330620_2021-06.tif
ZM1356587,12596.0,2,v2.0.0,3.0,1.0,0.4598930481283422,29.0515,-13.8475,1.3131599559682512,0.8354591836734694,ZM,2021,3,test,3cl/v2-0-0/labels/ZM1356587_12596_2021-06.tif,3cl/v2-0-0/images/ZM1356587_2021-06.tif
ZM0017150,13649.0,2,v2.0.0,3.0,1.0,0.6480446927374302,29.0565,-8.5575,0.9838369696398208,0.1023198341836734,ZM,2022,3,test,3cl/v2-0-0/labels/ZM0017150_13649_2022-10.tif,3cl/v2-0-0/images/ZM0017150_2022-10.tif
ZM1184835,13661.0,2,v2.0.0,3.0,1.0,0.8356164383561644,24.2765,-13.4525,0.5375011703592764,0.1675103635204081,ZM,2019,3,test,3cl/v2-0-0/labels/ZM1184835_13661_2019-08.tif,3cl/v2-0-0/images/ZM1184835_2019-08.tif
ZM2342982,13678.0,2,v2.0.0,4.0,1.0,0.8356164383561644,27.8015,-16.8175,0.0,0.0,ZM,2021,3,test,3cl/v2-0-0/labels/ZM2342982_13678_2021-06.tif,3cl/v2-0-0/images/ZM2342982_2021-06.tif
ZM1726594,14710.0,2,v2.0.0,3.0,1.0,0.6305841924398625,28.1415,-14.7475,0.7299359493190879,0.5300542091836735,ZM,2018,3,test,3cl/v2-0-0/labels/ZM1726594_14710_2018-08.tif,3cl/v2-0-0/images/ZM1726594_2018-08.tif
ZM1926765,14715.0,2,v2.0.0,2.5,1.0,0.6305841924398625,28.8865,-15.3425,0.6745568212721843,0.3636001275510204,ZM,2021,3,test,3cl/v2-0-0/labels/ZM1926765_14715_2021-06.tif,3cl/v2-0-0/images/ZM1926765_2021-06.tif
ZM1978559,15728.0,2,v2.0.0,3.0,1.0,0.6941747572815534,27.7365,-15.4975,0.5394923948562611,0.8329081632653061,ZM,2020,3,test,3cl/v2-0-0/labels/ZM1978559_15728_2020-07.tif,3cl/v2-0-0/images/ZM1978559_2020-07.tif
ZM2486150,17699.0,2,v2.0.0,2.0,0.5,0.6305841924398625,25.9665,-17.5775,1.4261357210408256,0.1560108418367347,ZM,2021,3,test,3cl/v2-0-0/labels/ZM2486150_17699_2021-06.tif,3cl/v2-0-0/images/ZM2486150_2021-06.tif
ZM0321550,18628.0,2,v2.0.0,2.0,1.0,0.7239819004524887,33.5015,-10.4225,0.9084050017238224,0.4982063137755102,ZM,2022,3,test,3cl/v2-0-0/labels/ZM0321550_18628_2022-09.tif,3cl/v2-0-0/images/ZM0321550_2022-09.tif
ZM0830452,18632.0,2,v2.0.0,3.0,1.0,0.5787037037037037,33.2215,-12.4625,0.812584308,0.3202925701530612,ZM,2019,3,test,3cl/v2-0-0/labels/ZM0830452_18632_2019-08.tif,3cl/v2-0-0/images/ZM0830452_2019-08.tif
ZM1835391,18641.0,2,v2.0.0,2.0,1.0,0.6305841924398625,27.3015,-15.0675,0.9681806604865651,0.4707828443877551,ZM,2017,3,test,3cl/v2-0-0/labels/ZM1835391_18641_2017-08.tif,3cl/v2-0-0/images/ZM1835391_2017-08.tif
ZM2264711,18649.0,2,v2.0.0,2.0,1.0,0.6305841924398625,28.4015,-16.4975,1.1875254169234928,0.2835220025510204,ZM,2021,3,test,3cl/v2-0-0/labels/ZM2264711_18649_2021-06.tif,3cl/v2-0-0/images/ZM2264711_2021-06.tif
ZM2354954,20587.0,2,v2.0.0,2.0,1.0,0.8303108808290155,26.2665,-16.8725,0.5536676007090549,0.5270248724489796,ZM,2020,3,test,3cl/v2-0-0/labels/ZM2354954_20587_2020-07.tif,3cl/v2-0-0/images/ZM2354954_2020-07.tif
ZM2203895,21078.0,2,v2.0.0,3.0,1.0,0.6305841924398625,26.6265,-16.2725,0.8794799827705464,0.4259008290816326,ZM,2022,3,test,3cl/v2-0-0/labels/ZM2203895_21078_2022-06.tif,3cl/v2-0-0/images/ZM2203895_2022-06.tif
ZM0674508,26385.0,2,v2.0.0,3.0,1.0,0.8303108808290155,33.1215,-11.9725,0.4303517122264431,0.1754424426020408,ZM,2022,3,test,3cl/v2-0-0/labels/ZM0674508_26385_2022-09.tif,3cl/v2-0-0/images/ZM0674508_2022-09.tif
ZM1304514,26421.0,2,v2.0.0,2.0,1.0,0.6941747572815534,28.9015,-13.7275,0.980079062,0.3508250956632653,ZM,2022,3,test,3cl/v2-0-0/labels/ZM1304514_26421_2022-06.tif,3cl/v2-0-0/images/ZM1304514_2022-06.tif
ZM1278462,26419.0,2,v2.0.0,3.0,1.0,0.6302521008403361,28.6315,-13.6675,0.3160195935299181,0.4575693558673469,ZM,2018,3,test,3cl/v2-0-0/labels/ZM1278462_26419_2018-08.tif,3cl/v2-0-0/images/ZM1278462_2018-08.tif
ZM1740875,26482.0,2,v2.0.0,3.0,1.0,0.8303108808290155,28.4065,-14.7875,0.6006497272274985,0.7143853635204082,ZM,2019,3,test,3cl/v2-0-0/labels/ZM1740875_26482_2019-08.tif,3cl/v2-0-0/images/ZM1740875_2019-08.tif
ZM0779369,27995.0,2,v2.0.0,3.0,1.0,0.8043478260869565,26.8015,-12.3075,0.5926780830477237,0.4748684630102041,ZM,2017,3,test,3cl/v2-0-0/labels/ZM0779369_27995_2017-08.tif,3cl/v2-0-0/images/ZM0779369_2017-08.tif
ZM0885561,28448.0,2,v2.0.0,2.0,1.0,0.7687224669603524,27.9665,-12.6375,2.9044805763911983,0.6432557397959183,ZM,2020,3,test,3cl/v2-0-0/labels/ZM0885561_28448_2020-07.tif,3cl/v2-0-0/images/ZM0885561_2020-07.tif
ZM1296593,30732.0,2,v2.0.0,2.0,1.0,0.8043478260869565,32.6765,-13.7075,2.0868236673039258,0.6844706632653061,ZM,2023,3,test,3cl/v2-0-0/labels/ZM1296593_30732_2023-07.tif,3cl/v2-0-0/images/ZM1296593_2023-07.tif
ZM2483369,31435.0,2,v2.0.0,2.5,1.0,0.8303108808290155,26.3665,-17.5525,0.7421981819377307,0.4613360969387755,ZM,2023,3,test,3cl/v2-0-0/labels/ZM2483369_31435_2023-06.tif,3cl/v2-0-0/images/ZM2483369_2023-06.tif
ZM1235721,31701.0,2,v2.0.0,2.0,1.0,0.7239819004524887,29.5315,-13.5675,1.6537012732752867,0.5803770727040817,ZM,2017,3,test,3cl/v2-0-0/labels/ZM1235721_31701_2017-08.tif,3cl/v2-0-0/images/ZM1235721_2017-08.tif
ZM0011142,32416.0,2,v2.0.0,2.0,1.0,0.5787037037037037,29.7465,-8.4825,0.4163660955820387,0.1027582908163265,ZM,2023,3,test,3cl/v2-0-0/labels/ZM0011142_32416_2023-10.tif,3cl/v2-0-0/images/ZM0011142_2023-10.tif
ZM1537669,32634.0,2,v2.0.0,3.0,1.0,0.6302521008403361,28.8365,-14.2625,7.739739442176348,0.8846261160714286,ZM,2023,3,test,3cl/v2-0-0/labels/ZM1537669_32634_2023-06.tif,3cl/v2-0-0/images/ZM1537669_2023-06.tif
ZM0775597,33508.0,2,v2.0.0,3.0,1.0,0.6625,33.0065,-12.2925,0.5766349967718915,0.8305165816326531,ZM,2023,3,test,3cl/v2-0-0/labels/ZM0775597_33508_2023-09.tif,3cl/v2-0-0/images/ZM0775597_2023-09.tif
ZM1622811,34211.0,2,v2.0.0,3.0,1.0,0.706386293,28.5315,-14.4725,1.2947000769371475,0.4547991071428571,ZM,2018,3,test,3cl/v2-0-0/labels/ZM1622811_34211_2018-08.tif,3cl/v2-0-0/images/ZM1622811_2018-08.tif
ZM1348317,35381.0,2,v2.0.0,3.0,1.0,0.8043478260869565,31.3065,-13.8275,0.5899437608641149,0.1929408482142857,ZM,2023,3,test,3cl/v2-0-0/labels/ZM1348317_35381_2023-09.tif,3cl/v2-0-0/images/ZM1348317_2023-09.tif
ZM1296486,36857.0,2,v2.0.0,3.0,1.0,0.6305841924398625,32.1415,-13.7075,2.706852997667845,0.765007175,ZM,2022,3,test,3cl/v2-0-0/labels/ZM1296486_36857_2022-01.tif,3cl/v2-0-0/images/ZM1296486_2022-01.tif
ZM1705882,37439.0,2,v2.0.0,3.0,1.0,0.7239819004524887,24.4665,-14.6925,1.217162750938239,0.3686224489795918,ZM,2023,3,test,3cl/v2-0-0/labels/ZM1705882_37439_2023-06.tif,3cl/v2-0-0/images/ZM1705882_2023-06.tif
ZM0540916,37748.0,2,v2.0.0,2.0,1.0,0.8707482993197279,32.6565,-11.4775,1.154159140912943,0.3665497448979591,ZM,2018,3,test,3cl/v2-0-0/labels/ZM0540916_37748_2018-02.tif,3cl/v2-0-0/images/ZM0540916_2018-02.tif
ZM0932381,,,v1.3.0,2.0,1.0,,30.5165,-12.7875,,0.1206752232142857,ZM,2021,3,test,3cl/v1-3/labels/ZM0932381_2021-08.tif,3cl/v1-3/images/ZM0932381_2021-08.tif
ZM2213703,,,v1.3.0,2.0,1.0,,28.3465,-16.3075,,0.05462771,ZM,2021,3,test,3cl/v1-3/labels/ZM2213703_2021-08.tif,3cl/v1-3/images/ZM2213703_2021-08.tif
ZM0461968,,,v1.3.0,2.0,1.0,,29.1265,-11.1325,,0.1018614477040816,ZM,2021,3,test,3cl/v1-3/labels/ZM0461968_2021-08.tif,3cl/v1-3/images/ZM0461968_2021-08.tif
ZM2295847,,,v1.3.0,2.0,1.0,,22.4865,-16.6225,,0.153579401,ZM,2021,3,test,3cl/v1-3/labels/ZM2295847_2021-08.tif,3cl/v1-3/images/ZM2295847_2021-08.tif
ZM2079799,,,v1.3.0,2.0,1.0,,27.9765,-15.8225,,0.7476283482142857,ZM,2021,3,test,3cl/v1-3/labels/ZM2079799_2021-08.tif,3cl/v1-3/images/ZM2079799_2021-08.tif
ZM2480863,,,v1.3.0,2.0,1.0,,26.8065,-17.5325,,0.025669643,ZM,2021,3,test,3cl/v1-3/labels/ZM2480863_2021-08.tif,3cl/v1-3/images/ZM2480863_2021-08.tif
ZM2219002,,,v1.3.0,2.0,1.0,,27.9015,-16.3275,,0.1057876275510204,ZM,2021,3,test,3cl/v1-3/labels/ZM2219002_2021-08.tif,3cl/v1-3/images/ZM2219002_2021-08.tif
ZM0043002,,,v1.3.0,2.0,1.0,,31.5115,-8.8125,,0.3071189413265306,ZM,2021,3,test,3cl/v1-3/labels/ZM0043002_2021-08.tif,3cl/v1-3/images/ZM0043002_2021-08.tif
ZM2187890,,,v1.3.0,2.0,1.0,,28.2415,-16.2125,,0.590202487,ZM,2021,3,test,3cl/v1-3/labels/ZM2187890_2021-08.tif,3cl/v1-3/images/ZM2187890_2021-08.tif
ZM2485115,,,v1.3.0,2.0,1.0,,26.3415,-17.5675,,0.3034119897959184,ZM,2021,3,test,3cl/v1-3/labels/ZM2485115_2021-08.tif,3cl/v1-3/images/ZM2485115_2021-08.tif
ZM1227640,,,v1.3.0,2.0,1.0,,32.2415,-13.5475,,0.4200613839285714,ZM,2021,3,test,3cl/v1-3/labels/ZM1227640_2021-08.tif,3cl/v1-3/images/ZM1227640_2021-08.tif
ZM2117591,,,v1.3.0,2.0,1.0,,26.5215,-15.9575,,0.6528419961734694,ZM,2021,3,test,3cl/v1-3/labels/ZM2117591_2021-08.tif,3cl/v1-3/images/ZM2117591_2021-08.tif
ZM0386443,,,v1.3.0,2.0,1.0,,29.2865,-10.7525,,0.051698023,ZM,2021,3,test,3cl/v1-3/labels/ZM0386443_2021-08.tif,3cl/v1-3/images/ZM0386443_2021-08.tif
ZM2310085,,,v1.3.0,2.0,1.0,,26.3615,-16.6775,,0.5170200892857143,ZM,2021,3,test,3cl/v1-3/labels/ZM2310085_2021-08.tif,3cl/v1-3/images/ZM2310085_2021-08.tif
ZM2139930,,,v1.3.0,2.0,1.0,,28.0765,-16.0375,,0.952865912,ZM,2021,3,test,3cl/v1-3/labels/ZM2139930_2021-08.tif,3cl/v1-3/images/ZM2139930_2021-08.tif
ZM2160265,,,v1.3.0,2.0,1.0,,27.0315,-16.1125,,0.3362563775510204,ZM,2021,3,test,3cl/v1-3/labels/ZM2160265_2021-08.tif,3cl/v1-3/images/ZM2160265_2021-08.tif
ZM1656379,,,v1.3.0,2.0,1.0,,31.4215,-14.5575,,0.8267697704081632,ZM,2021,3,test,3cl/v1-3/labels/ZM1656379_2021-08.tif,3cl/v1-3/images/ZM1656379_2021-08.tif
ZM2417519,,,v1.3.0,2.0,1.0,,26.9715,-17.1775,,0.0,ZM,2021,3,test,3cl/v1-3/labels/ZM2417519_2021-08.tif,3cl/v1-3/images/ZM2417519_2021-08.tif
ZM1458572,,,v1.3.0,2.0,1.0,,31.3865,-14.0775,,0.3385283801020408,ZM,2021,3,test,3cl/v1-3/labels/ZM1458572_2021-08.tif,3cl/v1-3/images/ZM1458572_2021-08.tif
ZM0396400,,,v1.3.0,2.0,1.0,,29.7715,-10.8025,,0.1119260204081632,ZM,2021,3,test,3cl/v1-3/labels/ZM0396400_2021-08.tif,3cl/v1-3/images/ZM0396400_2021-08.tif
ZM2332572,,,v1.3.0,2.0,1.0,,27.1215,-16.7725,,0.0,ZM,2021,3,test,3cl/v1-3/labels/ZM2332572_2021-08.tif,3cl/v1-3/images/ZM2332572_2021-08.tif
ZM1911527,,,v1.3.0,2.0,1.0,,27.9465,-15.2975,,0.9290098852040816,ZM,2021,3,test,3cl/v1-3/labels/ZM1911527_2021-08.tif,3cl/v1-3/images/ZM1911527_2021-08.tif
ZM0982611,,,v1.3.0,2.0,1.0,,27.3665,-12.9475,,0.015904018,ZM,2021,3,test,3cl/v1-3/labels/ZM0982611_2021-08.tif,3cl/v1-3/images/ZM0982611_2021-08.tif
ZM0061244,,,v1.3.0,2.0,1.0,,31.7915,-8.9675,,0.2903380102040816,ZM,2021,3,test,3cl/v1-3/labels/ZM0061244_2021-08.tif,3cl/v1-3/images/ZM0061244_2021-08.tif
ZM0980997,,,v1.3.0,2.0,1.0,,27.2765,-12.9425,,0.1241230867346938,ZM,2021,3,test,3cl/v1-3/labels/ZM0980997_2021-08.tif,3cl/v1-3/images/ZM0980997_2021-08.tif
ZM0811677,,,v1.3.0,2.0,1.0,,27.0465,-12.4075,,0.020428093,ZM,2021,3,test,3cl/v1-3/labels/ZM0811677_2021-08.tif,3cl/v1-3/images/ZM0811677_2021-08.tif
ZM2236432,,,v1.3.0,2.0,1.0,,27.5915,-16.3925,,0.2677774234693877,ZM,2021,3,test,3cl/v1-3/labels/ZM2236432_2021-08.tif,3cl/v1-3/images/ZM2236432_2021-08.tif
ZM0424538,,,v1.3.0,2.0,1.0,,30.2065,-10.9475,,0.1480189732142857,ZM,2021,3,test,3cl/v1-3/labels/ZM0424538_2021-08.tif,3cl/v1-3/images/ZM0424538_2021-08.tif
ZM2475772,,,v1.3.0,2.0,1.0,,27.1815,-17.4975,,0.193180006,ZM,2021,3,test,3cl/v1-3/labels/ZM2475772_2021-08.tif,3cl/v1-3/images/ZM2475772_2021-08.tif
ZM2137844,,,v1.3.0,2.0,1.0,,24.5065,-16.0325,,0.2621771364795918,ZM,2021,3,test,3cl/v1-3/labels/ZM2137844_2021-08.tif,3cl/v1-3/images/ZM2137844_2021-08.tif
ZM2399797,,,v1.3.0,2.0,1.0,,26.9365,-17.0875,,0.2964764030612244,ZM,2021,3,test,3cl/v1-3/labels/ZM2399797_2021-08.tif,3cl/v1-3/images/ZM2399797_2021-08.tif
ZM1238414,,,v1.3.0,2.0,1.0,,32.2465,-13.5725,,0.4815051020408163,ZM,2021,3,test,3cl/v1-3/labels/ZM1238414_2021-08.tif,3cl/v1-3/images/ZM1238414_2021-08.tif
ZM1888408,,,v1.3.0,2.0,1.0,,28.5565,-15.2275,,0.007912149,ZM,2021,3,test,3cl/v1-3/labels/ZM1888408_2021-08.tif,3cl/v1-3/images/ZM1888408_2021-08.tif
ZM1467337,,,v1.3.0,2.0,1.0,,31.2365,-14.0975,,0.04169324,ZM,2021,3,test,3cl/v1-3/labels/ZM1467337_2021-08.tif,3cl/v1-3/images/ZM1467337_2021-08.tif
ZM0204088,,,v1.3.0,2.0,1.0,,29.0665,-9.8175,,0.7725805165816326,ZM,2021,3,test,3cl/v1-3/labels/ZM0204088_2021-08.tif,3cl/v1-3/images/ZM0204088_2021-08.tif
ZM2422150,,,v1.3.0,2.0,1.0,,26.0215,-17.2025,,0.3897680165816326,ZM,2021,3,test,3cl/v1-3/labels/ZM2422150_2021-08.tif,3cl/v1-3/images/ZM2422150_2021-08.tif
ZM2445635,,,v1.3.0,2.0,1.0,,26.8865,-17.3275,,0.2972735969387755,ZM,2021,3,test,3cl/v1-3/labels/ZM2445635_2021-08.tif,3cl/v1-3/images/ZM2445635_2021-08.tif
ZM2488825,,,v1.3.0,2.0,1.0,,26.4115,-17.6025,,0.2449976084183673,ZM,2021,3,test,3cl/v1-3/labels/ZM2488825_2021-08.tif,3cl/v1-3/images/ZM2488825_2021-08.tif
ZM2394394,,,v1.3.0,2.0,1.0,,24.9965,-17.0625,,0.5803172831632653,ZM,2021,3,test,3cl/v1-3/labels/ZM2394394_2021-08.tif,3cl/v1-3/images/ZM2394394_2021-08.tif
ZM1578201,,,v1.3.0,2.0,1.0,,24.9215,-14.3625,,0.227539063,ZM,2021,3,test,3cl/v1-3/labels/ZM1578201_2021-08.tif,3cl/v1-3/images/ZM1578201_2021-08.tif
ZM2319007,,,v1.3.0,2.0,1.0,,23.3115,-16.7175,,0.0,ZM,2021,3,test,3cl/v1-3/labels/ZM2319007_2021-08.tif,3cl/v1-3/images/ZM2319007_2021-08.tif
ZM2310176,,,v1.3.0,2.0,1.0,,26.8165,-16.6775,,0.3814971301020408,ZM,2021,3,test,3cl/v1-3/labels/ZM2310176_2021-08.tif,3cl/v1-3/images/ZM2310176_2021-08.tif
ZM1986959,,,v1.3.0,2.0,1.0,,27.7915,-15.5225,,0.0,ZM,2021,3,test,3cl/v1-3/labels/ZM1986959_2021-08.tif,3cl/v1-3/images/ZM1986959_2021-08.tif
ZM2264538,,,v1.3.0,2.0,1.0,,27.5365,-16.4975,,0.5413145727040817,ZM,2021,3,test,3cl/v1-3/labels/ZM2264538_2021-08.tif,3cl/v1-3/images/ZM2264538_2021-08.tif
ZM2361579,,,v1.3.0,2.0,1.0,,26.7665,-16.9025,,0.026985013,ZM,2021,3,test,3cl/v1-3/labels/ZM2361579_2021-08.tif,3cl/v1-3/images/ZM2361579_2021-08.tif
ZM0823003,,,v1.3.0,2.0,1.0,,27.0165,-12.4425,,0.091657366,ZM,2021,3,test,3cl/v1-3/labels/ZM0823003_2021-08.tif,3cl/v1-3/images/ZM0823003_2021-08.tif
ZM1078709,,,v1.3.0,2.0,1.0,,24.7565,-13.1975,,0.010024713,ZM,2021,3,test,3cl/v1-3/labels/ZM1078709_2021-08.tif,3cl/v1-3/images/ZM1078709_2021-08.tif
ZM1489126,,,v1.3.0,2.0,1.0,,31.2665,-14.1475,,0.2330596301020408,ZM,2021,3,test,3cl/v1-3/labels/ZM1489126_2021-08.tif,3cl/v1-3/images/ZM1489126_2021-08.tif
ZM0253611,,,v1.3.0,2.0,1.0,,31.6515,-10.0775,,0.02598852,ZM,2021,3,test,3cl/v1-3/labels/ZM0253611_2021-08.tif,3cl/v1-3/images/ZM0253611_2021-08.tif
ZM2220204,,,v1.3.0,2.0,1.0,,27.1815,-16.3325,,0.7087252869897959,ZM,2021,3,test,3cl/v1-3/labels/ZM2220204_2021-08.tif,3cl/v1-3/images/ZM2220204_2021-08.tif
ZM2211915,,,v1.3.0,2.0,1.0,,26.1565,-16.3025,,0.4025829081632653,ZM,2021,3,test,3cl/v1-3/labels/ZM2211915_2021-08.tif,3cl/v1-3/images/ZM2211915_2021-08.tif
ZM2336168,,,v1.3.0,2.0,1.0,,27.8665,-16.7875,,0.2140664859693877,ZM,2021,3,test,3cl/v1-3/labels/ZM2336168_2021-08.tif,3cl/v1-3/images/ZM2336168_2021-08.tif
ZM2169968,,,v1.3.0,2.0,1.0,,27.5515,-16.1475,,0.0,ZM,2021,3,test,3cl/v1-3/labels/ZM2169968_2021-08.tif,3cl/v1-3/images/ZM2169968_2021-08.tif
ZM0706544,,,v1.3.0,2.0,1.0,,33.0615,-12.0725,,0.2866111288265306,ZM,2021,3,test,3cl/v1-3/labels/ZM0706544_2021-08.tif,3cl/v1-3/images/ZM0706544_2021-08.tif
ZM1712155,,,v1.3.0,2.0,1.0,,28.3815,-14.7075,,0.5927335778061225,ZM,2021,3,test,3cl/v1-3/labels/ZM1712155_2021-08.tif,3cl/v1-3/images/ZM1712155_2021-08.tif
ZM1829067,,,v1.3.0,2.0,1.0,,28.5965,-15.0475,,0.0,ZM,2021,3,test,3cl/v1-3/labels/ZM1829067_2021-08.tif,3cl/v1-3/images/ZM1829067_2021-08.tif
ZM2011173,,,v1.3.0,2.0,1.0,,23.1015,-15.5975,,0.127391582,ZM,2021,3,test,3cl/v1-3/labels/ZM2011173_2021-08.tif,3cl/v1-3/images/ZM2011173_2021-08.tif
ZM0033846,,,v1.3.0,2.0,1.0,,31.2365,-8.7275,,0.2608617665816326,ZM,2021,3,test,3cl/v1-3/labels/ZM0033846_2021-08.tif,3cl/v1-3/images/ZM0033846_2021-08.tif
ZM0618430,,,v1.3.0,2.0,1.0,,27.1065,-11.7825,,0.072704082,ZM,2021,3,test,3cl/v1-3/labels/ZM0618430_2021-08.tif,3cl/v1-3/images/ZM0618430_2021-08.tif
ZM1346434,,,v1.3.0,2.0,1.0,,32.7915,-13.8225,,0.024115115,ZM,2021,3,test,3cl/v1-3/labels/ZM1346434_2021-08.tif,3cl/v1-3/images/ZM1346434_2021-08.tif
ZM2304231,,,v1.3.0,2.0,1.0,,27.4365,-16.6525,,0.099410077,ZM,2021,3,test,3cl/v1-3/labels/ZM2304231_2021-08.tif,3cl/v1-3/images/ZM2304231_2021-08.tif
ZM2476416,,,v1.3.0,2.0,1.0,,26.5065,-17.5025,,0.1269730548469387,ZM,2021,3,test,3cl/v1-3/labels/ZM2476416_2021-08.tif,3cl/v1-3/images/ZM2476416_2021-08.tif
ZM0302432,,,v1.3.0,2.0,1.0,,31.6315,-10.3275,,0.169921875,ZM,2021,3,test,3cl/v1-3/labels/ZM0302432_2021-08.tif,3cl/v1-3/images/ZM0302432_2021-08.tif
ZM0083040,,,v1.3.0,2.0,1.0,,32.1365,-9.1275,,0.2226363201530612,ZM,2021,3,test,3cl/v1-3/labels/ZM0083040_2021-08.tif,3cl/v1-3/images/ZM0083040_2021-08.tif
ZM1236307,,,v1.3.0,2.0,1.0,,32.4615,-13.5675,,0.093331473,ZM,2021,3,test,3cl/v1-3/labels/ZM1236307_2021-08.tif,3cl/v1-3/images/ZM1236307_2021-08.tif
ZM2359748,,,v1.3.0,2.0,1.0,,23.0015,-16.8975,,0.1255779655612245,ZM,2021,3,test,3cl/v1-3/labels/ZM2359748_2021-08.tif,3cl/v1-3/images/ZM2359748_2021-08.tif
ZM2412661,,,v1.3.0,2.0,1.0,,27.0915,-17.1525,,0.040118782,ZM,2021,3,test,3cl/v1-3/labels/ZM2412661_2021-08.tif,3cl/v1-3/images/ZM2412661_2021-08.tif
ZM2491953,,,v1.3.0,2.0,1.0,,25.6415,-17.6375,,0.4110331632653061,ZM,2021,3,test,3cl/v1-3/labels/ZM2491953_2021-08.tif,3cl/v1-3/images/ZM2491953_2021-08.tif
ZM2033581,,,v1.3.0,2.0,1.0,,23.2815,-15.6675,,0.0,ZM,2021,3,test,3cl/v1-3/labels/ZM2033581_2021-08.tif,3cl/v1-3/images/ZM2033581_2021-08.tif
ZM0932456,,,v1.3.0,2.0,1.0,,30.8915,-12.7875,,0.1182039221938775,ZM,2021,3,test,3cl/v1-3/labels/ZM0932456_2021-08.tif,3cl/v1-3/images/ZM0932456_2021-08.tif
ZM2311332,,,v1.3.0,2.0,1.0,,26.5815,-16.6825,,0.6548150510204082,ZM,2021,3,test,3cl/v1-3/labels/ZM2311332_2021-08.tif,3cl/v1-3/images/ZM2311332_2021-08.tif
ZM2419389,,,v1.3.0,2.0,1.0,,26.6265,-17.1875,,0.3755779655612244,ZM,2021,3,test,3cl/v1-3/labels/ZM2419389_2021-08.tif,3cl/v1-3/images/ZM2419389_2021-08.tif
ZM1706637,,,v1.3.0,2.0,1.0,,28.2415,-14.6925,,0.4031210140306122,ZM,2021,3,test,3cl/v1-3/labels/ZM1706637_2021-08.tif,3cl/v1-3/images/ZM1706637_2021-08.tif
ZM0540536,,,v1.3.0,2.0,1.0,,30.7565,-11.4775,,0.1282485650510204,ZM,2021,3,test,3cl/v1-3/labels/ZM0540536_2021-08.tif,3cl/v1-3/images/ZM0540536_2021-08.tif
ZM1488538,,,v1.3.0,2.0,1.0,,28.3265,-14.1475,,0.2194874043367347,ZM,2021,3,test,3cl/v1-3/labels/ZM1488538_2021-08.tif,3cl/v1-3/images/ZM1488538_2021-08.tif
ZM0186374,,,v1.3.0,2.0,1.0,,32.6815,-9.7175,,0.3522999043367347,ZM,2021,3,test,3cl/v1-3/labels/ZM0186374_2021-08.tif,3cl/v1-3/images/ZM0186374_2021-08.tif
ZM2267070,,,v1.3.0,2.0,1.0,,26.8765,-16.5075,,0.052495217,ZM,2021,3,test,3cl/v1-3/labels/ZM2267070_2021-08.tif,3cl/v1-3/images/ZM2267070_2021-08.tif
ZM2275008,,,v1.3.0,2.0,1.0,,26.9565,-16.5375,,0.3662906568877551,ZM,2021,3,test,3cl/v1-3/labels/ZM2275008_2021-08.tif,3cl/v1-3/images/ZM2275008_2021-08.tif
ZM1622949,,,v1.3.0,2.0,1.0,,29.2215,-14.4725,,0.1761001275510204,ZM,2021,3,test,3cl/v1-3/labels/ZM1622949_2021-08.tif,3cl/v1-3/images/ZM1622949_2021-08.tif
ZM2370828,,,v1.3.0,2.0,1.0,,25.1815,-16.9475,,0.0,ZM,2021,3,test,3cl/v1-3/labels/ZM2370828_2021-08.tif,3cl/v1-3/images/ZM2370828_2021-08.tif
ZM1719919,,,v1.3.0,2.0,1.0,,30.8215,-14.7275,,0.1907884247448979,ZM,2021,3,test,3cl/v1-3/labels/ZM1719919_2021-08.tif,3cl/v1-3/images/ZM1719919_2021-08.tif
ZM2288316,,,v1.3.0,2.0,1.0,,22.4915,-16.5925,,0.2371651785714285,ZM,2021,3,test,3cl/v1-3/labels/ZM2288316_2021-08.tif,3cl/v1-3/images/ZM2288316_2021-08.tif
ZM2293344,,,v1.3.0,2.0,1.0,,22.4615,-16.6125,,0.0,ZM,2021,3,test,3cl/v1-3/labels/ZM2293344_2021-08.tif,3cl/v1-3/images/ZM2293344_2021-08.tif
ZM0708692,,,v1.3.0,2.0,1.0,,26.5165,-12.0825,,0.2049186862244898,ZM,2021,3,test,3cl/v1-3/labels/ZM0708692_2021-08.tif,3cl/v1-3/images/ZM0708692_2021-08.tif
ZM0239807,,,v1.3.0,2.0,1.0,,33.1115,-10.0025,,0.032625159,ZM,2021,3,test,3cl/v1-3/labels/ZM0239807_2021-08.tif,3cl/v1-3/images/ZM0239807_2021-08.tif
ZM0541560,,,v1.3.0,2.0,1.0,,29.7265,-11.4825,,0.04952567,ZM,2021,3,test,3cl/v1-3/labels/ZM0541560_2021-08.tif,3cl/v1-3/images/ZM0541560_2021-08.tif
ZM1309629,,,v1.3.0,2.0,1.0,,22.0415,-13.7425,,0.1872409119897959,ZM,2021,3,test,3cl/v1-3/labels/ZM1309629_2021-08.tif,3cl/v1-3/images/ZM1309629_2021-08.tif
ZM0203728,,,v1.3.0,2.0,1.0,,31.9065,-9.8125,,0.1443718112244898,ZM,2021,3,test,3cl/v1-3/labels/ZM0203728_2021-08.tif,3cl/v1-3/images/ZM0203728_2021-08.tif
ZM2145201,,,v1.3.0,2.0,1.0,,27.0365,-16.0575,,0.2023278061224489,ZM,2021,3,test,3cl/v1-3/labels/ZM2145201_2021-08.tif,3cl/v1-3/images/ZM2145201_2021-08.tif
ZM0370649,,,v1.3.0,2.0,1.0,,29.2015,-10.6725,,0.0,ZM,2021,3,test,3cl/v1-3/labels/ZM0370649_2021-08.tif,3cl/v1-3/images/ZM0370649_2021-08.tif
ZM2131550,,,v1.3.0,2.0,1.0,,27.3965,-16.0075,,0.6568080357142857,ZM,2021,3,test,3cl/v1-3/labels/ZM2131550_2021-08.tif,3cl/v1-3/images/ZM2131550_2021-08.tif
ZM1841419,,,v1.3.0,2.0,1.0,,24.5315,-15.0875,,0.044981665,ZM,2021,3,test,3cl/v1-3/labels/ZM1841419_2021-08.tif,3cl/v1-3/images/ZM1841419_2021-08.tif
ZM0867916,,,v1.3.0,2.0,1.0,,26.6015,-12.5825,,0.057178731,ZM,2021,3,test,3cl/v1-3/labels/ZM0867916_2021-08.tif,3cl/v1-3/images/ZM0867916_2021-08.tif
ZM1318274,,,v1.3.0,2.0,1.0,,22.0915,-13.7625,,0.2288145727040816,ZM,2021,3,test,3cl/v1-3/labels/ZM1318274_2021-08.tif,3cl/v1-3/images/ZM1318274_2021-08.tif
ZM1716286,,,v1.3.0,2.0,1.0,,30.8115,-14.7175,,0.298648756,ZM,2021,3,test,3cl/v1-3/labels/ZM1716286_2021-08.tif,3cl/v1-3/images/ZM1716286_2021-08.tif
ZM0192064,,,v1.3.0,2.0,1.0,,28.8015,-9.7525,,0.3879344706632653,ZM,2021,3,test,3cl/v1-3/labels/ZM0192064_2021-08.tif,3cl/v1-3/images/ZM0192064_2021-08.tif
ZM2326909,,,v1.3.0,2.0,1.0,,27.7365,-16.7475,,0.1627272,ZM,2021,3,test,3cl/v1-3/labels/ZM2326909_2021-08.tif,3cl/v1-3/images/ZM2326909_2021-08.tif
ZM1717612,,,v1.3.0,2.0,1.0,,28.3515,-14.7225,,0.4295280612244898,ZM,2021,3,test,3cl/v1-3/labels/ZM1717612_2021-08.tif,3cl/v1-3/images/ZM1717612_2021-08.tif
ZM2349650,,,v1.3.0,2.0,1.0,,27.4315,-16.8475,,0.232063138,ZM,2021,3,test,3cl/v1-3/labels/ZM2349650_2021-08.tif,3cl/v1-3/images/ZM2349650_2021-08.tif
ZM1159197,,,v1.3.0,2.0,1.0,,24.6115,-13.3925,,0.3400031887755102,ZM,2021,3,test,3cl/v1-3/labels/ZM1159197_2021-08.tif,3cl/v1-3/images/ZM1159197_2021-08.tif
ZM2312630,,,v1.3.0,2.0,1.0,,27.0765,-16.6875,,0.5193518813775511,ZM,2021,3,test,3cl/v1-3/labels/ZM2312630_2021-08.tif,3cl/v1-3/images/ZM2312630_2021-08.tif
ZM2423780,,,v1.3.0,2.0,1.0,,24.6515,-17.2125,,0.2700494260204081,ZM,2021,3,test,3cl/v1-3/labels/ZM2423780_2021-08.tif,3cl/v1-3/images/ZM2423780_2021-08.tif
ZM0861772,,,v1.3.0,2.0,1.0,,27.6615,-12.5625,,0.3983777104591837,ZM,2021,3,test,3cl/v1-3/labels/ZM0861772_2021-08.tif,3cl/v1-3/images/ZM0861772_2021-08.tif
ZM2305901,,,v1.3.0,2.0,1.0,,23.5965,-16.6625,,0.2997249681122449,ZM,2021,3,test,3cl/v1-3/labels/ZM2305901_2021-08.tif,3cl/v1-3/images/ZM2305901_2021-08.tif
ZM1164925,,,v1.3.0,2.0,1.0,,32.3615,-13.4025,,0.3066206951530612,ZM,2021,3,test,3cl/v1-3/labels/ZM1164925_2021-08.tif,3cl/v1-3/images/ZM1164925_2021-08.tif
ZM2438023,,,v1.3.0,2.0,1.0,,25.6665,-17.2875,,0.791015625,ZM,2021,3,test,3cl/v1-3/labels/ZM2438023_2021-08.tif,3cl/v1-3/images/ZM2438023_2021-08.tif
ZM2512041,,,v1.3.0,2.0,1.0,,26.7015,-17.9075,,0.2010921556122449,ZM,2021,3,test,3cl/v1-3/labels/ZM2512041_2021-08.tif,3cl/v1-3/images/ZM2512041_2021-08.tif
ZM1023336,,,v1.3.0,2.0,1.0,,30.2315,-13.0575,,0.097496811,ZM,2021,3,test,3cl/v1-3/labels/ZM1023336_2021-08.tif,3cl/v1-3/images/ZM1023336_2021-08.tif
ZM2355411,,,v1.3.0,2.0,1.0,,23.0665,-16.8775,,0.0,ZM,2021,3,test,3cl/v1-3/labels/ZM2355411_2021-08.tif,3cl/v1-3/images/ZM2355411_2021-08.tif
ZM2295370,,,v1.3.0,2.0,1.0,,26.3365,-16.6175,,0.5789221938775511,ZM,2021,3,test,3cl/v1-3/labels/ZM2295370_2021-08.tif,3cl/v1-3/images/ZM2295370_2021-08.tif
ZM2512667,,,v1.3.0,2.0,1.0,,26.5915,-17.9225,,0.0,ZM,2021,3,test,3cl/v1-3/labels/ZM2512667_2021-08.tif,3cl/v1-3/images/ZM2512667_2021-08.tif
ZM0051978,,,v1.3.0,2.0,1.0,,29.1565,-8.8975,,0.2103196747448979,ZM,2021,3,test,3cl/v1-3/labels/ZM0051978_2021-08.tif,3cl/v1-3/images/ZM0051978_2021-08.tif
ZM2347321,,,v1.3.0,2.0,1.0,,26.9715,-16.8375,,0.2296516262755102,ZM,2021,3,test,3cl/v1-3/labels/ZM2347321_2021-08.tif,3cl/v1-3/images/ZM2347321_2021-08.tif
ZM1076233,,,v1.3.0,2.0,1.0,,22.5015,-13.1925,,0.1938775510204081,ZM,2021,3,test,3cl/v1-3/labels/ZM1076233_2021-08.tif,3cl/v1-3/images/ZM1076233_2021-08.tif
ZM1583127,,,v1.3.0,2.0,1.0,,29.3065,-14.3725,,0.2084263392857142,ZM,2021,3,test,3cl/v1-3/labels/ZM1583127_2021-08.tif,3cl/v1-3/images/ZM1583127_2021-08.tif
ZM0196756,,,v1.3.0,2.0,1.0,,29.2415,-9.7775,,0.203563457,ZM,2021,3,test,3cl/v1-3/labels/ZM0196756_2021-08.tif,3cl/v1-3/images/ZM0196756_2021-08.tif
ZM0322087,,,v1.3.0,2.0,1.0,,31.2465,-10.4275,,0.2346739477040816,ZM,2021,3,test,3cl/v1-3/labels/ZM0322087_2021-08.tif,3cl/v1-3/images/ZM0322087_2021-08.tif
ZM2403302,,,v1.3.0,2.0,1.0,,24.5565,-17.1075,,0.7527702487244898,ZM,2021,3,test,3cl/v1-3/labels/ZM2403302_2021-08.tif,3cl/v1-3/images/ZM2403302_2021-08.tif
ZM2412439,,,v1.3.0,2.0,1.0,,25.9815,-17.1525,,0.8680245535714286,ZM,2021,3,test,3cl/v1-3/labels/ZM2412439_2021-08.tif,3cl/v1-3/images/ZM2412439_2021-08.tif
ZM1634599,,,v1.3.0,2.0,1.0,,28.7215,-14.5025,,0.7062340561224489,ZM,2021,3,test,3cl/v1-3/labels/ZM1634599_2021-08.tif,3cl/v1-3/images/ZM1634599_2021-08.tif
ZM2417497,,,v1.3.0,2.0,1.0,,26.8615,-17.1775,,0.1846898915816326,ZM,2021,3,test,3cl/v1-3/labels/ZM2417497_2021-08.tif,3cl/v1-3/images/ZM2417497_2021-08.tif
ZM1921657,,,v1.3.0,2.0,1.0,,28.4715,-15.3275,,0.0,ZM,2021,3,test,3cl/v1-3/labels/ZM1921657_2021-08.tif,3cl/v1-3/images/ZM1921657_2021-08.tif
ZM1975354,,,v1.3.0,2.0,1.0,,28.5065,-15.4875,,0.1591198979591837,ZM,2021,3,test,3cl/v1-3/labels/ZM1975354_2021-08.tif,3cl/v1-3/images/ZM1975354_2021-08.tif
ZM1634645,,,v1.3.0,2.0,1.0,,28.9515,-14.5025,,0.5068558673469388,ZM,2021,3,test,3cl/v1-3/labels/ZM1634645_2021-08.tif,3cl/v1-3/images/ZM1634645_2021-08.tif
ZM2498682,,,v1.3.0,2.0,1.0,,26.9465,-17.7125,,0.004384566,ZM,2021,3,test,3cl/v1-3/labels/ZM2498682_2021-08.tif,3cl/v1-3/images/ZM2498682_2021-08.tif
ZM0402937,,,v1.3.0,2.0,1.0,,33.1715,-10.8325,,0.1135004783163265,ZM,2021,3,test,3cl/v1-3/labels/ZM0402937_2021-08.tif,3cl/v1-3/images/ZM0402937_2021-08.tif
ZM2096868,,,v1.3.0,2.0,1.0,,28.0715,-15.8825,,0.0,ZM,2021,3,test,3cl/v1-3/labels/ZM2096868_2021-08.tif,3cl/v1-3/images/ZM2096868_2021-08.tif
ZM1935028,,,v1.3.0,2.0,1.0,,28.2965,-15.3675,,0.0,ZM,2021,3,test,3cl/v1-3/labels/ZM1935028_2021-08.tif,3cl/v1-3/images/ZM1935028_2021-08.tif
ZM1933346,,,v1.3.0,2.0,1.0,,28.2715,-15.3625,,0.0,ZM,2021,3,test,3cl/v1-3/labels/ZM1933346_2021-08.tif,3cl/v1-3/images/ZM1933346_2021-08.tif
ZM1702968,,,v1.3.0,2.0,1.0,,28.2715,-14.6825,,0.6159518494897959,ZM,2021,3,test,3cl/v1-3/labels/ZM1702968_2021-08.tif,3cl/v1-3/images/ZM1702968_2021-08.tif
ZM2304141,,,v1.3.0,2.0,1.0,,26.9865,-16.6525,,0.0,ZM,2021,3,test,3cl/v1-3/labels/ZM2304141_2021-08.tif,3cl/v1-3/images/ZM2304141_2021-08.tif
ZM1858604,,,v1.3.0,2.0,1.0,,28.1415,-15.1375,,0.224250638,ZM,2021,3,test,3cl/v1-3/labels/ZM1858604_2021-08.tif,3cl/v1-3/images/ZM1858604_2021-08.tif
ZM1398904,3917.0,2,v2.0.0,,,0.8117408906882592,32.6565,-13.9425,0.6486811573869486,0.6202965561224489,ZM,2019,3,test,3cl/v2-0-0/labels/ZM1398904_3917_2019-08.tif,3cl/v2-0-0/images/ZM1398904_2019-08.tif
ZM2206781,35482.0,2,v2.0.0,,,0.825,27.5215,-16.2825,0.9395844238468226,0.5771882971938775,ZM,2017,3,test,3cl/v2-0-0/labels/ZM2206781_35482_2017-08.tif,3cl/v2-0-0/images/ZM2206781_2017-08.tif
ZM2244708,33101.0,4,v2.0.0,,,0.825,28.7015,-16.4225,0.370016772,0.5370495854591837,ZM,2020,3,test,3cl/v2-0-0/labels/ZM2244708_33101_2020-07.tif,3cl/v2-0-0/images/ZM2244708_2020-07.tif
ZM1363050,31541.0,2,v2.0.0,,,0.825,28.6315,-13.8625,0.563720333,0.6393295599489796,ZM,2018,3,test,3cl/v2-0-0/labels/ZM1363050_31541_2018-08.tif,3cl/v2-0-0/images/ZM1363050_2018-08.tif
ZM1525127,35774.0,2,v2.0.0,,,0.8707482993197279,29.4065,-14.2325,3.6076953887882977,0.6558713329081632,ZM,2018,3,test,3cl/v2-0-0/labels/ZM1525127_35774_2018-08.tif,3cl/v2-0-0/images/ZM1525127_2018-08.tif
ZM1637005,26473.0,2,v2.0.0,,,0.8303108808290155,31.0365,-14.5075,0.7399084846416488,0.1143773915816326,ZM,2022,3,test,3cl/v2-0-0/labels/ZM1637005_26473_2022-09.tif,3cl/v2-0-0/images/ZM1637005_2022-09.tif
ZM1380433,34135.0,2,v2.0.0,,,0.8707482993197279,28.0015,-13.9025,2.698527677696056,0.8975207270408163,ZM,2023,3,test,3cl/v2-0-0/labels/ZM1380433_34135_2023-06.tif,3cl/v2-0-0/images/ZM1380433_2023-06.tif
ZM1522783,38043.0,2,v2.0.0,,,0.8707482993197279,28.2765,-14.2275,1.382274326,0.8856026785714286,ZM,2020,3,test,3cl/v2-0-0/labels/ZM1522783_38043_2020-07.tif,3cl/v2-0-0/images/ZM1522783_2020-07.tif
ZM1807355,34708.0,2,v2.0.0,,,0.8356164383561644,27.1515,-14.9825,2.698268470450872,0.6274713010204082,ZM,2018,3,test,3cl/v2-0-0/labels/ZM1807355_34708_2018-08.tif,3cl/v2-0-0/images/ZM1807355_2018-08.tif
ZM2397788,40032.0,1d,v2.0.0,,,0.8043478260869565,26.9015,-17.0775,2.3964299091969923,0.5607063137755102,ZM,2020,3,test,3cl/v2-0-0/labels/ZM2397788_40032_2020-07.tif,3cl/v2-0-0/images/ZM2397788_2020-07.tif
ZM1697988,6052.0,2,v2.0.0,,,0.8356164383561644,31.0565,-14.6675,1.1394946905216992,0.9771404655612244,ZM,2021,3,test,3cl/v2-0-0/labels/ZM1697988_6052_2021-09.tif,3cl/v2-0-0/images/ZM1697988_2021-09.tif
ZM1339723,26424.0,2,v2.0.0,,,0.8117408906882592,31.9165,-13.8075,0.7644838318350957,0.4975286989795918,ZM,2021,3,test,3cl/v2-0-0/labels/ZM1339723_26424_2021-01.tif,3cl/v2-0-0/images/ZM1339723_2021-01.tif
ZM1613524,6050.0,2,v2.0.0,,,0.825,31.4215,-14.4475,1.1763516880385112,0.3285833864795918,ZM,2017,3,test,3cl/v2-0-0/labels/ZM1613524_6050_2017-08.tif,3cl/v2-0-0/images/ZM1613524_2017-08.tif
ZM2413565,13680.0,2,v2.0.0,,,0.8356164383561644,26.7215,-17.1575,0.2991727441158145,0.009964923,ZM,2021,3,test,3cl/v2-0-0/labels/ZM2413565_13680_2021-06.tif,3cl/v2-0-0/images/ZM2413565_2021-06.tif
ZM2173854,9262.0,2,v2.0.0,,,0.8356164383561644,26.4465,-16.1625,1.781869229159598,0.4524872448979591,ZM,2022,3,test,3cl/v2-0-0/labels/ZM2173854_9262_2022-06.tif,3cl/v2-0-0/images/ZM2173854_2022-06.tif
ZM1075580,19730.0,2,v2.0.0,,,0.8356164383561644,30.2465,-13.1875,1.167944185389101,0.1389708227040816,ZM,2019,3,test,3cl/v2-0-0/labels/ZM1075580_19730_2019-02.tif,3cl/v2-0-0/images/ZM1075580_2019-02.tif
ZM1203859,19731.0,2,v2.0.0,,,0.8356164383561644,32.5465,-13.4925,0.6030437207097321,0.3822743941326531,ZM,2018,3,test,3cl/v2-0-0/labels/ZM1203859_19731_2018-08.tif,3cl/v2-0-0/images/ZM1203859_2018-08.tif
ZM1328283,36140.0,2,v2.0.0,,,0.8707482993197279,28.9965,-13.7825,1.0503102116550722,0.4093989158163265,ZM,2019,3,test,3cl/v2-0-0/labels/ZM1328283_36140_2019-08.tif,3cl/v2-0-0/images/ZM1328283_2019-08.tif
ZM0319576,27990.0,2,v2.0.0,,,0.8356164383561644,33.5115,-10.4125,0.7382571175063302,0.3959462691326531,ZM,2023,3,test,3cl/v2-0-0/labels/ZM0319576_27990_2023-09.tif,3cl/v2-0-0/images/ZM0319576_2023-09.tif
ZM1416389,9241.0,2,v2.0.0,,,0.8303108808290155,31.3915,-13.9825,0.548290636,0.2629743303571428,ZM,2021,3,test,3cl/v2-0-0/labels/ZM1416389_9241_2021-01.tif,3cl/v2-0-0/images/ZM1416389_2021-01.tif
ZM2437293,19752.0,2,v2.0.0,,,0.8356164383561644,26.6415,-17.2825,0.8495696834218107,0.051977041,ZM,2018,3,test,3cl/v2-0-0/labels/ZM2437293_19752_2018-08.tif,3cl/v2-0-0/images/ZM2437293_2018-08.tif
ZM1603032,2127.0,2,v2.0.0,,,0.8303108808290155,28.5365,-14.4225,0.4827136117515195,0.306461256,ZM,2019,3,test,3cl/v2-0-0/labels/ZM1603032_2127_2019-08.tif,3cl/v2-0-0/images/ZM1603032_2019-08.tif
ZM2250940,37879.0,2,v2.0.0,,,0.8117408906882592,26.3965,-16.4475,0.992175879,0.2145846619897959,ZM,2017,3,test,3cl/v2-0-0/labels/ZM2250940_37879_2017-08.tif,3cl/v2-0-0/images/ZM2250940_2017-08.tif
ZM1771834,1406.0,2,v2.0.0,,,0.8117408906882592,26.8215,-14.8775,0.0,0.0,ZM,2019,3,test,3cl/v2-0-0/labels/ZM1771834_1406_2019-08.tif,3cl/v2-0-0/images/ZM1771834_2019-08.tif
ZM0672940,33611.0,2,v2.0.0,,,0.825,33.1565,-11.9675,0.5685628246103458,0.8232222576530612,ZM,2018,3,test,3cl/v2-0-0/labels/ZM0672940_33611_2018-08.tif,3cl/v2-0-0/images/ZM0672940_2018-08.tif
ZM0815882,6035.0,2,v2.0.0,,,0.8707482993197279,33.2365,-12.4175,1.0450741533620955,0.5536910076530612,ZM,2022,3,test,3cl/v2-0-0/labels/ZM0815882_6035_2022-09.tif,3cl/v2-0-0/images/ZM0815882_2022-09.tif
ZM1865259,33078.0,4,v2.0.0,,,0.8707482993197279,28.4465,-15.1575,14.072309034889935,0.3597337372448979,ZM,2019,3,test,3cl/v2-0-0/labels/ZM1865259_33078_2019-08.tif,3cl/v2-0-0/images/ZM1865259_2019-08.tif
ZM1524230,30148.0,2,v2.0.0,,,0.8303108808290155,24.9215,-14.2325,0.4222108504557699,0.5537707270408163,ZM,2021,3,test,3cl/v2-0-0/labels/ZM1524230_30148_2021-06.tif,3cl/v2-0-0/images/ZM1524230_2021-06.tif
ZM1650044,1331.0,2,v2.0.0,,,0.8303108808290155,28.6015,-14.5425,0.73306834,0.3325892857142857,ZM,2017,3,test,3cl/v2-0-0/labels/ZM1650044_1331_2017-08.tif,3cl/v2-0-0/images/ZM1650044_2017-08.tif
ZM1141873,9235.0,2,v2.0.0,,,0.8117408906882592,32.7215,-13.3475,0.6985057368353367,0.9320392219387756,ZM,2021,3,test,3cl/v2-0-0/labels/ZM1141873_9235_2021-07.tif,3cl/v2-0-0/images/ZM1141873_2021-07.tif
ZM2458246,37896.0,2,v2.0.0,,,0.825,26.4315,-17.3975,1.038734070561082,0.6764588647959183,ZM,2023,3,test,3cl/v2-0-0/labels/ZM2458246_37896_2023-06.tif,3cl/v2-0-0/images/ZM2458246_2023-06.tif
ZM1529341,30641.0,2,v2.0.0,,,0.8356164383561644,29.3315,-14.2425,0.5986087591630542,0.3454838966836734,ZM,2022,3,test,3cl/v2-0-0/labels/ZM1529341_30641_2022-06.tif,3cl/v2-0-0/images/ZM1529341_2022-06.tif
ZM1379061,15713.0,2,v2.0.0,,,0.8707482993197279,32.0965,-13.8975,0.9710695471256668,0.6024992028061225,ZM,2020,3,test,3cl/v2-0-0/labels/ZM1379061_15713_2020-09.tif,3cl/v2-0-0/images/ZM1379061_2020-09.tif
ZM1812357,28012.0,2,v2.0.0,,,0.8356164383561644,27.3665,-14.9975,2.1806860529077787,0.5493064413265306,ZM,2021,3,test,3cl/v2-0-0/labels/ZM1812357_28012_2021-06.tif,3cl/v2-0-0/images/ZM1812357_2021-06.tif
ZM1875519,18642.0,2,v2.0.0,,,0.8043478260869565,30.2165,-15.1875,1.1357882929435932,0.1440728635204081,ZM,2020,3,test,3cl/v2-0-0/labels/ZM1875519_18642_2020-09.tif,3cl/v2-0-0/images/ZM1875519_2020-09.tif
ZM1381330,36427.0,2,v2.0.0,,,0.8303108808290155,32.4865,-13.9025,0.5731013131089344,0.7904575892857143,ZM,2021,3,test,3cl/v2-0-0/labels/ZM1381330_36427_2021-09.tif,3cl/v2-0-0/images/ZM1381330_2021-09.tif
ZM1688640,35514.0,2,v2.0.0,,,0.8356164383561644,30.9315,-14.6425,1.0512465931167778,0.6710578762755102,ZM,2021,3,test,3cl/v2-0-0/labels/ZM1688640_35514_2021-09.tif,3cl/v2-0-0/images/ZM1688640_2021-09.tif
ZM1718115,20579.0,2,v2.0.0,,,0.8356164383561644,30.8665,-14.7225,1.006167730561041,0.7499202806122449,ZM,2021,3,test,3cl/v2-0-0/labels/ZM1718115_20579_2021-09.tif,3cl/v2-0-0/images/ZM1718115_2021-09.tif
ZM2412656,4975.0,2,v2.0.0,,,0.825,27.0665,-17.1525,0.6007331059258377,0.5621213329081632,ZM,2022,3,test,3cl/v2-0-0/labels/ZM2412656_4975_2022-06.tif,3cl/v2-0-0/images/ZM2412656_2022-06.tif
ZM1376168,2118.0,2,v2.0.0,,,0.8303108808290155,28.5815,-13.8925,0.5201572156052676,0.5133729272959183,ZM,2018,3,test,3cl/v2-0-0/labels/ZM1376168_2118_2018-08.tif,3cl/v2-0-0/images/ZM1376168_2018-08.tif
ZM1771826,9251.0,2,v2.0.0,,,0.8117408906882592,26.7815,-14.8775,0.651516423,0.5577766262755102,ZM,2020,3,test,3cl/v2-0-0/labels/ZM1771826_9251_2020-07.tif,3cl/v2-0-0/images/ZM1771826_2020-07.tif
ZM0712559,34609.0,2,v2.0.0,,,0.825,31.1915,-12.0925,1.0411067240497816,0.4089205994897959,ZM,2023,3,test,3cl/v2-0-0/labels/ZM0712559_34609_2023-07.tif,3cl/v2-0-0/images/ZM0712559_2023-07.tif
ZM2225611,6060.0,2,v2.0.0,,,0.8356164383561644,27.2815,-16.3525,2.110713093391969,0.2853954081632653,ZM,2021,3,test,3cl/v2-0-0/labels/ZM2225611_6060_2021-06.tif,3cl/v2-0-0/images/ZM2225611_2021-06.tif
ZM2280164,21079.0,2,v2.0.0,,,0.8356164383561644,26.5565,-16.5575,0.593500216,0.7723014987244898,ZM,2019,3,test,3cl/v2-0-0/labels/ZM2280164_21079_2019-08.tif,3cl/v2-0-0/images/ZM2280164_2019-08.tif
ZM1061333,35553.0,2,v2.0.0,,,0.8043478260869565,28.7715,-13.1525,3.7313719456408174,0.2703683035714285,ZM,2017,3,test,3cl/v2-0-0/labels/ZM1061333_35553_2017-08.tif,3cl/v2-0-0/images/ZM1061333_2017-08.tif
ZM2319591,33106.0,4,v2.0.0,,,0.825,26.2315,-16.7175,0.6402671012739444,0.5084901147959183,ZM,2022,3,test,3cl/v2-0-0/labels/ZM2319591_33106_2022-06.tif,3cl/v2-0-0/images/ZM2319591_2022-06.tif
ZM1380562,36273.0,2,v2.0.0,,,0.8117408906882592,28.6465,-13.9025,0.7160799580661154,0.7876275510204082,ZM,2018,3,test,3cl/v2-0-0/labels/ZM1380562_36273_2018-08.tif,3cl/v2-0-0/images/ZM1380562_2018-08.tif
ZM1711489,13671.0,2,v2.0.0,,,0.8356164383561644,25.0515,-14.7075,0.3201708745672678,0.01694037,ZM,2021,3,test,3cl/v2-0-0/labels/ZM1711489_13671_2021-06.tif,3cl/v2-0-0/images/ZM1711489_2021-06.tif
ZM2364894,26537.0,2,v2.0.0,,,0.8303108808290155,27.2615,-16.9175,0.452681654,0.2944236288265306,ZM,2017,3,test,3cl/v2-0-0/labels/ZM2364894_26537_2017-08.tif,3cl/v2-0-0/images/ZM2364894_2017-08.tif
ZM0991493,19005.0,2,v2.0.0,,,0.8117408906882592,32.9165,-12.9725,0.8138973356537725,0.6500916772959183,ZM,2019,3,test,3cl/v2-0-0/labels/ZM0991493_19005_2019-08.tif,3cl/v2-0-0/images/ZM0991493_2019-08.tif
ZM1880148,14713.0,2,v2.0.0,,,0.825,28.5715,-15.2025,0.4652709578213094,0.6363201530612245,ZM,2021,3,test,3cl/v2-0-0/labels/ZM1880148_14713_2021-06.tif,3cl/v2-0-0/images/ZM1880148_2021-06.tif
ZM2281488,26533.0,2,v2.0.0,,,0.8303108808290155,26.6865,-16.5625,0.6989679743501542,0.1187220982142857,ZM,2019,3,test,3cl/v2-0-0/labels/ZM2281488_26533_2019-08.tif,3cl/v2-0-0/images/ZM2281488_2019-08.tif
ZM1311683,32926.0,4,v2.0.0,,,0.8707482993197279,32.3115,-13.7425,0.8471748914817439,0.8454440369897959,ZM,2022,3,test,3cl/v2-0-0/labels/ZM1311683_32926_2022-01.tif,3cl/v2-0-0/images/ZM1311683_2022-01.tif
ZM1486471,6049.0,2,v2.0.0,,,0.825,28.8165,-14.1425,1.377914829835459,0.6941366390306123,ZM,2021,3,test,3cl/v2-0-0/labels/ZM1486471_6049_2021-06.tif,3cl/v2-0-0/images/ZM1486471_2021-06.tif
ZM1005838,35397.0,2,v2.0.0,,,0.8043478260869565,32.9765,-13.0125,1.5124097451582537,0.6714166135204082,ZM,2023,3,test,3cl/v2-0-0/labels/ZM1005838_35397_2023-09.tif,3cl/v2-0-0/images/ZM1005838_2023-09.tif
ZM1697557,35943.0,2,v2.0.0,,,0.8356164383561644,28.9015,-14.6675,1.7380651917157453,0.411750638,ZM,2023,3,test,3cl/v2-0-0/labels/ZM1697557_35943_2023-06.tif,3cl/v2-0-0/images/ZM1697557_2023-06.tif
ZM1402682,11386.0,2,v2.0.0,,,0.8043478260869565,29.4565,-13.9525,2.149548013150178,0.6463050063775511,ZM,2020,3,test,3cl/v2-0-0/labels/ZM1402682_11386_2020-07.tif,3cl/v2-0-0/images/ZM1402682_2020-07.tif
ZM1534097,35183.0,2,v2.0.0,,,0.8707482993197279,32.0165,-14.2525,1.8555096183669697,0.9119698660714286,ZM,2023,3,test,3cl/v2-0-0/labels/ZM1534097_35183_2023-09.tif,3cl/v2-0-0/images/ZM1534097_2023-09.tif
ZM1737336,8154.0,2,v2.0.0,,,0.8117408906882592,28.3715,-14.7775,0.6283232341550772,0.8751992984693877,ZM,2017,3,test,3cl/v2-0-0/labels/ZM1737336_8154_2017-08.tif,3cl/v2-0-0/images/ZM1737336_2017-08.tif
ZM1644831,10326.0,2,v2.0.0,,,0.8356164383561644,31.4615,-14.5275,0.5396248708223691,0.2085259885204081,ZM,2018,3,test,3cl/v2-0-0/labels/ZM1644831_10326_2018-08.tif,3cl/v2-0-0/images/ZM1644831_2018-08.tif
ZM1827161,13673.0,2,v2.0.0,,,0.8356164383561644,27.3015,-15.0425,0.4631940457948868,0.3431919642857143,ZM,2019,3,test,3cl/v2-0-0/labels/ZM1827161_13673_2019-08.tif,3cl/v2-0-0/images/ZM1827161_2019-08.tif
ZM1983686,26509.0,2,v2.0.0,,,0.8117408906882592,28.1965,-15.5125,0.0,0.0,ZM,2018,3,test,3cl/v2-0-0/labels/ZM1983686_26509_2018-08.tif,3cl/v2-0-0/images/ZM1983686_2018-08.tif
ZM1750703,9250.0,2,v2.0.0,,,0.8117408906882592,24.9415,-14.8175,0.0,0.0,ZM,2022,3,test,3cl/v2-0-0/labels/ZM1750703_9250_2022-06.tif,3cl/v2-0-0/images/ZM1750703_2022-06.tif
ZM2289147,6062.0,2,v2.0.0,,,0.825,26.6465,-16.5925,1.9969816229836723,0.7218391262755102,ZM,2017,3,test,3cl/v2-0-0/labels/ZM2289147_6062_2017-08.tif,3cl/v2-0-0/images/ZM2289147_2017-08.tif
ZM1222587,33637.0,2,v2.0.0,,,0.825,28.5915,-13.5375,0.5372188006406706,0.4520487882653061,ZM,2023,3,test,3cl/v2-0-0/labels/ZM1222587_33637_2023-06.tif,3cl/v2-0-0/images/ZM1222587_2023-06.tif
ZM1581389,14706.0,2,v2.0.0,,,0.825,30.7315,-14.3675,0.6674240186418313,0.098034917,ZM,2021,3,test,3cl/v2-0-0/labels/ZM1581389_14706_2021-01.tif,3cl/v2-0-0/images/ZM1581389_2021-01.tif
ZM2052095,29283.0,2,v2.0.0,,,0.8043478260869565,26.7415,-15.7275,1.3012778400846436,0.3137157206632653,ZM,2023,3,test,3cl/v2-0-0/labels/ZM2052095_29283_2023-06.tif,3cl/v2-0-0/images/ZM2052095_2023-06.tif
ZM2119042,12610.0,2,v2.0.0,,,0.8356164383561644,26.8715,-15.9625,0.8484409967998935,0.1395089285714285,ZM,2020,3,test,3cl/v2-0-0/labels/ZM2119042_12610_2020-07.tif,3cl/v2-0-0/images/ZM2119042_2020-07.tif
ZM1234167,32912.0,4,v2.0.0,,,0.8707482993197279,32.5215,-13.5625,0.9816350622326964,0.3013392857142857,ZM,2020,3,test,3cl/v2-0-0/labels/ZM1234167_32912_2020-07.tif,3cl/v2-0-0/images/ZM1234167_2020-07.tif
ZM0814280,36703.0,2,v2.0.0,,,0.825,33.3415,-12.4125,0.7565456116568064,0.238899075,ZM,2023,3,test,3cl/v2-0-0/labels/ZM0814280_36703_2023-09.tif,3cl/v2-0-0/images/ZM0814280_2023-09.tif
ZM1622531,14708.0,2,v2.0.0,,,0.825,27.1315,-14.4725,1.5382055751455224,0.6873206313775511,ZM,2022,3,test,3cl/v2-0-0/labels/ZM1622531_14708_2022-06.tif,3cl/v2-0-0/images/ZM1622531_2022-06.tif
ZM2167021,10335.0,2,v2.0.0,,,0.8356164383561644,26.5215,-16.1375,0.87744942,0.4604791135204081,ZM,2019,3,test,3cl/v2-0-0/labels/ZM2167021_10335_2019-08.tif,3cl/v2-0-0/images/ZM2167021_2019-08.tif
ZM2161980,1417.0,2,v2.0.0,,,0.8117408906882592,28.7515,-16.1175,0.7128657555341713,0.9388751594387756,ZM,2019,3,test,3cl/v2-0-0/labels/ZM2161980_1417_2019-08.tif,3cl/v2-0-0/images/ZM2161980_2019-08.tif
ZM1939781,12609.0,2,v2.0.0,,,0.8356164383561644,26.9015,-15.3825,0.879589226,0.7403539540816326,ZM,2017,3,test,3cl/v2-0-0/labels/ZM1939781_12609_2017-08.tif,3cl/v2-0-0/images/ZM1939781_2017-08.tif
ZM2399804,13679.0,2,v2.0.0,,,0.8356164383561644,26.9715,-17.0875,1.306215328448873,0.3176219706632653,ZM,2020,3,test,3cl/v2-0-0/labels/ZM2399804_13679_2020-07.tif,3cl/v2-0-0/images/ZM2399804_2020-07.tif
ZM0045680,38759.0,2,v2.0.0,,,0.8117408906882592,31.3365,-8.8375,0.5826620294222136,0.328304369,ZM,2022,3,test,3cl/v2-0-0/labels/ZM0045680_38759_2022-10.tif,3cl/v2-0-0/images/ZM0045680_2022-10.tif
ZM1070699,19729.0,2,v2.0.0,,,0.8356164383561644,25.1765,-13.1775,1.9917534,0.1946747448979592,ZM,2021,3,test,3cl/v2-0-0/labels/ZM1070699_19729_2021-06.tif,3cl/v2-0-0/images/ZM1070699_2021-06.tif
ZM1023171,13660.0,2,v2.0.0,,,0.8356164383561644,28.4365,-13.0575,0.2925724151802156,0.1007852359693877,ZM,2019,3,test,3cl/v2-0-0/labels/ZM1023171_13660_2019-08.tif,3cl/v2-0-0/images/ZM1023171_2019-08.tif
ZM1318175,39589.0,1d,v2.0.0,,,0.8117408906882592,32.3815,-13.7575,1.1559115589624152,0.9970902423469388,ZM,2022,3,test,3cl/v2-0-0/labels/ZM1318175_39589_2022-07.tif,3cl/v2-0-0/images/ZM1318175_2022-07.tif
ZM0825413,2105.0,2,v2.0.0,,,0.8303108808290155,32.3015,-12.4475,0.1757851786234828,0.084402902,ZM,2018,3,test,3cl/v2-0-0/labels/ZM0825413_2105_2018-08.tif,3cl/v2-0-0/images/ZM0825413_2018-08.tif
ZM0976281,36508.0,2,v2.0.0,,,0.8303108808290155,27.5915,-12.9275,0.425508691,0.3044682716836734,ZM,2023,3,test,3cl/v2-0-0/labels/ZM0976281_36508_2023-06.tif,3cl/v2-0-0/images/ZM0976281_2023-06.tif
ZM1418910,3791.0,2,v2.0.0,,,0.8117408906882592,32.8765,-13.9875,0.5071547870191013,0.4577885841836734,ZM,2020,3,test,3cl/v2-0-0/labels/ZM1418910_3791_2020-09.tif,3cl/v2-0-0/images/ZM1418910_2020-09.tif
ZM1721341,19745.0,2,v2.0.0,,,0.8356164383561644,28.8815,-14.7325,2.193303317767432,0.917251276,ZM,2019,3,test,3cl/v2-0-0/labels/ZM1721341_19745_2019-08.tif,3cl/v2-0-0/images/ZM1721341_2019-08.tif
ZM1728432,14711.0,2,v2.0.0,,,0.825,28.3665,-14.7525,0.7010099348653502,0.422492825,ZM,2021,3,test,3cl/v2-0-0/labels/ZM1728432_14711_2021-06.tif,3cl/v2-0-0/images/ZM1728432_2021-06.tif
